# Cover-only title/region/serial index, derived from Libretro/Redump.
# License: CC BY-SA 4.0. See ps1-cover-titles-NOTICE.txt.
# Source commit: d5bae90b22018ce3c9c5a8eff4141a4768c8dd5f
'98 Koushien - Koukou Yakyuu Simulation (Japan)	Japan	SLPS-01204
'99 Koushien (Japan)	Japan	SLPS-02110
'Butagee' de Iinja Nai (Japan)	Japan	SLPS-01169
0 kara no Mahjong - Mahjong Youchien Tamago-gumi (Japan)	Japan	SLPS-01311
0 kara no Mahjong - Mahjong Youchien Tamago-gumi (Japan)	Japan	SLPS-02546
0 kara no Shougi - Shougi Youchien Ayumi-gumi (Japan)	Japan	SLPS-01986
0 kara no Shougi - Shougi Youchien Ayumi-gumi (Japan)	Japan	SLPS-02920
007 - Demain ne Meurt Jamais (France)	France	SLES-02375
007 - Der Morgen Stirbt Nie (Germany)	Germany	SLES-02376
007 - Die Welt Ist Nicht Genug (Germany)	Germany	SLES-03136
007 - Le Monde ne Suffit Pas (France)	France	SLES-03135
007 - The World Is Not Enough (Europe)	Europe	SLES-03134
007 - The World Is Not Enough (Sweden)	Sweden	SLES-03138
007 - The World Is Not Enough (USA)	USA	SLUS-01272
007 - Tomorrow Never Dies (Europe)	Europe	SLES-01324
007 - Tomorrow Never Dies (Japan)	Japan	SLPS-02604
007 - Tomorrow Never Dies (USA)	USA	SLUS-00975
007 Racing (Europe)	Europe	SLES-03355
007 Racing (France)	France	SLES-03356
007 Racing (Germany)	Germany	SLES-03357
007 Racing (USA)	USA	SLUS-01300
1 on 1 (Japan)	Japan	SLPS-01706
1 on 1 (Japan)	Japan	SLPS-02298
100 Man Yen Quiz Hunter (Japan)	Japan	SLPS-01730
100% Star (Europe)	Europe	SLES-03784
100% Star (France)	France	SLES-03658
10101 - Will the Starship (Japan)	Japan	SLPS-01054
10th Anniversary Memorial Save Data (Japan) (Disc 1) (PlayStation Taiou)	Japan	SLPM-80643
19-ji 03-pun - Ueno-hatsu Yakou Ressha (Japan)	Japan	SLPS-01865
1Xtreme (USA)	USA	SCUS-94503
20-seiki Striker Retsuden - The 20th Century's Real Strikers (Japan)	Japan	SLPS-02348
20-seiki Striker Retsuden - The 20th Century's Real Strikers (Japan)	Japan	SLPS-02857
20-seiki Striker Retsuden - The 20th Century's Real Strikers (Japan)	Japan	SLPS-91416
2002 FIFA World Cup (Europe) (En,Sv)	Europe	SLES-03830
2002 FIFA World Cup (France)	France	SLES-03831
2002 FIFA World Cup (Germany)	Germany	SLES-03832
2002 FIFA World Cup (Italy)	Italy	SLES-03833
2002 FIFA World Cup (Spain)	Spain	SLES-03834
2002 FIFA World Cup (USA) (En,Es)	USA	SLUS-01449
2Xtreme (Europe)	Europe	SCES-00400
2Xtreme (USA)	USA	SCUS-94508
3, 2, 1, Smurf! My First Racing Game (Europe) (En,Fr,De,Es,It,Nl)	Europe	SLES-03120
360 Three Sixty (Europe) (En,Fr,De,Es,It,Sv)	Europe	SLES-02089
3D Baseball (USA)	USA	SLUS-00066
3D Baseball - The Majors (Japan)	Japan	SLPS-00693
3D Kakutou Tkool (Japan)	Japan	SLPS-01434
3D Lemmings (Europe)	Europe	SCES-00009
3D Lemmings (Japan)	Japan	SIPS-60002
3D Lemmings (USA)	USA	SCUS-94601
3D Mission Shooting - Finalist (Japan)	Japan	SLPS-00461
3D Shooting Tkool (Japan)	Japan	SLPS-00654
3D-Kaleidoscope - Baby Universe (Japan)	Japan	SCPS-18006
3Xtreme (USA)	USA	SCUS-94231
3x3 Eyes - Kyuusei Koushu (Japan) (Disc 1)	Japan	SLPS-00071
3x3 Eyes - Kyuusei Koushu (Japan) (Disc 2)	Japan	SLPS-00072
3x3 Eyes - Tenrin'ou Genmu (Japan) (Disc 1)	Japan	SLPS-01497
3x3 Eyes - Tenrin'ou Genmu (Japan) (Disc 2)	Japan	SLPS-01498
3x3 Eyes - Tenrin'ou Genmu (Japan) (Disc 3)	Japan	SLPS-01499
4-4-2 Soccer (Europe) (En,Fr,De,Es)	Europe	SLES-00095
40 Winks (Europe)	Europe	SLES-01937
40 Winks (Italy)	Italy	SLES-01940
40 Winks (Spain)	Spain	SLES-01941
40 Winks (USA)	USA	SLUS-00874
4x4 World Trophy (Europe) (En,Fr,De,Es,It)	Europe	SLES-02017
5 Star Racing (Europe)	Europe	SLES-04064
50 por 15 - Quiere Ser Millonario (Spain)	Spain	SLES-03481
70's Robot Anime - Geppy-X - The Super Boosted Armor (Japan) (Disc 1)	Japan	SLPS-01995
70's Robot Anime - Geppy-X - The Super Boosted Armor (Japan) (Disc 2)	Japan	SLPS-01996
70's Robot Anime - Geppy-X - The Super Boosted Armor (Japan) (Disc 3)	Japan	SLPS-01997
70's Robot Anime - Geppy-X - The Super Boosted Armor (Japan) (Disc 4)	Japan	SLPS-01998
A Ressha de Ikou 4 - Evolution (Japan)	Japan	SLPS-00004
A Ressha de Ikou 4 - Evolution (Japan) (Gentei Set)	Japan	SLPS-00011
A Ressha de Ikou 4 - Evolution (Japan) (Rev 1)	Japan	SLPS-00004
A Ressha de Ikou 4 - Evolution Global (Japan) (En,Ja,Fr,De)	Japan	SLPS-00125
A Ressha de Ikou 4 - Evolution Global (Japan) (En,Ja,Fr,De) (PlayStation the Best)	Japan	SLPS-91019
A Ressha de Ikou Z - Mezase! Tairiku Oudan (Japan)	Japan	SLPS-02050
A Ressha de Ikou Z - Mezase! Tairiku Oudan (Japan)	Japan	SLPS-02812
A Sangre Fria (Spain) (Disc 1)	Spain	SCES-02153
A Sangre Fria (Spain) (Disc 2)	Spain	SCES-12153
A Sangue Freddo (Italy) (Disc 1)	Italy	SCES-02152
A Sangue Freddo (Italy) (Disc 2)	Italy	SCES-12152
A-Train - Trains, Power, Money (USA) (En,Ja,Fr,De)	USA	SLUS-00003
A.IV - Evolution Global (Europe) (En,Ja,Fr,De)	Europe	SCES-00290
A2 Racer - Europa Tour (Netherlands)	Netherlands	SLES-02695
A5 - A Ressha de Ikou 5 (Japan, Asia)	Japan	SCPS-45153
A5 - A Ressha de Ikou 5 (Japan, Asia)	Japan	SLPS-01120
A5 - A Ressha de Ikou 5 (Japan, Asia)	Japan	SLPS-91124
AFL 99 (Australia)	Australia	SLES-01875
AI Mahjong 2000 (Japan)	Japan	SLPS-02411
AI Mahjong Selection (Japan)	Japan	SLPM-87117
AI Shougi (Japan)	Japan	SLPS-00109
AI Shougi (Japan)	Japan	SLPS-00840
AI Shougi 2 (Japan)	Japan	SLPS-01159
AI Shougi 2 Deluxe (Japan)	Japan	SLPS-02285
AI Shougi Selection (Japan)	Japan	SLPM-87068
ASCII Entertainment Demo CD (USA)	USA	SLUS-90010
ASCII Zanmai (Japan)	Japan	SLPM-80289
ATV - Quad Power Racing (Europe) (En,Fr,De)	Europe	SLES-02822
ATV - Quad Power Racing (Japan)	Japan	SLPM-86636
ATV - Quad Power Racing (USA)	USA	SLUS-01137
ATV Mania (Europe) (En,Fr,De,It)	Europe	SLES-04099
ATV Mania (USA)	USA	SLUS-01545
ATV Racers (Europe)	Europe	SLES-04059
ATV Racers (USA)	USA	SLUS-01572
AbalaBurn (Japan)	Japan	SLPS-01280
Abe '99 (Japan) (Disc 1)	Japan	SLPS-02095
Abe '99 (Japan) (Disc 2)	Japan	SLPS-02096
Abe a GoGo (Japan)	Japan	SLPS-01118
Absolute Football (France) (En,Fr,De,Es,It,Pt)	France	SLES-01341
Ace Combat (Japan)	Japan	SLPS-00061
Ace Combat (Japan)	Japan	SLPS-91005
Ace Combat 2 (Europe)	Europe	SCES-00699
Ace Combat 2 (France)	France	SCES-00901
Ace Combat 2 (Germany)	Germany	SCES-00902
Ace Combat 2 (Japan)	Japan	SLPS-00830
Ace Combat 2 (Japan) (Rev 1)	Japan	SLPS-00830
Ace Combat 2 (Japan) (Rev 1)	Japan	SLPS-91146
Ace Combat 2 (USA)	USA	SLUS-00404
Ace Combat 3 - Electrosphere (Europe) (En,Fr,De,Es,It)	Europe	SCES-02066
Ace Combat 3 - Electrosphere (Japan) (Disc 1)	Japan	SLPS-02020
Ace Combat 3 - Electrosphere (Japan) (Disc 1)	Japan	SLPS-91214
Ace Combat 3 - Electrosphere (Japan) (Disc 2)	Japan	SLPS-02021
Ace Combat 3 - Electrosphere (Japan) (Disc 2)	Japan	SLPS-91215
Ace Combat 3 - Electrosphere (Japan, Asia) (Disc 1) (Rev 1)	Japan	SCPS-45397
Ace Combat 3 - Electrosphere (Japan, Asia) (Disc 1) (Rev 1)	Japan	SLPS-02020
Ace Combat 3 - Electrosphere (Japan, Asia) (Disc 2) (Rev 1)	Japan	SCPS-45398
Ace Combat 3 - Electrosphere (Japan, Asia) (Disc 2) (Rev 1)	Japan	SLPS-02021
Ace Combat 3 - Electrosphere (USA)	USA	SLUS-00972
Ace Combat 3 - Electrosphere - Direct Audio with AppenDisc (Japan)	Japan	SLPM-80453
Aces of the Air (USA)	USA	SLUS-01470
Acid (Japan)	Japan	SLPS-02119
Acid (Japan) (Major Wave)	Japan	SLPM-86589
Aconcagua (Japan) (Disc 1)	Japan	SCPS-10131
Aconcagua (Japan) (Disc 2)	Japan	SCPS-10132
Action Bass (Europe)	Europe	SLES-03105
Action Bass (Japan)	Japan	SLPM-86927
Action Bass (USA)	USA	SLUS-01248
Action Man - Destruction X (Europe) (En,Fr,De,Es,It)	Europe	SLES-03083
Action Man - Mission Xtreme (Europe) (En,Fr,De,Es,It,Nl,Sv,No,Da,Fi)	Europe	SLES-01761
Action Man - Mission Xtreme (Europe) (En,Fr,De,Es,It,Nl,Sv,No,Da,Fi) (EDC)	Europe	SLES-01761
Action Man - Operation Extreme (USA)	USA	SLUS-00887
Activision Classics (USA)	USA	SLUS-00777
Actua Golf (Europe) (En,Fr,De)	Europe	SLES-00015
Actua Golf (Japan)	Japan	SLPS-00298
Actua Golf 2 (Europe)	Europe	SLES-00044
Actua Golf 3 (Europe)	Europe	SLES-01042
Actua Ice Hockey (Europe) (En,Fr,De,Sv,Fi)	Europe	SLES-00188
Actua Ice Hockey (Japan)	Japan	SLPM-86078
Actua Ice Hockey 2 (Europe)	Europe	SLES-01226
Actua Pool (Europe)	Europe	SLES-01647
Actua Soccer (Europe) (En,Fr)	Europe	SLES-00014
Actua Soccer (Europe) (En,Fr) (Rev 1)	Europe	SLES-00014
Actua Soccer (Japan)	Japan	SLPS-00297
Actua Soccer - Club Edition (Europe)	Europe	SLES-00190
Actua Soccer 2 (Europe) (En,Fr)	Europe	SLES-00021
Actua Soccer 2 (Germany) (En,De)	Germany	SLES-01029
Actua Soccer 2 (Italy)	Italy	SLES-01028
Actua Soccer 3 (Europe)	Europe	SLES-01210
Actua Soccer 3 (France)	France	SLES-01644
Actua Soccer 3 (Germany)	Germany	SLES-01645
Actua Soccer 3 (Italy)	Italy	SLES-01646
Actua Tennis (Europe)	Europe	SLES-00265
Actua Tennis (Europe) (Fr,De)	Europe	SLES-01396
Addie no Okurimono - To Moze from Addie (Japan)	Japan	SCPS-10126
Addie no Okurimono - To Moze from Addie (Japan) (Otameshi-ban)	Japan	PAPX-90105
Adiboo & Paziral's Secret (Europe) (En,Fr,De,Es,It)	Europe	SLES-04108
Adibou et l'Ombre Verte (France)	France	SCES-03558
Adidas Power Soccer (Europe) (En,Fr,De,Es,It)	Europe	SLES-00189
Adidas Power Soccer (USA)	USA	SCUS-94502
Adidas Power Soccer + Resident Evil + Shellshock + Descent (Europe)	Europe	SCED-00360
Adidas Power Soccer 2 (Europe) (En,Fr,De,Es,It,Nl)	Europe	SLES-00857
Adidas Power Soccer 98 (Europe) (En,Fr,De,Es,It,Nl)	Europe	SLES-01239
Adidas Power Soccer 98 (USA)	USA	SLUS-00547
Adidas Power Soccer International '97 (Europe) (En,Fr,De,Es,It,Nl)	Europe	SLES-00270
Adlib Ouji - ...to Fuyukai na Nakamatachi! (Japan)	Japan	SLPS-03510
Advan Racing (Japan)	Japan	SLPS-01689
Advanced Dungeons & Dragons - Iron & Blood - Warriors of Ravenloft (Europe)	Europe	SLES-00386
Advanced Dungeons & Dragons - Iron & Blood - Warriors of Ravenloft (USA)	USA	SLUS-00378
Advanced V.G. (Japan)	Japan	SLPS-00208
Advanced V.G. 2 (Japan)	Japan	SLPS-01318
Adventure of Little Ralph, The (Japan) (Rev 1)	Japan	SLPS-01853
Adventures of Lomax + Porsche Challenge + Pandemonium + Tomb Raider + 2 Xtreme + Reloaded (France)	France	SCED-00610
Adventures of Lomax, The (USA)	USA	SCUS-94906
Aerodive (Japan)	Japan	SLPS-02367
Affect Taikenban Vol. 1 (Japan)	Japan	SLPM-80552
Afraid Gear (Japan)	Japan	SLPS-00995
Afraid Gear Another (Japan)	Japan	SLPM-86834
Agent Armstrong (Europe) (En,Fr,De,Es)	Europe	SLES-00474
Agent Armstrong - Himitsu Shirei Daisakusen (Japan)	Japan	SLPS-01073
Agile Warrior - F-111X (Europe)	Europe	SLES-00124
Agile Warrior - F-111X (Japan)	Japan	SLPS-00179
Agile Warrior - F-111X (USA)	USA	SLUS-00023
Aging Disk (Japan)	Japan	PTPX-97002
Ah Nanjarin (Japan)	Japan	SLPS-01424
Ai to Yuujou no Neko Monogatari. Jingle Cats - Love Para Daisakusen no Maki (Japan, Asia)	Japan	SCPS-45265
Ai to Yuujou no Neko Monogatari. Jingle Cats - Love Para Daisakusen no Maki (Japan, Asia)	Japan	SLPS-01409
Air Combat (Europe)	Europe	SCES-00007
Air Combat (Europe) (EDC)	Europe	SCES-00007
Air Combat (USA)	USA	SLUS-00001
Air Hockey (Europe)	Europe	SLES-03743
Air Hockey (USA)	USA	SLUS-01467
Air Management '96 (Japan)	Japan	SLPM-86788
Air Management '96 (Japan)	Japan	SLPS-00269
Air Race (Europe)	Europe	SLES-00762
AirAssault - The Red Mercury Missions (Japan)	Japan	SIPS-60005
AirGrave (Japan)	Japan	SLPS-00559
AirRace Championship (Japan)	Japan	SLPS-01879
Aironauts (Europe) (En,Fr,De)	Europe	SLES-02137
Airs, The (Japan)	Japan	SLPS-01916
Aishiau Koto Shika Dekinai (Japan)	Japan	SLPS-01096
Aitakute... - Your Smiles in My Heart (Japan) (Disc 1)	Japan	SLPM-86254
Aitakute... - Your Smiles in My Heart (Japan) (Disc 2)	Japan	SLPM-86255
Aitakute... - Your Smiles in My Heart (Japan) (Disc 3)	Japan	SLPM-86256
Aitakute... - Your Smiles in My Heart (Japan) (Disc 4)	Japan	SLPM-86257
Aitakute... - Your Smiles in My Heart - Oroshitate no Diary - Introduction Disc (Japan)	Japan	SLPM-80162
Akagawa Jirou - Majotachi no Nemuri - Fukkatsusai (Japan)	Japan	SLPS-01863
Akagawa Jirou - Yasoukyoku (Japan)	Japan	SLPS-01462
Akagawa Jirou - Yasoukyoku (Japan)	Japan	SLPS-91151
Akagawa Jirou - Yasoukyoku (Japan)	Japan	SLPS-91503
Akagawa Jirou - Yasoukyoku (Japan) (Shokai Genteiban)	Japan	SLPS-01415
Akagawa Jirou - Yasoukyoku 2 (Japan)	Japan	SLPS-03213
Akazu no Ma (Japan)	Japan	SLPS-00619
Akuji the Heartless (Europe) (En,Fr,De)	Europe	SLES-01298
Akuji the Heartless (USA)	USA	SLUS-00715
Akumajou Dracula X - Gekka no Yasoukyoku (Japan)	Japan	SLPM-86023
Akumajou Dracula X - Gekka no Yasoukyoku (Japan) (Rev 1)	Japan	SLPM-86023
Akumajou Dracula X - Gekka no Yasoukyoku (Japan) (Rev 2)	Japan	SLPM-86073
Akumajou Dracula X - Gekka no Yasoukyoku (Japan) (Rev 2)	Japan	SLPM-87328
Alabama Meets Will Vi - The 33rd Tokyo Motor Show (Japan)	Japan	SLPM-84001
Albaria no Otome - Uruwashi no Seikishitachi (Japan)	Japan	SLPS-01578
Alex Ferguson's Player Manager 2001 (Europe)	Europe	SLES-03150
Alex Ferguson's Player Manager 2002 (Europe)	Europe	SLES-03775
Alexandra Ledermann 2 - Equitation Competition (France)	France	SLES-03290
Alexi Lalas International Soccer (USA) (En,Fr,De,Es,It)	USA	SLUS-00872
Alfred Chicken (Europe) (En,Fr,De,Es,It)	Europe	SCES-03817
Alice in Cyberland (Japan)	Japan	SLPS-00636
Alien Resurrection (Europe) (En,Fr,De,Es,It)	Europe	SLES-02913
Alien Resurrection (USA)	USA	SLUS-00633
Alien Trilogy (Europe) (En,Fr,Es,It)	Europe	SLES-00101
Alien Trilogy (Germany)	Germany	SLES-00246
Alien Trilogy (Japan)	Japan	SLPS-00332
Alien Trilogy (USA)	USA	SLUS-00007
Alive (Japan) (Disc 1)	Japan	SLPS-01527
Alive (Japan) (Disc 2)	Japan	SLPS-01528
Alive (Japan) (Disc 3)	Japan	SLPS-01529
All Music Dance! (Italy)	Italy	SLES-04162
All Star Boxing (Europe)	Europe	SLES-03958
All Star Racing (Europe)	Europe	SLES-03740
All Star Racing (USA)	USA	SLUS-01460
All Star Racing 2 (Europe)	Europe	SLES-03933
All Star Racing 2 (USA)	USA	SLUS-01510
All Star Soccer (Europe) (En,Fr,De,It)	Europe	SLES-00747
All Star Tennis '99 (Europe) (En,Fr,De,Es,It)	Europe	SLES-01433
All Star Tennis '99 (Japan)	Japan	SLPS-01962
All Star Tennis (Europe)	Europe	SLES-03963
All Star Tennis 2000 (Europe) (En,De,Es,It)	Europe	SLES-02764
All Star Tennis 2000 (France)	France	SLES-02765
All Star Watersports (Europe)	Europe	SLES-04060
All-Star Baseball 97 featuring Frank Thomas (USA)	USA	SLUS-00392
All-Star Mahjong - Karei naru Shoubushi kara no Chousen (Japan)	Japan	SLPS-00993
All-Star Slammin' D-Ball (USA)	USA	SLUS-01431
Alla Ricerca della Valle Incantata - Ritorno alla Grande Vallata (Italy)	Italy	SLES-02984
Allied General (Europe)	Europe	SLES-00417
Allied General (Japan) (En,Ja)	Japan	SLPS-00843
Allied General (USA)	USA	SLUS-00303
Alnam no Kiba - Juuzoku Juuni Shinto Densetsu (Japan)	Japan	SLPS-00173
Alnam no Tsubasa - Shoujin no Sora no Kanata e (Japan) (Disc 1)	Japan	SLPS-01187
Alnam no Tsubasa - Shoujin no Sora no Kanata e (Japan) (Disc 2)	Japan	SLPS-01188
Alnam no Tsubasa - Shoujin no Sora no Kanata e (Japan) (Disc 3)	Japan	SLPS-01189
Alone in the Dark - Jack Is Back (Europe) (En,Fr,De,Es,It)	Europe	SLES-00037
Alone in the Dark - One-Eyed Jack's Revenge (USA)	USA	SLUS-00239
Alone in the Dark - The New Nightmare (Europe) (Disc 1)	Europe	SLES-02801
Alone in the Dark - The New Nightmare (Europe) (Disc 2)	Europe	SLES-12801
Alone in the Dark - The New Nightmare (France) (Disc 1)	France	SLES-02802
Alone in the Dark - The New Nightmare (France) (Disc 2)	France	SLES-12802
Alone in the Dark - The New Nightmare (Germany) (Disc 1)	Germany	SLES-02803
Alone in the Dark - The New Nightmare (Germany) (Disc 2)	Germany	SLES-12803
Alone in the Dark - The New Nightmare (Italy) (Disc 1)	Italy	SLES-02805
Alone in the Dark - The New Nightmare (Italy) (Disc 2)	Italy	SLES-12805
Alone in the Dark - The New Nightmare (Spain) (Disc 1)	Spain	SLES-02804
Alone in the Dark - The New Nightmare (Spain) (Disc 2)	Spain	SLES-12804
Alone in the Dark - The New Nightmare (USA) (Disc 1)	USA	SLUS-01201
Alone in the Dark - The New Nightmare (USA) (Disc 2)	USA	SLUS-01377
Alone in the Dark 2 (Japan)	Japan	SLPS-00141
Alundra (Europe)	Europe	SLES-01135
Alundra (France)	France	SLES-01198
Alundra (Germany)	Germany	SLES-01256
Alundra (Italy)	Italy	SLES-01257
Alundra (Japan)	Japan	SCPS-10035
Alundra (Spain)	Spain	SLES-01258
Alundra (USA)	USA	SLUS-00553
Alundra 2 - A New Legend Begins (Europe)	Europe	SLES-02600
Alundra 2 - A New Legend Begins (USA)	USA	SLUS-01017
Alundra 2 - Der Beginn einer neuen Legende (Germany)	Germany	SLES-02602
Alundra 2 - Mashinka no Nazo (Japan)	Japan	SCPS-10115
Alundra 2 - Une Legende Est Nee (France)	France	SLES-02601
Amazing Virtual Sea-Monkeys, The (Europe) (En,Fr,De,Es,It,Nl,Pt)	Europe	SLES-03858
Amazing Virtual Sea-Monkeys, The (USA) (En,Es)	USA	SLUS-01475
America Oudan Ultra Quiz (Japan)	Japan	SLPS-00241
America Oudan Ultra Quiz (Japan) (Fukkokuban)	Japan	SLPS-01802
America Oudan Ultra Quiz (Japan) (Fukkokuban)	Japan	SLPS-91484
American Pool (Europe)	Europe	SLES-04037
American Pool (USA)	USA	SLUS-01488
Amerzone - Das Testament des Forschungsreisenden (Germany) (Disc 1)	Germany	SLES-02348
Amerzone - Das Testament des Forschungsreisenden (Germany) (Disc 2)	Germany	SLES-12348
Amerzone - El Legado del Explorador (Spain) (Disc 1)	Spain	SLES-02349
Amerzone - El Legado del Explorador (Spain) (Disc 2)	Spain	SLES-12349
Amerzone - Il Testamento dell'Esploratore (Italy) (Disc 1)	Italy	SLES-02350
Amerzone - Il Testamento dell'Esploratore (Italy) (Disc 2)	Italy	SLES-12350
Amerzone - O Testamento do Explorador (Portugal) (Disc 1)	Portugal	SLES-02429
Amerzone - O Testamento do Explorador (Portugal) (Disc 2)	Portugal	SLES-12429
Amerzone - The Explorer's Legacy (Europe) (Disc 1)	Europe	SLES-02347
Amerzone - The Explorer's Legacy (Europe) (Disc 2)	Europe	SLES-12347
Amerzone, L' (France) (Disc 1)	France	SLES-02346
Amerzone, L' (France) (Disc 2)	France	SLES-12346
Analog Controller Service Disc (Revised) (Europe)	Europe	PEPX-94009
Analog Controller Service Disc (Revised) (USA)	USA	PUPX-93010
Analog Controller Service Disc (USA)	USA	PUPX-93008
Anastasia (Europe) (En,Fr,De,Nl)	Europe	SLES-02961
Ancient Roman - Power of Dark Side (Japan) (Disc 1)	Japan	SLPS-01108
Ancient Roman - Power of Dark Side (Japan) (Disc 2)	Japan	SLPS-01109
Andretti Racing (Europe)	Europe	SLES-00438
Andretti Racing (France)	France	SLES-00439
Andretti Racing (Germany)	Germany	SLES-00440
Andretti Racing (Japan)	Japan	SLPS-00759
Andretti Racing (USA)	USA	SLUS-00264
Angel Blade - Neo Tokyo Guardians (Japan)	Japan	SLPS-00894
Angel Blade - Neo Tokyo Guardians (Japan) (Major Wave)	Japan	SLPM-86960
Angel Graffiti - Anata e no Profile (Japan)	Japan	SLPS-00163
Angel Graffiti - Anata e no Profile (Japan)	Japan	SLPS-00306
Angelique - Tenkuu no Requiem (Japan)	Japan	SLPM-86165
Angelique - Tenkuu no Requiem (Japan)	Japan	SLPM-86289
Angelique - Tenkuu no Requiem (Japan)	Japan	SLPM-86595
Angelique - Tenkuu no Requiem (Japan) (Premium Box)	Japan	SLPM-86164
Angelique - Tenkuu no Requiem (Japan) (Premium Box)	Japan	SLPM-86510
Angelique Duet (Japan)	Japan	SLPM-86493
Angelique Duet (Japan)	Japan	SLPS-01337
Angelique Duet (Japan) (Premium Box)	Japan	SLPM-86509
Angelique Duet (Japan) (Premium Box)	Japan	SLPS-01336
Angelique Special (Japan)	Japan	SLPM-86189
Angelique Special (Japan)	Japan	SLPM-86506
Angelique Special (Japan)	Japan	SLPM-86787
Angelique Special (Japan)	Japan	SLPS-00320
Angelique Special (Japan)	Japan	SLPS-00517
Angelique Special 2 (Japan)	Japan	SLPM-86492
Angelique Special 2 (Japan)	Japan	SLPS-00805
Angelique Special 2 (Japan) (Premium Box)	Japan	SLPM-86508
Angelique Special 2 (Japan) (Premium Box)	Japan	SLPS-00745
Animal Football (Europe) (En,Fr,De)	Europe	SLES-04071
Animal Snap - Rescue Them 2 by 2 (Europe)	Europe	SLES-04036
Animaniacs - Ten Pin Alley (USA)	USA	SLUS-00784
Animetic Story Game 1 - Cardcaptor Sakura (Japan) (Disc 1)	Japan	SLPS-01830
Animetic Story Game 1 - Cardcaptor Sakura (Japan) (Disc 2)	Japan	SLPS-01831
Animorphs - Shattered Reality (USA)	USA	SLUS-01010
Ankh - Tutankhamen no Nazo (Japan) (Disc 1)	Japan	SLPS-01068
Ankh - Tutankhamen no Nazo (Japan) (Disc 2)	Japan	SLPS-01069
Anna Kournikova's Smash Court Tennis (Europe)	Europe	SCES-01833
Anna Kournikova's Smash Court Tennis (Europe) (Rev 1)	Europe	SCES-01833
Ano Ko Doko no Ko (Japan)	Japan	SLPS-01522
Another Memories (Japan)	Japan	SLPS-01431
Another Mind (Japan)	Japan	SLPS-01655
Anstoss - Premier Manager (Germany)	Germany	SLES-02563
Ao no 6-gou - Antarctica (Japan) (Disc 1)	Japan	SLPS-02940
Ao no 6-gou - Antarctica (Japan) (Disc 2)	Japan	SLPS-02941
Aoki Ookami to Shiroki Mejika - Genchou Hishi (Japan)	Japan	SLPS-01579
Aozora to Nakamatachi - Yume no Bouken Plus (Japan)	Japan	SLPS-03564
Ape Escape (Europe)	Europe	SCES-01564
Ape Escape (France)	France	SCES-02028
Ape Escape (Italy)	Italy	SCES-02030
Ape Escape (USA)	USA	SCUS-94423
Ape Escape - La Invasion de los Monos (Spain)	Spain	SCES-02031
Apocalypse (Europe)	Europe	SLES-00460
Apocalypse (France)	France	SLES-00834
Apocalypse (Germany)	Germany	SLES-00835
Apocalypse (Italy)	Italy	SLES-01463
Apocalypse (Japan)	Japan	SLPM-86879
Apocalypse (USA)	USA	SLUS-00373
Aqua GT (Europe) (En,Fr,De,Es,It,Nl)	Europe	SLES-03390
Aqua Paradise (Japan)	Japan	SLPS-03095
Aquanaut no Kyuujitsu (Japan)	Japan	SLPS-00060
Aquanaut no Kyuujitsu - Memories of Summer 1996 (Japan)	Japan	SLPS-00406
Aquanaut no Kyuujitsu - Memories of Summer 1996 (Japan) (Artdink Best Choice)	Japan	SLPS-02023
Aquanaut no Kyuujitsu 2 (Japan)	Japan	SLPS-02141
Aquanaut no Kyuujitsu 2 (Japan)	Japan	SLPS-02919
Aquanaut's Holiday (Europe)	Europe	SCES-00241
Aquanaut's Holiday (USA)	USA	SCUS-94603
Aquarian Age - Tokyo Wars (Japan)	Japan	SLPS-02731
Arc the Lad (Japan)	Japan	SCPS-10008
Arc the Lad (Japan) (Rev 1)	Japan	SCPS-10008
Arc the Lad (Japan) (Rev 1)	Japan	SCPS-91004
Arc the Lad (Japan) (Rev 1)	Japan	SCPS-91302
Arc the Lad - Monster Game (Japan) (Present-ban)	Japan	PAPX-90016
Arc the Lad - Monster Game with Casino Game (Japan) (Disc 1) (Monster Game)	Japan	SCPS-10040
Arc the Lad - Monster Game with Casino Game (Japan) (Disc 2) (Casino Game)	Japan	SCPS-10041
Arc the Lad Collection - Arc Arena - Monster Tournament (USA)	USA	SLUS-01255
Arc the Lad Collection - The Making of Arc the Lad (USA)	USA	SLUS-01256
Arc the Lad II (Japan)	Japan	SCPS-10026
Arc the Lad II (Japan) (Rev 1)	Japan	SCPS-91071
Arc the Lad II (Japan) (Rev 1)	Japan	SCPS-91310
Arc the Lad II - Characters & World CG Movie Collection (Japan)	Japan	PCPX-96050
Arc the Lad II - Characters & World CG Movie Collection (Japan)	Japan	SCPM-85005
Arc the Lad III (Japan) (Disc 1)	Japan	SCPS-10106
Arc the Lad III (Japan) (Disc 1) (Rev 1)	Japan	SCPS-91228
Arc the Lad III (Japan) (Disc 1) (Rev 1)	Japan	SCPS-91316
Arc the Lad III (Japan) (Disc 2)	Japan	SCPS-10107
Arc the Lad III (Japan) (Disc 2) (Rev 1)	Japan	SCPS-91229
Arc the Lad III (Japan) (Disc 2) (Rev 1)	Japan	SCPS-91317
Arc-en-Ciel, L' - Light my Fire (Japan)	Japan	SLPM-80299
Arcade Gears - ImageFight & XMultiply (Japan)	Japan	SLPS-01267
Arcade Gears - Pu-Li-Ru-La (Japan)	Japan	SLPS-00928
Arcade Gears - Wonder 3 (Japan)	Japan	SLPS-00927
Arcade Hits - Crazy Climber (Japan)	Japan	SLPM-87067
Arcade Hits - Frisky Tom (Japan)	Japan	SLPM-87118
Arcade Hits - Magical Drop (Japan)	Japan	SLPM-87173
Arcade Hits - Moon Cresta (Japan)	Japan	SLPM-87082
Arcade Hits - Raiden (Japan)	Japan	SLPM-86613
Arcade Hits - Shienryuu (Japan)	Japan	SLPM-87228
Arcade Hits - Sonic Wings Special (Japan)	Japan	SLPM-87137
Arcade Hits - Soukyuu Gurentai (Japan)	Japan	SLPM-87255
Arcade Hits - Suiko Enbu - Outlaws of the Lost Dynasty (Japan)	Japan	SLPM-87145
Arcade Hits - Wolf Fang - Kuuga 2001 (Japan)	Japan	SLPM-87270
Arcade Party Pak (Europe, Australia)	Europe	SLES-02339
Arcade Party Pak (USA)	USA	SLUS-00952
Arcade's Greatest Hits - The Atari Collection 1 (Europe)	Europe	SLES-00466
Arcade's Greatest Hits - The Atari Collection 1 (USA)	USA	SLUS-00399
Arcade's Greatest Hits - The Atari Collection 2 (Europe)	Europe	SLES-00712
Arcade's Greatest Hits - The Atari Collection 2 (USA)	USA	SLUS-00449
Arcade's Greatest Hits - The Midway Collection 2 (Europe)	Europe	SLES-00739
Arcade's Greatest Hits - The Midway Collection 2 (USA)	USA	SLUS-00450
Arcana Senki Ludo (Japan)	Japan	SLPS-01438
Archer Maclean's 3D Pool (Europe)	Europe	SLES-04096
Are!Mo KoreMo Momotarou (Japan)	Japan	SLPS-00428
Area 51 (Europe) (En,Fr,De,Es)	Europe	SLES-00578
Area 51 (Europe) (En,Fr,De,Es) (Midway Classics)	Europe	SLES-03783
Area 51 (Japan)	Japan	SLPS-00726
Area 51 (Japan) (Special Pack)	Japan	SLPS-00725
Area 51 (USA)	USA	SLUS-00164
Area 51 (USA) (Rev 1)	USA	SLUS-00164
Ark of Time (Europe) (En,Fr,De,Es,It)	Europe	SLES-00748
Arkanoid R 2000 (Japan)	Japan	SLPM-86262
Arkanoid Returns (Japan)	Japan	SLPS-00948
Armed Fighter (Japan)	Japan	SLPS-01598
Armored Core (Europe) (En,Fr,De,Es,It)	Europe	SCES-00842
Armored Core (Japan)	Japan	SLPS-00900
Armored Core (Japan) (Rev 1)	Japan	SLPS-03581
Armored Core (Japan) (Rev 1)	Japan	SLPS-91064
Armored Core (USA)	USA	SCUS-94182
Armored Core (USA) (Rerelease)	USA	SLUS-01323
Armored Core - Master of Arena (Japan) (Disc 1)	Japan	SLPS-01855
Armored Core - Master of Arena (Japan) (Disc 1)	Japan	SLPS-91188
Armored Core - Master of Arena (Japan) (Disc 1) (PSone Books)	Japan	SLPS-91444
Armored Core - Master of Arena (Japan) (Disc 2)	Japan	SLPS-01856
Armored Core - Master of Arena (Japan) (Disc 2)	Japan	SLPS-91189
Armored Core - Master of Arena (Japan) (Disc 2) (PSone Books)	Japan	SLPS-91445
Armored Core - Master of Arena (USA) (Disc 1)	USA	SLUS-01030
Armored Core - Master of Arena (USA) (Disc 2)	USA	SLUS-01081
Armored Core - Project Phantasma (Japan)	Japan	SLPS-01130
Armored Core - Project Phantasma (Japan) (PlayStation the Best)	Japan	SLPS-91110
Armored Core - Project Phantasma (Japan) (PlayStation the Best)	Japan	SLPS-91424
Armored Core - Project Phantasma (Japan) (Rev 1)	Japan	SLPS-01130
Armored Core - Project Phantasma (USA)	USA	SLUS-00670
Armorines - Project S.W.A.R.M. (Europe) (En,Fr,Es,It)	Europe	SLES-02617
Armorines - Project S.W.A.R.M. (Germany)	Germany	SLES-02726
Armorines - Project S.W.A.R.M. (Japan)	Japan	SLPM-86502
Armorines - Project S.W.A.R.M. (USA)	USA	SLUS-01022
Army Men - Air Attack (Europe) (En,Es,It)	Europe	SLES-02620
Army Men - Air Attack (Europe) (En,Fr,De)	Europe	SLES-02498
Army Men - Air Attack (USA)	USA	SLUS-00913
Army Men - Air Attack 2 (Europe)	Europe	SLES-03226
Army Men - Air Attack 2 (France)	France	SLES-03227
Army Men - Air Attack 2 (Germany)	Germany	SLES-03228
Army Men - Air Attack 2 (Italy)	Italy	SLES-03229
Army Men - Air Attack 2 (Spain)	Spain	SLES-03230
Army Men - Air Attack 2 (USA, Canada)	USA	SLUS-01132
Army Men - Green Rogue (USA)	USA	SLUS-01330
Army Men - Land, Sea, Air (Europe) (En,Fr,De,Es,It)	Europe	SLES-03231
Army Men - Lock 'n' Load (Europe) (En,Fr,De,Es,It)	Europe	SLES-03414
Army Men - Omega Soldier (Europe) (En,Fr,De,Es,It)	Europe	SLES-03431
Army Men - Operation Meltdown (Europe) (En,Fr,De,Es,It)	Europe	SLES-02855
Army Men - Sarge's Heroes (Europe)	Europe	SLES-02626
Army Men - Sarge's Heroes (France)	France	SLES-02627
Army Men - Sarge's Heroes (Germany)	Germany	SLES-02628
Army Men - Sarge's Heroes (Italy)	Italy	SLES-02630
Army Men - Sarge's Heroes (Spain)	Spain	SLES-02629
Army Men - Sarge's Heroes (USA)	USA	SLUS-00914
Army Men - Sarge's Heroes 2 (Europe) (En,Fr,De,Es,It)	Europe	SLES-03316
Army Men - Sarge's Heroes 2 (USA)	USA	SLUS-01202
Army Men - Team Assault (Europe) (En,Fr,De,Es,It)	Europe	SLES-03633
Army Men - World War (USA)	USA	SLUS-01079
Army Men - World War - Final Front (USA)	USA	SLUS-01327
Army Men - World War - Land, Sea, Air (USA, Canada)	USA	SLUS-01203
Army Men - World War - Team Assault (USA)	USA	SLUS-01435
Army Men 3D (Europe) (En,Fr,De)	Europe	SLES-02378
Army Men 3D (USA)	USA	SLUS-00491
Art Camion - Geijutsuden (Japan)	Japan	SLPS-02405
Art Camion - Sugorokuden (Japan)	Japan	SLPS-02710
Artdink Preview (Japan)	Japan	SLPM-80144
Arthur to Astaroth no Nazo Makaimura - Incredible Toons (Japan)	Japan	SLPS-00363
Arthur! Ready to Race (USA)	USA	SLUS-01090
Asciiware Training CD (USA)	USA	SLUS-90027
Asonde AIUEO (Japan)	Japan	SLPS-03540
Asonde Chinou Up (Japan)	Japan	SLPS-03542
Asonde Kazu Suuji (Japan)	Japan	SLPS-03541
Assault (Europe) (En,Fr,De,Es,It)	Europe	SLES-01244
Assault - Retribution (USA)	USA	SLUS-00713
Assault Rigs (Europe)	Europe	SLES-00093
Assault Rigs (Japan)	Japan	SLPS-00512
Assault Rigs (USA)	USA	SCUS-94405
Assault Suits Valken 2 (Japan)	Japan	SLPM-86872
Assault Suits Valken 2 (Japan)	Japan	SLPS-00854
Asterix & Obelix Take on Caesar (Europe)	Europe	SLES-02475
Asterix & Obelix Take on Caesar (Europe) (Es,Sv,No)	Europe	SLES-02473
Asterix & Obelix Take on Caesar (Europe) (Fr,De,Nl)	Europe	SLES-02092
Asterix & Obelix contro Cesare (Italy)	Italy	SLES-02474
Asterix (Europe) (En,Fr,De,Nl)	Europe	SLES-01416
Asterix (Europe) (En,Fr,Es,It)	Europe	SLES-01748
Asterix (Europe) (En,Fr,Nl) (Rev 1)	Europe	SLES-01416
Asterix - Mega Madness (Europe) (En,Fr,De,Es,It,Nl)	Europe	SLES-03324
Asteroids (Europe)	Europe	SLES-01418
Asteroids (France)	France	SLES-01468
Asteroids (Germany)	Germany	SLES-01469
Asteroids (Italy)	Italy	SLES-01470
Asteroids (USA)	USA	SLUS-00773
Astro Trooper Vanark (Japan)	Japan	SLPS-01862
Astronoka (Japan) (Disc 1)	Japan	SLPM-86088
Astronoka (Japan, Asia) (Taikenban)	Japan	SCPS-45310
Astronoka (Japan, Asia) (Taikenban)	Japan	SLPM-86107
Asuka 120% Excellent - Burning Fest. Excellent (Japan, Asia)	Japan	SCPS-45065
Asuka 120% Excellent - Burning Fest. Excellent (Japan, Asia)	Japan	SLPS-00849
Asuka 120% Final - Burning Fest. Final (Japan)	Japan	SLPS-02074
Asuka 120% Special - Burning Fest. Special (Japan)	Japan	SLPS-00231
Asuka 120% Special - Burning Fest. Special (Japan) (Rev 1)	Japan	SLPS-00231
Asuncia - Majou no Jubaku (Japan)	Japan	SLPS-01097
Asuncia - Majou no Jubaku (Japan)	Japan	SLPS-03075
Atari Anniversary Edition Redux (Europe)	Europe	SLES-03808
Atari Anniversary Edition Redux (USA)	USA	SLUS-01427
Atari Demo Disk (Europe)	Europe	SLED-02251
Atelier Elie - Elie no Atelier - Salburg no Renkinjutsushi 2 (Japan)	Japan	SLPS-01751
Atelier Elie - Elie no Atelier - Salburg no Renkinjutsushi 2 (Japan) (PlayStation the Best)	Japan	SLPS-91180
Athena - Awakening from the Ordinary Life (Japan) (Disc 1)	Japan	SLPM-86185
Athena - Awakening from the Ordinary Life (Japan) (Disc 2)	Japan	SLPM-86186
Athena - Awakening from the Ordinary Life (Japan) (Disc 3)	Japan	SLPM-86187
Athena no Kateiban - Family Games (Japan)	Japan	SLPS-00263
Athena no Kateiban - Family Games (Japan)	Japan	SLPS-02751
Atlantis - Das sagenhafte Abenteuer (Germany) (Disc 1)	Germany	SLES-01603
Atlantis - Das sagenhafte Abenteuer (Germany) (Disc 2)	Germany	SLES-11603
Atlantis - Das sagenhafte Abenteuer (Germany) (Disc 3)	Germany	SLES-21603
Atlantis - Secrets d'un Monde Oublie (France) (Disc 1)	France	SLES-01602
Atlantis - Secrets d'un Monde Oublie (France) (Disc 2)	France	SLES-11602
Atlantis - Secrets d'un Monde Oublie (France) (Disc 3)	France	SLES-21602
Atlantis - Segreti d'un Mondo Perduto (Italy) (Disc 1)	Italy	SLES-01604
Atlantis - Segreti d'un Mondo Perduto (Italy) (Disc 2)	Italy	SLES-11604
Atlantis - Segreti d'un Mondo Perduto (Italy) (Disc 3)	Italy	SLES-21604
Atlantis - The Lost Continent (Europe) (En,Fr,De)	Europe	SLES-04066
Atlantis - The Lost Tales (Europe) (Disc 1)	Europe	SLES-01291
Atlantis - The Lost Tales (Europe) (Disc 2)	Europe	SLES-11291
Atlantis - The Lost Tales (Europe) (Disc 3)	Europe	SLES-21291
Atlantis - The Lost Tales (Europe) (En,Es,Nl,Sv) (Disc 1)	Europe	SLES-01605
Atlantis - The Lost Tales (Europe) (En,Es,Nl,Sv) (Disc 2)	Europe	SLES-11605
Atlantis - The Lost Tales (Europe) (En,Es,Nl,Sv) (Disc 3)	Europe	SLES-21605
Atlus Shinsaku Title Demo CD-ROM (Japan)	Japan	SLPM-80224
Attack of the Saucerman (Europe) (En,Fr,De,Es,It)	Europe	SLES-01718
Aubirdforce (Japan)	Japan	SLPS-00546
Aubirdforce (Japan) (Shokai Genteiban)	Japan	SLPS-00533
Aubirdforce - After (Japan)	Japan	SLPS-01606
Aura Battler Dunbine - Seisenshi Densetsu (Japan) (Rev 1)	Japan	SLPS-02390
Austin Powers Pinball (Europe) (En,Fr,De)	Europe	SLES-03945
Austin Powers Pinball (USA)	USA	SLUS-01456
Australian Summer Special (Australia)	Australia	SCED-01570
Auto Destruct (Europe) (En,Fr,De,Es,Sv)	Europe	SLES-00909
Auto Destruct (USA)	USA	SLUS-00522
Autobahn Raser II (Germany)	Germany	SLES-02341
Autorennen Spezial '98 (Germany)	Germany	SCED-01306
Autumn-Christmas Releases '96 (Europe)	Europe	SCED-00273
Ayakashi Ninden Kunoichiban (Japan) (Disc 1)	Japan	SLPS-00946
Ayakashi Ninden Kunoichiban (Japan) (Disc 2)	Japan	SLPS-00947
Ayrton Senna Kart Duel (Europe)	Europe	SLES-00493
Ayrton Senna Kart Duel (Japan)	Japan	SLPS-00380
Ayrton Senna Kart Duel 2 (Europe)	Europe	SLES-01024
Ayrton Senna Kart Duel Special (Japan)	Japan	SLPS-01659
Ayrton Senna KartDuel 2 (Japan)	Japan	SLPS-01072
Azito (Japan)	Japan	SLPS-00683
Azito (Japan) (Major Wave)	Japan	SLPM-87284
Azito 2 (Japan)	Japan	SLPS-01526
Azito 3 (Japan)	Japan	SLPS-02496
Aztec - The Curse in the Heart of the City of Gold (Europe) (En,Nl)	Europe	SLES-03053
Aztec - The Curse in the Heart of the City of Gold (Europe) (Es,It)	Europe	SLES-03109
Aztec - The Curse in the Heart of the City of Gold (Europe) (Fr,De)	Europe	SLES-03052
Azumanga Donjara Daiou (Japan)	Japan	SLPS-03424
Azure Dreams (Europe) (En,Fr,De)	Europe	SLES-01219
Azure Dreams (USA)	USA	SLUS-00614
B Senjou no Alice - Alice on Borderlines (Japan) (Disc 1)	Japan	SLPS-01003
B Senjou no Alice - Alice on Borderlines (Japan) (Disc 2)	Japan	SLPS-01004
B Senjou no Alice - Alice on Borderlines (Japan) (Disc 3)	Japan	SLPS-01005
B-Movie (Europe) (En,Es,It)	Europe	SLES-01260
B-Movie (Germany)	Germany	SLES-01550
B. L. U. E. - Legend of Water (Japan)	Japan	SLPS-01459
BDFL Manager 2001 (Germany)	Germany	SLES-02977
BDFL Manager 2002 (Germany)	Germany	SLES-03605
BFS - Blue Forest Story - Kaze no Fuuin (Japan)	Japan	SLPS-00566
BMG Demos (France)	France	SLED-01054
Baby Felix Tennis (Europe) (En,Fr,De,Es,It,Nl)	Europe	SLES-03991
Baby Universe (Europe)	Europe	SCES-00982
Back to School Special - PlayStation Demo Disc (Asia)	Asia	PAPX-90088
BackGuiner - Yomigaeru Yuushatachi - Hishou-hen - Uragiri no Senjou (Japan) (Disc 1)	Japan	SLPS-01446
BackGuiner - Yomigaeru Yuushatachi - Hishou-hen - Uragiri no Senjou (Japan) (Disc 2)	Japan	SLPS-01447
BackGuiner - Yomigaeru Yuushatachi - Kakusei-hen - Guiner Tensei (Japan) (Disc 1)	Japan	SLPS-01217
BackGuiner - Yomigaeru Yuushatachi - Kakusei-hen - Guiner Tensei (Japan) (Disc 2)	Japan	SLPS-01218
BackGuiner - Yomigaeru Yuushatachi - Service Disc (Japan)	Japan	SLPS-01448
Backgammon (Japan)	Japan	SLPS-01782
Backgammon (Japan)	Japan	SLPS-03228
Backgammon 2000 (Japan)	Japan	SLPS-02729
Backstreet Billiards (USA)	USA	SLUS-00659
Backyard Soccer (USA)	USA	SLUS-01094
Bakumatsu Roman - Gekka no Kenshi (Japan)	Japan	SLPM-86118
Bakumatsu Roman - Gekka no Kenshi (Japan)	Japan	SLPM-86436
Bakuretsu Hunter - Mahjong Special (Japan)	Japan	SLPS-00541
Bakuretsu Hunter - Sorezore no Omoi ... Nowaanchatte (Japan)	Japan	SLPS-00718
Bakuretsu Soccer (Japan)	Japan	SLPS-03437
Bakuryuu (Japan)	Japan	SLPS-02429
Bakushou!! All Yoshimoto Quiz-ou Ketteisen DX (Japan)	Japan	SLPS-00158
Bakusou Dekotora Densetsu - Otoko Ippiki Yume Kaidou (Japan)	Japan	SLPS-01441
Bakusou Dekotora Densetsu 2 - Otoko Jinsei Yume Ichiro (Japan)	Japan	SLPS-02465
Bakusou Dekotora Densetsu 2 - Otoko Jinsei Yume Ichiro (Japan)	Japan	SLPS-91219
Bakusou Kyoudai Let's & Go!! Eternal Wings (Japan)	Japan	SLPS-01489
Bakuten Shoot Beyblade - Bey Battle Tournament (Japan)	Japan	SLPM-86980
Bakuten Shoot Beyblade 2002 - Bey Battle Tournament 2 (Japan)	Japan	SLPM-87130
Baldies (Europe)	Europe	SLES-04091
Baldies (USA)	USA	SLUS-01567
Baldy Land (Japan)	Japan	SLPS-01074
Ball Breakers (USA)	USA	SLUS-01249
BallBlazer Champions (Europe)	Europe	SLES-00651
BallBlazer Champions (Germany)	Germany	SLES-00592
BallBlazer Champions (Italy)	Italy	SLES-00641
BallBlazer Champions (Japan)	Japan	SLPS-00796
BallBlazer Champions (Spain)	Spain	SLES-00647
Ballblazer Champions (USA)	USA	SLUS-00068
Ballerburg (Europe)	Europe	SLES-04017
Ballerburg (Germany)	Germany	SLES-04018
Ballerburg - Castle Chaos (USA)	USA	SLUS-01568
Ballistic (Europe) (En,Fr,De)	Europe	SLES-02701
Ballistic (USA)	USA	SLUS-00966
Baphomets Fluch (Germany)	Germany	SCES-00348
Baphomets Fluch II - Die Spiegel der Finsternis (Germany)	Germany	SCES-00800
Barbie - Aventure Equestre (France)	France	SCES-02366
Barbie - Aventuriere (France)	France	SLES-03693
Barbie - Esploratrice (Italy)	Italy	SLES-03695
Barbie - Explorer (Europe)	Europe	SLES-03692
Barbie - Explorer (Germany)	Germany	SLES-03694
Barbie - Explorer (Spain)	Spain	SLES-03696
Barbie - Explorer (USA)	USA	SLUS-01361
Barbie - Gotta Have Games (USA)	USA	SLUS-01569
Barbie - Race & Ride (Europe)	Europe	SCES-02365
Barbie - Race & Ride (Germany)	Germany	SCES-02367
Barbie - Race & Ride (Italy)	Italy	SCES-02368
Barbie - Race & Ride (Spain)	Spain	SCES-02369
Barbie - Race & Ride (USA)	USA	SLUS-00981
Barbie - Sports Extreme (France)	France	SCES-02488
Barbie - Super Sport (Germany)	Germany	SCES-02489
Barbie - Super Sports (Europe)	Europe	SCES-02487
Barbie - Super Sports (Italy)	Italy	SCES-02490
Barbie - Super Sports (Spain)	Spain	SCES-02491
Barbie - Super Sports (USA)	USA	SLUS-00946
Barca Manager 2000 (Spain) (Es,Ca)	Spain	SLES-02615
Bardysh - Kromeford no Juunin (Japan)	Japan	SLPS-02187
Baroque - Yuganda Mousou (Japan)	Japan	SLPM-86759
Baroque - Yuganda Mousou (Japan) (Genteiban)	Japan	SLPM-86328
Baroque Syndrome (Japan)	Japan	SLPM-86540
Baroque Syndrome (Japan)	Japan	SLPM-86939
Baseball - Pro-nami Kusayakyuu! (Japan)	Japan	SLPS-03055
Baseball Navigator (Japan)	Japan	SLPS-00687
Baseball Navigator (Japan)	Japan	SLPS-01123
Baseball Simulation - ID Pro Yakyuu (Japan)	Japan	SLPM-86650
Bases Loaded '96 - Double Header (USA)	USA	SLUS-00086
Bass Fisherman - Texas (Japan)	Japan	SLPS-01304
Bass Landing (Japan)	Japan	SLPS-01764
Bass Landing (Japan)	Japan	SLPS-01765
Bass Landing (Japan)	Japan	SLPS-03204
Bass Landing (USA)	USA	SLUS-00873
Bass Landing 2 (Japan)	Japan	SLPS-02647
Bass Landing 2 (Japan) (Special Fishing Set)	Japan	SLPS-02646
Bass Rise (USA)	USA	SLUS-00905
Bass Tsuri ni Ikou! (Japan)	Japan	SLPS-01914
Bassing Beat 2 (Japan)	Japan	SLPS-02859
Bastard!! Utsuronaru Kamigami no Utsuwa (Japan)	Japan	SLPS-00542
Bastard!! Utsuronaru Kamigami no Utsuwa (Japan) (Rev 1)	Japan	SLPS-00542
Batman & Robin (Europe) (En,Fr,De,Es)	Europe	SLES-00102
Batman & Robin (Italy)	Italy	SLES-01220
Batman & Robin (USA)	USA	SLUS-00393
Batman - Gotham City Racer (Europe) (En,Fr,De,Es,It,Nl)	Europe	SLES-02874
Batman - Gotham City Racer (USA)	USA	SLUS-01141
Batman Beyond - Return of the Joker (USA)	USA	SLUS-01207
Batman Forever - The Arcade Game (Europe)	Europe	SLES-00525
Batman Forever - The Arcade Game (Japan)	Japan	SLPS-00698
Batman Forever - The Arcade Game (USA)	USA	SLUS-00387
Batman of the Future - Return of the Joker (Europe) (En,Fr,De)	Europe	SLES-02902
Battle Arena Nitoushinden (Japan)	Japan	SLPS-00485
Battle Arena Toshinden (Europe)	Europe	SCES-00002
Battle Arena Toshinden (USA)	USA	SCUS-94003
Battle Arena Toshinden (USA)	USA	SCUS-94200
Battle Arena Toshinden 2 (Europe)	Europe	SCES-00232
Battle Arena Toshinden 2 (USA)	USA	SLUS-00220
Battle Arena Toshinden 3 (Europe)	Europe	SCES-00700
Battle Arena Toshinden 3 (USA) (En,Ja)	USA	SLUS-00483
Battle Arena Toushinden 2 (Japan)	Japan	SLPS-00200
Battle Arena Toushinden 2 - Gyouten Kyougaku no Shishoku-ban (Japan)	Japan	SLPM-80028
Battle Arena Toushinden 2 Plus (Japan)	Japan	SLPS-91006
Battle Arena Toushinden 3 (Japan, Asia)	Japan	SCPS-45031
Battle Arena Toushinden 3 (Japan, Asia)	Japan	SLPS-00650
Battle Athletess - Daiundoukai Alternative (Japan)	Japan	SLPS-01133
Battle Athletess - Daiundoukai Alternative (Japan) (Major Wave)	Japan	SLPM-86525
Battle Athletess - Daiundoukai GTO (Grand Trial Onnanoco) (Japan)	Japan	SLPS-01548
Battle Athletess - Daiundoukai GTO (Grand Trial Onnanoco) (Japan) (Major Wave)	Japan	SLPM-86526
Battle Bonby (Japan)	Japan	SLPM-80361
Battle Bonby 2 - Sukkiri Momoaji (Japan)	Japan	SLPS-02457
Battle Bugs (Japan)	Japan	SLPS-00991
Battle Formation (Japan)	Japan	SLPS-00968
Battle Hunter (USA)	USA	SLUS-01335
Battle Konchuuden (Japan)	Japan	SLPS-01779
Battle Master (Japan)	Japan	SLPS-01064
Battle Master (Japan) (Major Wave)	Japan	SLPM-86519
Battle Stations (Europe) (En,Fr,De)	Europe	SLES-00662
Battle Stations (USA)	USA	SLUS-00456
BattleRound USA (Japan)	Japan	SLPS-01127
BattleSport (Europe)	Europe	SLES-00628
BattleSport (USA)	USA	SLUS-00389
BattleTanx - Global Assault (Europe) (En,Es,It)	Europe	SLES-02774
BattleTanx - Global Assault (Europe) (En,Fr,De)	Europe	SLES-02773
BattleTanx - Global Assault (USA)	USA	SLUS-01044
Beach Volleyball (Europe) (En,Fr,De,Es,It)	Europe	SLES-02808
Bealphareth (Japan)	Japan	SCPS-10138
Beast Wars - Transformers (Europe) (En,Fr,De,Es,It)	Europe	SLES-00709
Beast Wars - Transformers (USA)	USA	SLUS-00508
Beat Mania (Japan) (Disc 1) (Arcade)	Japan	SLPM-86126
Beat Mania (Japan) (Disc 1) (Arcade)	Japan	SLPM-86390
Beat Mania (Japan) (Disc 2) (Append)	Japan	SLPM-86127
Beat Mania (Japan) (Disc 2) (Append)	Japan	SLPM-86391
Beat Mania - The Sound of Tokyo (Japan)	Japan	SLPM-86769
Beat Mania 3rd Mix Mini (Japan)	Japan	SLPM-86156
Beat Mania Append 3rdMix (Japan)	Japan	SLPM-86184
Beat Mania Append GottaMix (Japan, Asia)	Japan	SCPS-45403
Beat Mania Append GottaMix (Japan, Asia)	Japan	SLPM-86229
Beat Mania Append GottaMix 2 - Going Global (Japan)	Japan	SLPM-86574
Beat Planet Music (Japan)	Japan	SCPS-18013
Beat-Em-Up Special (Europe)	Europe	SCED-01991
Beat-Em-Up Speziale (Germany)	Germany	SCED-01643
Beatmania (Europe)	Europe	SLES-02096
Beatmania 6thMix + Core Remix (Japan)	Japan	SLPM-87012
Beatmania Append 4thMix - The Beat Goes On (Japan)	Japan	SLPM-86266
Beatmania Append 5thMix - Time to Get Down (Japan)	Japan	SLPM-86322
Beatmania Append Club Mix (Japan)	Japan	SLPM-86692
Beatmania Best Hits (Japan)	Japan	SLPM-86596
Beatmania Best Hits (Japan) (Rev 1)	Japan	SLPM-86596
Beatmania featuring Dreams Come True (Japan)	Japan	SLPM-86597
Beavis and Butt-Head - Virtual Aho Shoukougun (Japan)	Japan	SLPS-01219
Bedlam (Europe) (En,Fr,De,Es,It,Nl)	Europe	SLES-00334
Beltlogger 9 (Japan)	Japan	SLPS-00582
Beltlogger 9 (Japan) (Shokai Genteiban)	Japan	SLPS-00581
Best Buy Demo CD (USA)	USA	SCUS-94286
Best Buy Greatest Hits Demo Disc - Volume One (USA)	USA	SCUS-94668
Best Games Ever, The (Europe, Australia)	Europe	SCED-02327
Best Horror Games Ever Demo (Europe, Australia)	Europe	SCED-02420
Best Sports Games Ever 2000 (Europe, Australia)	Europe	SCED-03167
Best Sports Games Ever Demo (Europe, Australia)	Europe	SCED-02421
Best of PlayStation Underground Year One, The (USA)	USA	SCUS-94261
Beyblade (Europe) (En,Fr,De,Es,It)	Europe	SLES-04093
Beyblade (USA)	USA	SLUS-01489
Beyond the Beyond (Japan) (Tentou-you Special CD-ROM)	Japan	PAPX-90005
Beyond the Beyond (USA)	USA	SCUS-94702
Beyond the Beyond - Haruka naru Kanaan e (Japan)	Japan	SCPS-10014
Big Air (Europe) (En,Fr,De,Sv)	Europe	SLES-01531
Big Air (USA)	USA	SLUS-00645
Big Bass Fishing (Europe) (En,Fr,De,Es,It)	Europe	SLES-03847
Big Bass Fishing (USA)	USA	SLUS-01442
Big Bass World Championship (USA)	USA	SLUS-00228
Big Bass World Championship (USA) (Rev 1)	USA	SLUS-00228
Big Challenge Golf - Tokyo Yomiuri Country Club-hen (Japan)	Japan	SLPS-00459
Big League Slugger Baseball (USA)	USA	SLUS-01527
Big Ol' Bass 2 (USA)	USA	SLUS-01259
Big Strike Bowling (Europe) (En,De,It)	Europe	SLES-04025
Big Strike Bowling (USA)	USA	SLUS-01478
Billiards (USA)	USA	SLUS-01289
Bio F.R.E.A.K.S. (Europe)	Europe	SLES-01316
Bio F.R.E.A.K.S. (USA)	USA	SLUS-00502
Bio Hazard (Japan)	Japan	SLPS-00222
Bio Hazard (Japan) (Rev 1)	Japan	SLPM-86770
Bio Hazard (Japan) (Rev 1)	Japan	SLPS-00222
Bio Hazard - Director's Cut (Japan)	Japan	SLPS-00998
Bio Hazard - Director's Cut - Dual Shock Ver. (Japan)	Japan	SLPS-01512
Bio Hazard - Director's Cut - Dual Shock Ver. Complete Disc (Japan)	Japan	SLPS-01513
Biohazard - Gun Survivor (Japan)	Japan	SLPM-86749
Biohazard - Gun Survivor (Japan)	Japan	SLPS-02553
Biohazard 2 (Japan) (Disc 1) (Leon-hen)	Japan	SLPS-01222
Biohazard 2 (Japan) (Disc 2) (Claire-hen)	Japan	SLPS-01223
Biohazard 2 (Japan) (Trial Edition)	Japan	SLPS-00999
Biohazard 2 - Dual Shock Ver. (Japan) (Disc 1) (Leon-hen)	Japan	SLPS-01510
Biohazard 2 - Dual Shock Ver. (Japan) (Disc 2) (Claire-hen)	Japan	SLPS-01511
Biohazard 3 - Last Escape (Japan)	Japan	SLPS-02300
Biohazard 3 - Last Escape (Japan) (Rev 1)	Japan	SLPM-87224
Bishi Bashi Special (Europe)	Europe	SLES-02537
Bishi Bashi Special (Japan)	Japan	SLPM-86123
Bishi Bashi Special 2 (Japan)	Japan	SLPM-86267
Bishi Bashi Special 3 - Step Champ (Japan)	Japan	SLPM-86539
Bishoujo Hanafuda Kikou - Michinoku Hitou Koi Monogatari (Japan)	Japan	SLPS-00941
Bishoujo Ren'ai Mahjong Series - Karan Koron Gakuen - Doki Doki-hen (Japan)	Japan	SLPM-86414
Bishoujo Ren'ai Mahjong Series - Karan Koron Gakuen - Munekyun-hen (Japan)	Japan	SLPM-86468
Bishoujo Ren'ai Mahjong Series - Karan Koron Gakuen - Pure Love-hen (Japan)	Japan	SLPM-86474
Bishoujo Ren'ai Mahjong Series 2nd - Shiritsu Houou Gakuen - 1-nen Jun'ai-gumi (Japan)	Japan	SLPM-86680
Bishoujo Ren'ai Mahjong Series 2nd - Shiritsu Houou Gakuen - 2-nen Junjou-gumi (Japan)	Japan	SLPM-86716
Bishoujo Senshi Sailor Moon SuperS - Shin Shuyaku Soudatsusen (Japan)	Japan	SLPS-00262
Bishoujo Senshi Sailor Moon SuperS - Shin Shuyaku Soudatsusen (Japan) (Shokai Genteiban)	Japan	SLPS-00260
Bistro, The - Ryouri & Wine no Shokunintachi (Japan)	Japan	SLPS-02294
Black Bass with Blue Marlin (USA)	USA	SLUS-00648
Black Dawn (Europe)	Europe	SLES-00407
Black Dawn (Japan)	Japan	SLPS-00663
Black Dawn (USA)	USA	SLUS-00321
Black-Matrix + (Japan) (Disc 1)	Japan	SLPS-02962
Black-Matrix + (Japan) (Disc 1)	Japan	SLPS-03415
Black-Matrix + (Japan) (Disc 2)	Japan	SLPS-02963
Black-Matrix + (Japan) (Disc 2)	Japan	SLPS-03416
Black-Matrix 00 (Japan) (Disc 1)	Japan	SLPS-03573
Black-Matrix 00 (Japan) (Disc 1) (Shokai Genteiban)	Japan	SLPS-03571
Black-Matrix 00 (Japan) (Disc 2)	Japan	SLPS-03574
Black-Matrix 00 (Japan) (Disc 2) (Shokai Genteiban)	Japan	SLPS-03572
Blackjack vs. Matsuda Jun (Japan)	Japan	SLPS-01983
Blade (Europe)	Europe	SLES-03213
Blade (France)	France	SLES-03214
Blade (Germany)	Germany	SLES-03215
Blade (USA)	USA	SLUS-01215
Blade Arts - Tasogare no Miyako R'lyeh (Japan)	Japan	SLPM-86602
Blade Maker (Japan)	Japan	SLPS-01795
Blam! Machinehead (Europe)	Europe	SLES-00349
Blam! Machinehead (France)	France	SLES-00350
Blam! Machinehead (Germany)	Germany	SLES-00351
Blam! Machinehead (Japan)	Japan	SLPS-00798
Blast Chamber (Europe) (En,Fr,De,Es,It)	Europe	SLES-00476
Blast Chamber (USA)	USA	SLUS-00219
Blast Lacrosse (USA)	USA	SLUS-01380
Blast Lacrosse (USA) (Alt)	USA	SLUS-01380
Blast Radius (Europe)	Europe	SLES-01169
Blast Radius (France)	France	SLES-01192
Blast Radius (USA)	USA	SLUS-00642
Blaster Master (Japan)	Japan	SLPS-02617
Blaster Master (Japan)	Japan	SLPS-03269
Blaster Master - Blasting Again (Europe) (En,Fr,De,Es,It)	Europe	SLES-02273
Blaster Master - Blasting Again (USA)	USA	SLUS-01031
Blasto (Europe) (En,Fr,De,Es,It)	Europe	SCES-01224
Blasto (USA)	USA	SCUS-94412
Blaze & Blade - Eternal Quest (Europe)	Europe	SLES-00845
Blaze & Blade - Eternal Quest (Germany)	Germany	SLES-01274
Blaze & Blade - Eternal Quest (Japan)	Japan	SLPS-01209
Blaze & Blade Busters (Japan)	Japan	SLPS-01576
Blazing Dragons (Europe)	Europe	SLES-00247
Blazing Dragons (France)	France	SLES-00305
Blazing Dragons (Germany)	Germany	SLES-00306
Blazing Dragons (USA)	USA	SLUS-00100
Blend x Brand - Odekake Gousei RPG (Japan)	Japan	SLPS-02818
Blend x Brand - Odekake Gousei RPG (Japan)	Japan	SLPS-03224
Block Buster (Europe)	Europe	SLES-04067
Block Kuzushi (Japan)	Japan	SLPM-87236
Block Kuzushi - Deden no Gyakushuu (Japan)	Japan	SLPS-00353
Block Kuzushi - Kowashite Help! (Japan)	Japan	SLPS-03042
Block Kuzushi 2 (Japan)	Japan	SLPS-02578
Block Wars (Japan)	Japan	SLPS-03219
Blockbuster Playstation Challenge (Europe)	Europe	SCED-00877
Blockids (Europe)	Europe	SLES-04003
Blockids (Japan)	Japan	SLPS-00205
Blockids (Japan) (DX Pack)	Japan	SLPS-00206
Blockids (USA)	USA	SLUS-01496
Blood Factory (Japan)	Japan	SLPS-00235
Blood Lines (Europe) (En,Fr,De,Es,It)	Europe	SCES-01443
Blood Omen - Legacy of Kain (Europe)	Europe	SLES-00075
Blood Omen - Legacy of Kain (France)	France	SLES-00522
Blood Omen - Legacy of Kain (Germany)	Germany	SLES-00523
Blood Omen - Legacy of Kain (USA)	USA	SLUS-00027
Bloody Roar (USA)	USA	SCUS-94199
Bloody Roar - Hyper Beast Duel (Europe)	Europe	SLES-01010
Bloody Roar - Hyper Beast Duel (Japan, Asia) (En,Ja)	Japan	SCPS-45129
Bloody Roar - Hyper Beast Duel (Japan, Asia) (En,Ja)	Japan	SLPS-01070
Bloody Roar - Hyper Beast Duel (Japan, Asia) (En,Ja)	Japan	SLPS-91157
Bloody Roar 2 - Bringer of the New Age (Europe)	Europe	SLES-01722
Bloody Roar 2 - Bringer of the New Age (Japan, Asia)	Japan	SCPS-45374
Bloody Roar 2 - Bringer of the New Age (Japan, Asia)	Japan	SLPS-01842
Bloody Roar II (USA)	USA	SCUS-94424
Blue Breaker - Egao no Yakusoku (Japan)	Japan	SLPS-01122
Blue Breaker - Egao no Yakusoku (Japan) (Major Wave)	Japan	SLPM-86646
Blue Breaker Burst - Egao no Asu ni (Japan)	Japan	SLPS-01580
Blue Breaker Burst - Egao no Asu ni (Japan) (Major Wave)	Japan	SLPM-86648
Blue Breaker Burst - Hohoemi o Anata to (Japan)	Japan	SLPS-01502
Blue Breaker Burst - Hohoemi o Anata to (Japan) (Major Wave)	Japan	SLPM-86647
Blue Breaker Burst - Hohoemi o Anata to (Japan) (Shokai Genteiban)	Japan	SLPS-01469
Blue Marlin, The (Japan)	Japan	SLPM-86718
Blue Marlin, The (Japan)	Japan	SLPS-02752
Blue's Clues - Blue's Big Musical (Australia)	Australia	SLES-03570
Blue's Clues - Blue's Big Musical (USA)	USA	SLUS-01198
Bob Aggiustatutto (Italy)	Italy	SLES-03674
Bob le Bricoleur - Reparer C'est Gagne ! (France)	France	SLES-03798
Bob the Builder - Can We Fix It (Europe)	Europe	SLES-02856
Bob the Builder - Can We Fix It (USA)	USA	SLUS-01407
Body Hazard (Japan)	Japan	SLPS-00865
Bogey Dead 6 (USA)	USA	SCUS-94307
Boku no Choro Q (Japan)	Japan	SLPM-87024
Boku no Natsuyasumi - Summer Holiday 20th Century (Japan)	Japan	SCPS-10088
Boku no Natsuyasumi - Summer Holiday 20th Century (Japan)	Japan	SCPS-91232
Boku wa Koukuu Kanseikan (Japan)	Japan	SLPS-02514
Bokujou Monogatari - Harvest Moon (Japan)	Japan	SLPS-02489
Bokujou Monogatari - Harvest Moon (Japan) (Rev 1)	Japan	SLPS-91218
Bokujou Monogatari - Harvest Moon for Girl (Japan)	Japan	SLPS-03087
Bokujou Monogatari - Harvest Moon for Girl (Japan)	Japan	SLPS-91525
Bomberman (Europe)	Europe	SLES-01893
Bomberman (Japan, Asia)	Japan	SCPS-45368
Bomberman (Japan, Asia)	Japan	SLPM-86844
Bomberman (Japan, Asia)	Japan	SLPS-01717
Bomberman - Party Edition (USA)	USA	SLUS-01189
Bomberman Fantasy Race (Europe) (En,Fr,De,Es)	Europe	SLES-01712
Bomberman Fantasy Race (Japan)	Japan	SLPM-87102
Bomberman Fantasy Race (Japan)	Japan	SLPS-01525
Bomberman Fantasy Race (Japan)	Japan	SLPS-91138
Bomberman Fantasy Race (USA)	USA	SLUS-00823
Bomberman Land (Japan)	Japan	SLPS-03002
Bomberman Land (Japan) (Rev 1)	Japan	SLPS-03002
Bomberman Land (Japan) (Rev 2)	Japan	SLPM-87080
Bomberman Land (Japan) (Rev 2)	Japan	SLPM-87364
Bomberman Wars (Japan, Asia)	Japan	SCPS-45225
Bomberman Wars (Japan, Asia)	Japan	SLPS-01347
Bomberman World (Europe, Australia) (En,Fr,De,Es,It)	Europe	SCES-01078
Bomberman World (Japan)	Japan	SLPS-01155
Bomberman World (Japan) (Rev 1)	Japan	SLPS-91149
Bomberman World (USA)	USA	SLUS-00680
Bombing Islands, The (Europe)	Europe	SLES-03163
Bombing Islands, The (Japan)	Japan	SLPS-91449
Bombing Islands, The (USA)	USA	SLUS-01292
Bonogurashi - Kore de Kanpeki Disu (Japan)	Japan	SLPS-00333
Book of Watermarks, The (Japan) (Disc 1)	Japan	SCPS-10094
Book of Watermarks, The (Japan) (Disc 2)	Japan	SCPS-10095
BoomBots (USA)	USA	SLUS-00968
Bottom of the 9th '97 (USA)	USA	SLUS-00296
Bottom of the 9th '99 (USA)	USA	SLUS-00678
Bottom of the 9th (USA)	USA	SLUS-00049
Bottom of the 9th - Major League Heroes (Japan)	Japan	SLPM-86004
Boucliers de Quetzalcoatl, Les - Les Chevaliers de Baphomet II (France)	France	SCES-00799
Boundary Gate - Daughter of Kingdom (Japan)	Japan	SLPS-00907
Bounty Hunter Sara - Holy Mountain no Teiou (Japan)	Japan	SLPM-86735
Bounty Sword - Double Edge (Japan)	Japan	SLPS-01479
Bounty Sword - Double Edge (Japan) (Major Wave)	Japan	SLPM-86625
Bounty Sword First (Japan)	Japan	SLPS-00757
Bounty Sword First (Japan) (Major Wave)	Japan	SLPM-86614
Bowling (USA)	USA	SLUS-01288
Box Champions 2000 (Germany)	Germany	SLES-02324
Box Champions 2001 (Germany)	Germany	SLES-03123
Box-Champions (Germany)	Germany	SLES-01451
Boxer's Road (Japan)	Japan	SLPS-00033
Boxer's Road (Japan) (Rev 1)	Japan	SLPS-91007
Boxing (USA)	USA	SLUS-01309
Boys Be... (Japan)	Japan	SLPS-00779
Boys Be... 2nd Season (Japan)	Japan	SLPS-01705
Brahma Force (Europe)	Europe	SLES-00754
Brahma Force - The Assault on Beltlogger 9 (USA)	USA	SLUS-00444
BrainDead 13 (Japan) (Disc 1)	Japan	SLPS-00514
BrainDead 13 (Japan) (Disc 2)	Japan	SLPS-00515
BrainDead 13 (USA) (Disc 1)	USA	SLUS-00083
BrainDead 13 (USA) (Disc 2)	USA	SLUS-00171
Bratz - Dress Up, Get Down and Be a Bratz Superstar! (Europe) (En,Fr,De,Es,It)	Europe	SLES-03992
Bratz - Dress Up, Get Down and Be a Bratz Superstar! (USA) (En,Fr,Es)	USA	SLUS-01508
Brave Fencer Musashi (USA)	USA	SLUS-00726
Brave Fencer Musashiden (Japan, Asia)	Japan	SCPS-45291
Brave Fencer Musashiden (Japan, Asia)	Japan	SLPS-01490
Brave Fencer Musashiden (Japan, Asia)	Japan	SLPS-02769
Brave Prove (Japan)	Japan	SLPS-01316
Brave Saga 2 (Japan) (Disc 1)	Japan	SLPS-02580
Brave Saga 2 (Japan) (Disc 2)	Japan	SLPS-02581
Brave Saga 2 - Koushiki Data Disc - Yuusha no Akashi 2 (Japan)	Japan	SLPS-02314
Brave Sword (Japan)	Japan	SLPS-02889
Brave Sword (Japan) (Taikenban)	Japan	SLPM-80577
Bravo Air Race (USA)	USA	SLUS-00488
Break Point (Europe) (En,Fr)	Europe	SLES-00258
Break Point (Japan)	Japan	SLPM-86044
Break Thru! (Japan)	Japan	SLPS-00129
Break Volley (Japan)	Japan	SLPS-02375
Breakout (USA)	USA	SLUS-01170
Breakout - A Story of Bat Meets Ball...! (Europe) (En,Fr,De,It)	Europe	SLES-02854
Breath of Fire III (Europe)	Europe	SLES-01304
Breath of Fire III (France)	France	SLES-01319
Breath of Fire III (Germany)	Germany	SLES-01320
Breath of Fire III (Japan)	Japan	SLPS-00990
Breath of Fire III (Japan) (Rev 1)	Japan	SLPM-86720
Breath of Fire III (USA)	USA	SLUS-00422
Breath of Fire IV (Europe)	Europe	SLES-03552
Breath of Fire IV (USA)	USA	SLUS-01324
Breath of Fire IV - Utsurowazaru Mono (Japan)	Japan	SLPM-87159
Breath of Fire IV - Utsurowazaru Mono (Japan)	Japan	SLPS-02728
Breath of Fire IV - Utsurowazaru Mono (Japan) (Rev 1)	Japan	SLPM-87159
Breed Master (Japan)	Japan	SLPM-87054
Breeding Stud - Bokujou de Aimashou (Japan)	Japan	SLPM-86012
Breeding Stud 2 (Japan)	Japan	SLPM-86087
Brian Lara Cricket (Europe)	Europe	SLES-00759
Brigandine - Gensou Tairiku Senki (Japan)	Japan	SLPS-01107
Brigandine - Grand Edition (Japan) (Disc 1)	Japan	SLPS-02661
Brigandine - Grand Edition (Japan) (Disc 2)	Japan	SLPS-02662
Brigandine - The Legend of Forsena (USA)	USA	SLUS-00687
Brightis (Japan)	Japan	SCPS-10105
Broken Helix (Europe)	Europe	SLES-00873
Broken Helix (Germany)	Germany	SLES-00962
Broken Helix (Japan)	Japan	SLPM-86065
Broken Helix (USA)	USA	SLUS-00289
Broken Sword - La Leyenda de los Templarios (Spain)	Spain	SCES-00414
Broken Sword - The Shadow of the Templars (Europe)	Europe	SCES-00346
Broken Sword - The Shadow of the Templars (Italy)	Italy	SCES-00468
Broken Sword - The Shadow of the Templars (USA)	USA	SLUS-00484
Broken Sword II - La Profezia dei Maya (Italy)	Italy	SCES-00801
Broken Sword II - Las Fuerzas del Mal (Spain)	Spain	SCES-00802
Broken Sword II - The Smoking Mirror (Europe)	Europe	SCES-00798
Broken Sword II - The Smoking Mirror (USA)	USA	SLUS-00812
Brunswick Circuit Pro Bowling (Europe)	Europe	SLES-01376
Brunswick Circuit Pro Bowling (USA)	USA	SLUS-00571
Brunswick Circuit Pro Bowling 2 (Europe)	Europe	SLES-02618
Brunswick Circuit Pro Bowling 2 (USA)	USA	SLUS-00856
Bubble Bobble also featuring Rainbow Islands (Europe)	Europe	SLES-00448
Bubble Bobble also featuring Rainbow Islands (USA)	USA	SLUS-00370
Bubblegun Kid (Japan)	Japan	SLPS-01710
Bubsy 3D - Furbitten Planet (Europe)	Europe	SLES-00122
Bubsy 3D - Furbitten Planet (USA)	USA	SLUS-00110
Buckle Up! (Japan)	Japan	SLPS-01105
Buggy (Europe) (En,Fr,De,Es,It,Pt)	Europe	SLES-00174
Buggy (Europe) (En,Fr,De,Es,It,Pt) (EDC)	Europe	SLES-00174
Bugi (Japan)	Japan	SLPM-86133
Bugriders - The Race of Kings (Europe)	Europe	SLES-00875
Bugriders - The Race of Kings (USA)	USA	SLUS-00354
Bugs Bunny & Taz - Time Busters (Europe) (En,Fr,De,Es,It,Nl)	Europe	SLES-02896
Bugs Bunny & Taz - Time Busters (USA) (En,Fr,Es)	USA	SLUS-01144
Bugs Bunny - Lost in Time (Europe) (En,Fr,De,Es,It,Nl)	Europe	SLES-01726
Bugs Bunny - Lost in Time (USA) (En,Fr,Es)	USA	SLUS-00838
Builder's Block (USA)	USA	SLUS-01086
Building Crush! (Japan)	Japan	SLPS-00497
Bundesliga 2000 - Der Fussball-Manager (Germany)	Germany	SLES-02564
Bundesliga Stars 2000 (Germany)	Germany	SLES-02143
Bundesliga Stars 2001 (Germany)	Germany	SLES-03065
Burger Burger - Hamburger Simulation (Japan)	Japan	SLPS-00888
Burger Burger - Hamburger Simulation (Japan)	Japan	SLPS-91103
Burger Burger 2 (Japan)	Japan	SLPM-86246
Burger Burger 2 (Japan)	Japan	SLPM-86804
Burning Road (Europe)	Europe	SLES-00345
Burning Road (Japan)	Japan	SLPS-00518
Burning Road (USA)	USA	SLUS-00324
BursTrick - Wake Boarding!! (Europe) (En,Fr,De)	Europe	SLES-03338
BursTrick - Wake Boarding!! (Japan)	Japan	SLPS-02792
BursTrick - Wake Boarding!! (USA)	USA	SLUS-01317
Bushido Blade (Europe)	Europe	SCES-00899
Bushido Blade (Japan)	Japan	SLPM-86020
Bushido Blade (Japan)	Japan	SLPM-87403
Bushido Blade (USA)	USA	SCUS-94180
Bushido Blade 2 (Japan, Asia)	Japan	SCPS-45187
Bushido Blade 2 (Japan, Asia)	Japan	SLPS-01294
Bushido Blade 2 (USA)	USA	SLUS-00663
Bust A Groove (USA)	USA	SCUS-94263
Bust A Groove 2 (USA)	USA	SLUS-01159
Bust A Move (Japan)	Japan	SLPS-01237
Bust A Move (Japan) (Disc 1) (Genteiban)	Japan	SLPS-01232
Bust A Move (Japan) (Disc 2) (Premium CD-ROM) (Genteiban)	Japan	SLPS-01233
Bust A Move 2 - Dance Tengoku Mix (Japan)	Japan	SLPM-86219
Bust-A-Groove (Europe) (En,Fr,De,Es,It)	Europe	SCES-01313
Bust-A-Move '99 (USA)	USA	SLUS-00725
Bust-A-Move 2 - Arcade Edition (Europe)	Europe	SLES-00278
Bust-A-Move 2 - Arcade Edition (USA)	USA	SLUS-00233
Bust-A-Move 3 DX (Europe)	Europe	SLES-00991
Bust-A-Move 4 (Europe)	Europe	SLES-01389
Bust-A-Move 4 (USA)	USA	SLUS-00754
Buster Bros. Collection (USA)	USA	SLUS-00208
Buttsubushi (Europe, Australia)	Europe	SLES-04104
Buttsubushi (Japan)	Japan	SLPS-03162
Byggare Bob - Kan Vi Fixa Det (Sweden)	Sweden	SLES-03562
Byggemand Bob - Kan Vi Klare Det (Denmark)	Denmark	SLES-03564
Byggmester Bob - Kan Det Fikses (Norway)	Norway	SLES-03563
C - The Contra Adventure (USA)	USA	SLUS-00499
C-12 - Final Resistance (Europe)	Europe	SCES-03364
C-12 - Final Resistance (Europe) (Es,It)	Europe	SCES-03366
C-12 - Final Resistance (Europe) (Fr,De)	Europe	SCES-03365
C-12 - Final Resistance (Russia)	Russia	SCES-03426
C-12 - Final Resistance (USA)	USA	SCUS-94666
C1 - Circuit (Japan)	Japan	SLPS-00279
C3 Racing - Car Constructors Championship (Europe) (En,Fr,De,Es,It)	Europe	SLES-01363
C3 Racing - Car Constructors Championship (Europe) (En,Fr,De,Es,It) (Rev 1)	Europe	SLES-01363
CART World Series (USA)	USA	SCUS-94416
CBZ - CyBall Zone (Germany)	Germany	SLES-01216
CG Mukashi Banashi - Jiisan 2-do Bikkuri!! (Japan)	Japan	SLPS-00230
CRW - Counter Revolution War (Japan)	Japan	SLPS-00220
CT Special Forces (Europe) (En,Fr,De,Es,It,Nl)	Europe	SLES-03986
CT Special Forces 3 - Bioterror (Europe) (En,Fr,De,Es,It,Nl)	Europe	SLES-04155
CTR - Crash Team Racing (Europe) (En,Fr,De,Es,It,Nl)	Europe	SCES-02105
CTR - Crash Team Racing (USA)	USA	SCUS-94426
Cabela's Big Game Hunter - Ultimate Challenge (USA)	USA	SLUS-01391
Cabela's Ultimate Deer Hunt - Open Season (USA)	USA	SLUS-01474
Cadillac (Japan)	Japan	SLPS-02079
Cadillac (Japan)	Japan	SLPS-02087
Cadillac (Japan)	Japan	SLPS-02089
Caesars Palace (Europe)	Europe	SLES-01008
Caesars Palace (USA)	USA	SLUS-00285
Caesars Palace 2000 - Millennium Gold Edition (Europe)	Europe	SLES-02476
Caesars Palace 2000 - Millennium Gold Edition (USA)	USA	SLUS-01089
Caesars Palace II (Europe)	Europe	SLES-01486
Caesars Palace II (USA)	USA	SLUS-00780
Calcio Manager 2000 (Italy)	Italy	SLES-02614
Calcolo! Ochimono Shooting (Japan)	Japan	SLPS-01071
California Surfing (Europe)	Europe	SLES-03921
California Watersports (Europe) (En,Fr,De)	Europe	SLES-02950
Canal+ Premier Manager (Europe) (Fr,Es,It)	Europe	SLES-02293
Capcom Generation - Dai-1-shuu Gekitsuiou no Jidai (Japan)	Japan	SLPM-86748
Capcom Generation - Dai-1-shuu Gekitsuiou no Jidai (Japan)	Japan	SLPS-01535
Capcom Generation - Dai-2-shuu Makai to Kishi (Japan)	Japan	SLPM-86778
Capcom Generation - Dai-2-shuu Makai to Kishi (Japan)	Japan	SLPS-01585
Capcom Generation - Dai-3-shuu Koko ni Rekishi Hajimaru (Japan)	Japan	SLPM-87362
Capcom Generation - Dai-3-shuu Koko ni Rekishi Hajimaru (Japan)	Japan	SLPS-01649
Capcom Generation - Dai-4-shuu Kokou no Eiyuu (Japan)	Japan	SLPM-86814
Capcom Generation - Dai-4-shuu Kokou no Eiyuu (Japan)	Japan	SLPS-01701
Capcom Generation - Dai-5-shuu Kakutoukatachi (Japan)	Japan	SLPM-87365
Capcom Generation - Dai-5-shuu Kakutoukatachi (Japan)	Japan	SLPS-01725
Capcom Generations (Europe) (Disc 1) (Wings of Destiny)	Europe	SLES-01881
Capcom Generations (Europe) (Disc 2) (Chronicles of Arthur)	Europe	SLES-11881
Capcom Generations (Europe) (Disc 3) (The First Generation)	Europe	SLES-21881
Capcom Generations (Europe) (Disc 4) (Blazing Guns)	Europe	SLES-31881
Capcom Generations (Germany) (Disc 1) (Wings of Destiny)	Germany	SLES-02098
Capcom Generations (Germany) (Disc 2) (Chronicles of Arthur)	Germany	SLES-12098
Capcom Generations (Germany) (Disc 3) (The First Generation)	Germany	SLES-22098
Capcom vs. SNK - Millennium Fight 2000 Pro (Europe)	Europe	SLES-03889
Capcom vs. SNK - Millennium Fight 2000 Pro (Japan)	Japan	SLPM-87053
Capcom vs. SNK Pro (USA)	USA	SLUS-01476
Captain Commando (Japan)	Japan	SLPS-01567
Captain Love (Japan)	Japan	SLPM-86216
Captain Love (Japan) (Major Wave)	Japan	SLPM-86767
Captain Tsubasa - Arata naru Densetsu Joshou (Japan)	Japan	SLPM-87060
Captain Tsubasa J - Get in the Tomorrow (Japan)	Japan	SLPS-00310
Car and Driver Presents - Grand Tour Racing '98 (USA)	USA	SLUS-00494
Card Games (USA)	USA	SLUS-01379
Card Shark (Europe)	Europe	SLES-03206
Cardcaptor Sakura - Clow Card Magic (Japan)	Japan	SLPS-02561
Cardcaptor Sakura - Clow Card Magic (Japan) (Genteiban)	Japan	SLPS-02560
Cardinal Syn (Europe)	Europe	SCES-01043
Cardinal Syn (France)	France	SCES-01077
Cardinal Syn (Italy)	Italy	SCES-01205
Cardinal Syn (Spain)	Spain	SCES-01206
Cardinal Syn (USA)	USA	SCUS-94156
Carmageddon (Europe) (En,Fr,Es,It)	Europe	SLES-01960
Carmageddon (Germany) (En,Fr,De,Es)	Germany	SLES-01961
Carnage Heart (Europe) (En,Fr,De,Es,It)	Europe	SCES-00441
Carnage Heart (Japan)	Japan	SLPS-00151
Carnage Heart (USA)	USA	SCUS-94604
Carnage Heart (USA) (Mission Briefing)	USA	SCUS-94604
Carnage Heart (USA) (Mission Briefing)	USA	SCUS-94964
Carnage Heart EZ (Easy Zapping) (Japan)	Japan	SLPS-00919
Carnage Heart Extra (Japan)	Japan	SLPM-80015
Carom Shot (Japan)	Japan	SLPS-00837
Carom Shot 2 (Japan)	Japan	SLPS-01486
Carton-kun (Japan)	Japan	SLPS-02935
Casper (Europe) (En,Fr,De)	Europe	SLES-00045
Casper (USA)	USA	SLUS-00162
Casper - Friends Around the World (Europe) (En,Fr,De,Es,It)	Europe	SLES-03113
Casper - Friends Around the World (Korea)	Korea	SLPM-88505
Casper - Friends Around the World (USA)	USA	SLUS-01245
Castlevania - Symphony of the Night (Asia)	Asia	SCPS-45196
Castlevania - Symphony of the Night (Europe)	Europe	SLES-00524
Castlevania - Symphony of the Night (USA)	USA	SLUS-00067
Castlevania Chronicle - Akumajou Dracula (Japan)	Japan	SLPM-86754
Castlevania Chronicle - Akumajou Dracula (Japan) (Rev 1)	Japan	SLPM-86754
Castlevania Chronicles (Europe)	Europe	SLES-03532
Castlevania Chronicles (USA)	USA	SLUS-01384
Castrol Honda Superbike Racing (Europe) (En,Fr,De,It)	Europe	SLES-01182
Castrol Honda Superbike Racing (USA)	USA	SLUS-00882
Castrol Honda VTR (Europe) (En,Fr,De,It)	Europe	SLES-02942
Cat in the Hat, The (USA)	USA	SLUS-01579
Cat the Ripper - 13Ninme no Tanteishi (Japan)	Japan	SLPS-00908
Catan - Die erste Insel (Germany)	Germany	SLES-02825
Catherine Catherine - Enfants Terrible - Visual Disc (Japan)	Japan	SLPM-80330
Cellophanes (Japan)	Japan	SLPS-01081
Center Shiken Trial - Eigo no Tetsujin (Japan)	Japan	SCPS-10013
Centipede (Europe) (En,Es,Sv)	Europe	SLES-01664
Centipede (Europe) (Fr,De,It,Nl)	Europe	SLES-01900
Centipede (USA)	USA	SLUS-00807
Cha Cha Special 04-99 Demo (Belgium, Netherlands) (En,Fr,Nl)	Belgium	SCED-01992
Chakushin Melody da mon (Japan)	Japan	SLPS-02422
Chakushin Melody da mon Gold (Japan)	Japan	SLPS-02847
Chakushin Melody da mon Volume. 2 (Japan)	Japan	SLPS-02556
Chakushin Melody da mon Volume. 3 (Japan)	Japan	SLPS-02601
Chakushin Melody da mon Volume. 4 (Japan)	Japan	SLPS-02707
Champion Wrestler - Jikkyou Live (Japan)	Japan	SLPM-86617
Champion Wrestler - Jikkyou Live (Japan)	Japan	SLPS-00237
Championship Bass (Europe)	Europe	SLES-02775
Championship Bass (Japan)	Japan	SLPS-02674
Championship Bass (USA)	USA	SLUS-01084
Championship Manager Quiz (Europe)	Europe	SLES-03634
Championship Motocross 2001 featuring Ricky Carmichael (Europe)	Europe	SLES-03252
Championship Motocross 2001 featuring Ricky Carmichael (USA)	USA	SLUS-01230
Championship Motocross featuring Ricky Carmichael (Europe)	Europe	SLES-02200
Championship Motocross featuring Ricky Carmichael (USA)	USA	SLUS-00790
Championship Surfer (Europe) (En,Fr,De,Es,It,Nl)	Europe	SLES-03427
Championship Surfer (USA)	USA	SLUS-01216
Chaos Break (Europe) (En,Fr,De,It)	Europe	SLES-03107
Chaos Break (Japan)	Japan	SLPM-86363
Chaos Control (Japan)	Japan	SLPS-00168
Character Tkool (Japan)	Japan	SLPS-02862
Charumera (Japan)	Japan	SLPS-02415
Charumera (Japan)	Japan	SLPS-03031
Chase the Express (Europe) (Disc 1)	Europe	SCES-02812
Chase the Express (Europe) (Disc 2)	Europe	SCES-12812
Chase the Express (France) (Disc 1)	France	SCES-02813
Chase the Express (France) (Disc 2)	France	SCES-12813
Chase the Express (Germany) (Disc 1)	Germany	SCES-02814
Chase the Express (Germany) (Disc 2)	Germany	SCES-12814
Chase the Express (Italy) (Disc 1)	Italy	SCES-02815
Chase the Express (Italy) (Disc 2)	Italy	SCES-12815
Chase the Express (Japan, Asia) (Disc 1)	Japan	SCPS-10109
Chase the Express (Japan, Asia) (Disc 1)	Japan	SCPS-45478
Chase the Express (Japan, Asia) (Disc 2)	Japan	SCPS-10110
Chase the Express (Japan, Asia) (Disc 2)	Japan	SCPS-45479
Chase the Express - El Expreso de la Muerte (Spain) (Disc 1)	Spain	SCES-02816
Chase the Express - El Expreso de la Muerte (Spain) (Disc 2)	Spain	SCES-12816
Checkmate (Europe)	Europe	SLES-02917
Checkmate (Japan)	Japan	SLPS-01251
Checkmate (Japan) (Renkaban)	Japan	SLPS-03136
Checkmate II (Europe)	Europe	SLES-04053
Cheesy (Europe) (En,Fr)	Europe	SLES-00053
Cheesy (Japan)	Japan	SLPS-00893
Chess (USA)	USA	SLUS-01400
Chess 2000 (Japan)	Japan	SLPS-02624
Chessmaster 3-D, The (Europe)	Europe	SLES-00187
Chessmaster 3-D, The (USA)	USA	SLUS-00052
Chessmaster II (Europe)	Europe	SLES-02117
Chessmaster II (USA)	USA	SLUS-00886
Chessmaster, The (Japan)	Japan	SLPS-00331
Chevaliers de Baphomet, Les (France)	France	SCES-00347
Chi Vuol Essere Miliardario (Italy)	Italy	SLES-03582
Chi Vuol Essere Milionario Seconda Edizione (Italy)	Italy	SLES-03917
Chibi Chara Game - Ginga Eiyuu Densetsu (Japan) (Disc 1) (Go! Go! Casino)	Japan	SLPS-02027
Chibi Chara Game - Ginga Eiyuu Densetsu (Japan) (Disc 1) (Go! Go! Casino) (Shokai Tokuten Reinhart Genteiban)	Japan	SLPS-01834
Chibi Chara Game - Ginga Eiyuu Densetsu (Japan) (Disc 1) (Go! Go! Casino) (Shokai Tokuten Yan Genteiban)	Japan	SLPS-02025
Chibi Chara Game - Ginga Eiyuu Densetsu (Japan) (Disc 2) (Let's Sugoroku) (Shokai Tokuten Reinhart Genteiban)	Japan	SLPS-01835
Chibi Chara Game - Ginga Eiyuu Densetsu (Japan) (Disc 2) (Let's Surogoku)	Japan	SLPS-02028
Chibi Chara Game - Ginga Eiyuu Densetsu (Japan) (Disc 2) (Let's Surogoku) (Shokai Tokuten Yan Genteiban)	Japan	SLPS-02026
Chibi Maruko-chan - Maruko Enikki World (Japan)	Japan	SLPS-00166
Chicken Run (Europe)	Europe	SLES-03188
Chicken Run (Europe) (Fr,De,Es,It)	Europe	SLES-03285
Chicken Run (USA)	USA	SLUS-01304
Chiisana Kyojin Microman (Japan)	Japan	SLPS-01926
Chiisana Kyojin Microman (Japan)	Japan	SLPS-02568
Chiisana Oukoku Erutoria (Japan)	Japan	SLPS-02750
Chill (Europe) (En,Fr,De,Es,It)	Europe	SLES-00711
China - The Forbidden City (Europe) (En,Es,Nl,Sv)	Europe	SLES-02297
Chine - Intrigue dans la Cite Interdite (France)	France	SLES-02090
Chinmoku no Kantai - The Silent Service (Japan)	Japan	SLPS-02788
Chivas 1-2-3 - Destiny! Unmei o Kaeru Mono! (Japan)	Japan	SLPS-01893
Chocobo Racing (Europe)	Europe	SLES-02079
Chocobo Racing (USA)	USA	SLUS-00844
Chocobo Racing - Genkai e no Road (Japan)	Japan	SLPS-01951
Chocobo Racing - Genkai e no Road (Japan)	Japan	SLPS-02522
Chocobo Racing - Genkai e no Road (Japan)	Japan	SLPS-91438
Chocobo Stallion (Japan)	Japan	SLPS-02520
Chocobo Stallion (Japan)	Japan	SLPS-02521
Chocobo no Fushigi na Dungeon (Japan)	Japan	SLPS-01234
Chocobo no Fushigi na Dungeon 2 (Japan, Asia)	Japan	SCPS-45371
Chocobo no Fushigi na Dungeon 2 (Japan, Asia)	Japan	SLPS-01771
Chocobo's Dungeon 2 (USA)	USA	SLUS-00814
Chocolate Kiss (Japan)	Japan	SLPS-03400
Choro Q (Japan)	Japan	SLPS-00242
Choro Q 2 (Japan)	Japan	SLPS-00710
Choro Q 2 (Japan)	Japan	SLPS-91080
Choro Q 3 (Japan)	Japan	SLPS-01244
Choro Q 3 (Japan)	Japan	SLPS-91136
Choro Q Jet - Rainbow Wings (Japan)	Japan	SLPS-01140
Choro Q Jet - Rainbow Wings (Japan)	Japan	SLPS-02569
Choro Q Marine - Q-Boat (Japan)	Japan	SLPS-01436
Choro Q Marine - Q-Boat (Japan)	Japan	SLPS-91152
Choro Q Ver. 1.02 (Japan)	Japan	SLPS-91015
Choro Q Wonderful! (Japan)	Japan	SLPM-86902
Choro Q Wonderful! (Japan)	Japan	SLPS-02205
Chou Aniki - Kyuukyoku Muteki Ginga Saikyou Otoko (Japan)	Japan	SLPM-86873
Chou Aniki - Kyuukyoku Muteki Ginga Saikyou Otoko (Japan)	Japan	SLPS-00183
Chou Aniki - Kyuukyoku Muteki Ginga Saikyou Otoko - Shotaiken Manual CD-ROM (Japan)	Japan	SLPM-80013
Chou Hatsumei Boy Kanipan - Hirameki Wonderland (Japan)	Japan	SLPM-86299
Chou Jikuu Yousai Macross - Ai Oboete Imasu ka (Japan) (Disc 1)	Japan	SLPS-02005
Chou Jikuu Yousai Macross - Ai Oboete Imasu ka (Japan) (Disc 2)	Japan	SLPS-02006
Chou Jiryoku Senshi Microman - Generation 2000 (Japan)	Japan	SLPS-02490
Chou Kousoku Gran Doll (Japan)	Japan	SLPS-00935
Chou Kousoku Gran Doll (Japan) (Disc 1) (Premium Edition)	Japan	SLPS-00869
Chou Kousoku Gran Doll (Japan) (Disc 2) (Tokusei Premium Disc) (Premium Edition)	Japan	SLPS-00870
Chou Mashin Eiyuuden Wataru - Another Step (Japan)	Japan	SLPS-01368
Chou Nazo-ou (Japan)	Japan	SLPS-02123
Chou Sentou Kyuugi Vanborg (Japan)	Japan	SLPS-01871
Choujin Gakuen - Gowcaizer (Japan)	Japan	SLPS-00527
Chouzetsu Daigirin '99-nen Natsu-ban (Japan)	Japan	SLPM-80396
Chouzetsu Daigirin 2000-nen Fuyu-ban (Japan)	Japan	SLPM-80519
Chris Kamara's Street Soccer (Europe)	Europe	SLES-02948
Chronicles of the Sword (Europe) (Disc 1)	Europe	SLES-00165
Chronicles of the Sword (Europe) (Disc 2)	Europe	SLES-10165
Chronicles of the Sword (France) (Disc 1)	France	SLES-00166
Chronicles of the Sword (France) (Disc 2)	France	SLES-10166
Chronicles of the Sword (Germany) (Disc 1)	Germany	SLES-00167
Chronicles of the Sword (Germany) (Disc 2)	Germany	SLES-10167
Chronicles of the Sword (Italy) (Disc 1)	Italy	SLES-00192
Chronicles of the Sword (Italy) (Disc 2)	Italy	SLES-10192
Chronicles of the Sword (Spain) (Disc 1)	Spain	SLES-00191
Chronicles of the Sword (Spain) (Disc 2)	Spain	SLES-10191
Chronicles of the Sword (USA) (Disc 1)	USA	SCUS-94700
Chronicles of the Sword (USA) (Disc 2)	USA	SCUS-94701
Chrono Cross (Japan, Asia) (Disc 1)	Japan	SCPS-45447
Chrono Cross (Japan, Asia) (Disc 1)	Japan	SLPM-87395
Chrono Cross (Japan, Asia) (Disc 1)	Japan	SLPS-02364
Chrono Cross (Japan, Asia) (Disc 1)	Japan	SLPS-02777
Chrono Cross (Japan, Asia) (Disc 1)	Japan	SLPS-91464
Chrono Cross (Japan, Asia) (Disc 2)	Japan	SCPS-45448
Chrono Cross (Japan, Asia) (Disc 2)	Japan	SLPM-87396
Chrono Cross (Japan, Asia) (Disc 2)	Japan	SLPS-02365
Chrono Cross (Japan, Asia) (Disc 2)	Japan	SLPS-02778
Chrono Cross (Japan, Asia) (Disc 2)	Japan	SLPS-91465
Chrono Cross (USA, Canada) (Disc 1)	USA	SLUS-01041
Chrono Cross (USA, Canada) (Disc 2)	USA	SLUS-01080
Chrono Trigger (Japan)	Japan	SLPM-87374
Chrono Trigger (Japan)	Japan	SLPS-02430
Chrono Trigger (Japan)	Japan	SLPS-91446
Cina - Crimini nella Citta Proibita (Italy)	Italy	SLES-02296
Cindy's Caribbean Holiday (Europe)	Europe	SLES-04148
Cindy's Fashion World (Europe)	Europe	SLES-04147
Cinema Eikaiwa Series Dai-1-dan - Tengoku ni Ikenai Papa (Japan) (Disc 1) (Joukan)	Japan	SLPM-86565
Cinema Eikaiwa Series Dai-1-dan - Tengoku ni Ikenai Papa (Japan) (Disc 1) (Joukan)	Japan	SLPS-01813
Cinema Eikaiwa Series Dai-1-dan - Tengoku ni Ikenai Papa (Japan) (Disc 2) (Chuukan)	Japan	SLPM-86566
Cinema Eikaiwa Series Dai-1-dan - Tengoku ni Ikenai Papa (Japan) (Disc 2) (Chuukan)	Japan	SLPS-01814
Cinema Eikaiwa Series Dai-1-dan - Tengoku ni Ikenai Papa (Japan) (Disc 3) (Gekan)	Japan	SLPM-86567
Cinema Eikaiwa Series Dai-1-dan - Tengoku ni Ikenai Papa (Japan) (Disc 3) (Gekan)	Japan	SLPS-01815
Cinema Eikaiwa Series Dai-2-dan - Interceptor (Japan) (Disc 1) (Joukan)	Japan	SLPM-86554
Cinema Eikaiwa Series Dai-2-dan - Interceptor (Japan) (Disc 1) (Joukan)	Japan	SLPS-01872
Cinema Eikaiwa Series Dai-2-dan - Interceptor (Japan) (Disc 2) (Chuukan)	Japan	SLPM-86555
Cinema Eikaiwa Series Dai-2-dan - Interceptor (Japan) (Disc 2) (Chuukan)	Japan	SLPS-01873
Cinema Eikaiwa Series Dai-2-dan - Interceptor (Japan) (Disc 3) (Gekan)	Japan	SLPM-86556
Cinema Eikaiwa Series Dai-2-dan - Interceptor (Japan) (Disc 3) (Gekan)	Japan	SLPS-01874
Cinema Eikaiwa Series Dai-3-dan - Arashigaoka (Japan) (Disc 1) (Joukan)	Japan	SLPM-86551
Cinema Eikaiwa Series Dai-3-dan - Arashigaoka (Japan) (Disc 1) (Joukan)	Japan	SLPS-01954
Cinema Eikaiwa Series Dai-3-dan - Arashigaoka (Japan) (Disc 2) (Chuukan)	Japan	SLPM-86552
Cinema Eikaiwa Series Dai-3-dan - Arashigaoka (Japan) (Disc 2) (Chuukan)	Japan	SLPS-01955
Cinema Eikaiwa Series Dai-3-dan - Arashigaoka (Japan) (Disc 3) (Gekan)	Japan	SLPM-86553
Cinema Eikaiwa Series Dai-3-dan - Arashigaoka (Japan) (Disc 3) (Gekan)	Japan	SLPS-01956
Cinema Eikaiwa Series Dai-4-dan - Boy's Life (Japan) (Disc 1)	Japan	SLPM-86568
Cinema Eikaiwa Series Dai-4-dan - Boy's Life (Japan) (Disc 1)	Japan	SLPS-02016
Cinema Eikaiwa Series Dai-4-dan - Boy's Life (Japan) (Disc 2)	Japan	SLPM-86569
Cinema Eikaiwa Series Dai-4-dan - Boy's Life (Japan) (Disc 2)	Japan	SLPS-02017
Cinema Eikaiwa Series Dai-4-dan - Boy's Life (Japan) (Disc 3)	Japan	SLPM-86570
Cinema Eikaiwa Series Dai-4-dan - Boy's Life (Japan) (Disc 3)	Japan	SLPS-02018
Cinema Eikaiwa Series Dai-4-dan - Boy's Life (Japan) (Disc 4)	Japan	SLPM-86571
Cinema Eikaiwa Series Dai-4-dan - Boy's Life (Japan) (Disc 4)	Japan	SLPS-02019
Cinema Eikaiwa Series Dai-5-dan - Zombie (Japan) (Disc 1)	Japan	SLPM-86557
Cinema Eikaiwa Series Dai-5-dan - Zombie (Japan) (Disc 1)	Japan	SLPS-02060
Cinema Eikaiwa Series Dai-5-dan - Zombie (Japan) (Disc 2)	Japan	SLPM-86558
Cinema Eikaiwa Series Dai-5-dan - Zombie (Japan) (Disc 2)	Japan	SLPS-02061
Cinema Eikaiwa Series Dai-5-dan - Zombie (Japan) (Disc 3)	Japan	SLPM-86559
Cinema Eikaiwa Series Dai-5-dan - Zombie (Japan) (Disc 3)	Japan	SLPS-02062
Cinema Eikaiwa Series Dai-5-dan - Zombie (Japan) (Disc 4)	Japan	SLPM-86560
Cinema Eikaiwa Series Dai-5-dan - Zombie (Japan) (Disc 4)	Japan	SLPS-02063
Cinema Eikaiwa Series Dai-6-dan - Ai no Hate ni (Japan) (Disc 1)	Japan	SLPM-86241
Cinema Eikaiwa Series Dai-6-dan - Ai no Hate ni (Japan) (Disc 1)	Japan	SLPM-86561
Cinema Eikaiwa Series Dai-6-dan - Ai no Hate ni (Japan) (Disc 2)	Japan	SLPM-86242
Cinema Eikaiwa Series Dai-6-dan - Ai no Hate ni (Japan) (Disc 2)	Japan	SLPM-86562
Cinema Eikaiwa Series Dai-6-dan - Ai no Hate ni (Japan) (Disc 3)	Japan	SLPM-86243
Cinema Eikaiwa Series Dai-6-dan - Ai no Hate ni (Japan) (Disc 3)	Japan	SLPM-86563
Cinema Eikaiwa Series Dai-6-dan - Ai no Hate ni (Japan) (Disc 4)	Japan	SLPM-86244
Cinema Eikaiwa Series Dai-6-dan - Ai no Hate ni (Japan) (Disc 4)	Japan	SLPM-86564
Circadia (Japan) (Disc 1)	Japan	SCPS-10077
Circadia (Japan) (Disc 2)	Japan	SCPS-10078
Circuit Beat (Japan)	Japan	SLPS-00311
Circuit Breakers (Europe) (En,Fr,De,Es,It)	Europe	SLES-00753
Circuit Breakers (USA)	USA	SLUS-00697
Cite des Enfants Perdus, La (France)	France	SLES-00573
City Bravo! (Japan)	Japan	SLPS-00361
City Bravo! (Japan)	Japan	SLPS-02166
City Bravo! Business-hen (Japan)	Japan	SLPS-02421
City of Lost Children, The (Europe) (En,Es,It)	Europe	SLES-00170
City of Lost Children, The (USA) (En,Es,It)	USA	SCUS-94150
Ciudad de los Ninos Perdidos, La (Spain)	Spain	SLES-00638
Civilization II (Europe)	Europe	SLES-01794
Civilization II (France)	France	SLES-01795
Civilization II (Germany)	Germany	SLES-01796
Civilization II (Italy)	Italy	SLES-01797
Civilization II (Japan)	Japan	SLPS-01735
Civilization II (Spain)	Spain	SLES-01798
Civilization II (USA)	USA	SLUS-00792
Civizard - Majutsu no Keifu (Japan)	Japan	SLPS-00618
Classic Road (Japan)	Japan	SLPS-00160
Classic Road (Japan)	Japan	SLPS-91012
Classic Road (Japan) (Otanoshimi Data Disc)	Japan	SLPM-80019
Classic Road - Yuushun 2 (Japan)	Japan	SLPS-01325
Classic Road 2 (Japan)	Japan	SLPS-02039
Cleopatra Fortune (Europe)	Europe	SLES-03935
Cleopatra Fortune (Japan)	Japan	SLPS-03187
Cleopatra's Fortune (USA)	USA	SLUS-01491
Click Manga - Click no Hi (Japan)	Japan	SLPS-02354
Click Manga - Dynamic Robot Taisen 1 - Shutsugeki! Kyoui no Robot Gundan!! (Japan)	Japan	SLPS-02131
Click Manga - Dynamic Robot Taisen 2 - Kyoufu! Akuma Zoku Fukkatsu (Japan)	Japan	SLPS-02407
Click Manga - Ginga Eiyuu Densetsu 1 - Eien no Yoru no Naka de (Japan)	Japan	SLPS-02128
Click Manga - Ginga Eiyuu Densetsu 2 - Iserlohn Kouryaku (Japan)	Japan	SLPS-02353
Click Manga - Opera-za no Kaijin (Japan)	Japan	SLPS-02130
Click Medic (Japan)	Japan	SLPS-01838
Clock Tower (Europe)	Europe	SLES-00870
Clock Tower (France)	France	SLES-00871
Clock Tower (Germany)	Germany	SLES-00872
Clock Tower (USA)	USA	SLUS-00539
Clock Tower - Ghost Head (Japan)	Japan	SLPS-01290
Clock Tower - The First Fear (Japan)	Japan	SLPS-00917
Clock Tower 2 (Japan)	Japan	SLPS-00657
Clock Tower 2 (Japan)	Japan	SLPS-91056
Clock Tower II - The Struggle Within (USA)	USA	SLUS-00695
ClockWerx (Japan)	Japan	SLPS-00387
Cocktail Harmony (Japan)	Japan	SLPS-01569
Codemasters Demo CD (USA)	USA	SLUS-90091
Codemasters Demo Disk (Europe)	Europe	SLED-02809
Codemasters Q3 2000 Demo (Europe)	Europe	SLED-03094
Codename - Tenka (USA)	USA	SCUS-94409
Codename - Tenka (USA) (Rev 1)	USA	SCUS-94409
Cold Blood (Germany) (Disc 1)	Germany	SCES-02151
Cold Blood (Germany) (Disc 2)	Germany	SCES-12151
Colin McRae - The Rally (Japan)	Japan	SLPS-01938
Colin McRae - The Rally (Japan)	Japan	SLPS-02849
Colin McRae - The Rally 02 (Japan)	Japan	SLPS-02878
Colin McRae Rally (Europe) (En,Fr,De,Es)	Europe	SLES-00477
Colin McRae Rally (Europe) (En,Fr,De,Es) (Rev 1)	Europe	SLES-00477
Colin McRae Rally (Italy)	Italy	SLES-01204
Colin McRae Rally (Italy) (Rev 1)	Italy	SLES-01204
Colin McRae Rally (USA)	USA	SCUS-94474
Colin McRae Rally 2.0 (Europe) (En,Fr,De,Es,It)	Europe	SLES-02605
Colin McRae Rally 2.0 (Europe) (En,Fr,De,Es,It) (Rev 1)	Europe	SLES-02605
Colin McRae Rally 2.0 (USA) (En,Fr,Es)	USA	SLUS-01222
College Slam (USA)	USA	SLUS-00196
Colony Wars (Europe) (Disc 1)	Europe	SLES-00860
Colony Wars (Europe) (Disc 2)	Europe	SLES-10860
Colony Wars (France) (Disc 1)	France	SLES-00861
Colony Wars (France) (Disc 2)	France	SLES-10861
Colony Wars (Germany) (Disc 1)	Germany	SLES-00862
Colony Wars (Germany) (Disc 2)	Germany	SLES-10862
Colony Wars (Italy) (Disc 1)	Italy	SLES-00863
Colony Wars (Italy) (Disc 2)	Italy	SLES-10863
Colony Wars (Japan) (Disc 1)	Japan	SLPS-01403
Colony Wars (Japan) (Disc 2)	Japan	SLPS-01404
Colony Wars (Spain) (Disc 1)	Spain	SLES-00864
Colony Wars (Spain) (Disc 2)	Spain	SLES-10864
Colony Wars (USA) (Disc 1)	USA	SLUS-00543
Colony Wars (USA) (Disc 2)	USA	SLUS-00554
Colony Wars - El Sol Rojo (Spain)	Spain	SCES-02624
Colony Wars - Red Sun (Europe)	Europe	SCES-01924
Colony Wars - Red Sun (France)	France	SCES-02621
Colony Wars - Red Sun (Germany)	Germany	SCES-02622
Colony Wars - Red Sun (Italy)	Italy	SCES-02623
Colony Wars - Red Sun (USA)	USA	SLUS-00866
Colony Wars - Vengeance (Europe)	Europe	SLES-01392
Colony Wars - Vengeance (France)	France	SLES-01405
Colony Wars - Vengeance (Germany)	Germany	SLES-01406
Colony Wars - Vengeance (Italy)	Italy	SLES-01407
Colony Wars - Vengeance (Spain)	Spain	SLES-01408
Colony Wars - Vengeance (USA, Canada)	USA	SLUS-00722
Colorful Logic (Japan)	Japan	SLPS-02794
Colorful Logic 2 (Japan)	Japan	SLPS-03115
Colorful Logic 3 (Japan)	Japan	SLPS-03239
Combat Choro Q (Japan)	Japan	SLPS-01904
Combi Mahjong Awase uchi with Maboroshi Tsukiyo Characters (Japan)	Japan	SLPM-86515
Combination Pro Soccer - J.League no Kantoku ni Natte Sekai o Mezase! (Japan)	Japan	SLPS-01429
Combination Pro Soccer - J.League no Kantoku ni Natte Sekai o Mezase! (Japan) (Rev 1)	Japan	SLPS-01429
Comic Bom Bom - DigimonWorld Premium Disc (Japan)	Japan	SLPM-80402
Comic Bom Bom - Special Movie Disc (Japan)	Japan	SLPM-80536
Command & Conquer (Europe) (Disc 1) (GDI)	Europe	SLES-00530
Command & Conquer (Europe) (Disc 2) (NOD)	Europe	SLES-10530
Command & Conquer (France) (Disc 1) (GDI)	France	SLES-00531
Command & Conquer (France) (Disc 2) (NOD)	France	SLES-10531
Command & Conquer (USA) (Disc 1) (GDI)	USA	SLUS-00379
Command & Conquer (USA) (Disc 2) (NOD)	USA	SLUS-00410
Command & Conquer - Alarmstufe Rot (Germany) (Disc 1)	Germany	SLES-01007
Command & Conquer - Alarmstufe Rot (Germany) (Disc 2)	Germany	SLES-11007
Command & Conquer - Alarmstufe Rot - Gegenschlag (Germany) (Disc 2) (Die Sowjets)	Germany	SLES-11345
Command & Conquer - Alerte Rouge (France) (Disc 1) (Allies)	France	SLES-01006
Command & Conquer - Alerte Rouge (France) (Disc 2) (Sovietiques)	France	SLES-11006
Command & Conquer - Alerte Rouge - Mission Tesla (France) (Disc 1) (Allies)	France	SLES-01344
Command & Conquer - Alerte Rouge - Mission Tesla (France) (Disc 2) (Sovietiques)	France	SLES-11344
Command & Conquer - Red Alert & Bloody Roar (Europe)	Europe	SLED-01255
Command & Conquer - Red Alert (Europe) (Disc 1) (Allies)	Europe	SLES-00949
Command & Conquer - Red Alert (Europe) (Disc 2) (Soviet)	Europe	SLES-10949
Command & Conquer - Red Alert (USA) (Disc 1) (Allies)	USA	SLUS-00431
Command & Conquer - Red Alert (USA) (Disc 2) (Soviet)	USA	SLUS-00485
Command & Conquer - Red Alert - Retaliation (Europe) (Disc 1) (Allies)	Europe	SLES-01343
Command & Conquer - Red Alert - Retaliation (Europe) (Disc 2) (Soviet)	Europe	SLES-11343
Command & Conquer - Red Alert - Retaliation (USA) (Disc 1) (Allies)	USA	SLUS-00665
Command & Conquer - Red Alert - Retaliation (USA) (Disc 2) (Soviet)	USA	SLUS-00667
Command & Conquer - Teil 1 - Der Tiberiumkonflikt (Germany) (Disc 1) (GDI)	Germany	SLES-00532
Command & Conquer - Teil 1 - Der Tiberiumkonflikt (Germany) (Disc 2) (NOD)	Germany	SLES-10532
Command & Conquer Complete (Japan) (Disc 1) (GDI)	Japan	SLPS-00976
Command & Conquer Complete (Japan) (Disc 2) (NOD)	Japan	SLPS-00977
Community Pom (Japan)	Japan	SLPS-00817
Community Pom - Omoide o Dakishimete (Japan)	Japan	SLPS-02116
Compilation 01 (Australia)	Australia	SLED-02310
Compilation 02 (Australia)	Australia	SLED-02415
Compilation 03 (Australia)	Australia	SLED-02439
Compilation 04 (Australia)	Australia	SLED-02440
Complete Soccer Onside (Japan)	Japan	SLPS-01062
Concert, Le - ff - Fortissimo (Japan)	Japan	SLPS-02344
Concert, Le - ff - Fortissimo (Japan)	Japan	SLPS-02926
Concert, Le - pp - Pianissimo (Japan)	Japan	SLPS-02343
Concert, Le - pp - Pianissimo (Japan)	Japan	SLPS-02925
Constructor (Europe) (En,Fr,De,Es)	Europe	SLES-00927
Constructor (Italy)	Italy	SLES-01428
Contender (USA)	USA	SCUS-94294
Contender 2 (USA)	USA	SLUS-01305
Contra - Legacy of War (Europe)	Europe	SLES-00608
Contra - Legacy of War (USA)	USA	SLUS-00288
Conveni 2, The - Zenkoku Chain Tenkai da! (Japan)	Japan	SLPS-01146
Conveni 2, The - Zenkoku Chain Tenkai da! (Japan) (Major Wave)	Japan	SLPM-86691
Conveni Special, The - 3-tsu no Sekai o Dokusen seyo (Japan)	Japan	SLPS-01301
Conveni, The - Ano Machi o Dokusen seyo (Japan)	Japan	SLPS-00782
Conveni, The - Ano Machi o Dokusen seyo (Japan)	Japan	SLPS-91104
Conveni, The - Ano Machi o Dokusen seyo (Japan) (Major Wave)	Japan	SLPM-86655
Cool Boarders (Europe)	Europe	SCES-00568
Cool Boarders (Japan)	Japan	SLPS-00456
Cool Boarders (Japan)	Japan	SLPS-91031
Cool Boarders (USA)	USA	SCUS-94356
Cool Boarders 2 (Europe)	Europe	SCES-00992
Cool Boarders 2 (USA)	USA	SCUS-94358
Cool Boarders 2 - Killing Session (Japan, Asia)	Japan	SCPS-45103
Cool Boarders 2 - Killing Session (Japan, Asia)	Japan	SLPS-00967
Cool Boarders 2 - Killing Session (Japan, Asia)	Japan	SLPS-91122
Cool Boarders 2001 (USA)	USA	SCUS-94597
Cool Boarders 3 (Europe)	Europe	SCES-01615
Cool Boarders 3 (Japan)	Japan	SLPS-01698
Cool Boarders 3 (USA)	USA	SCUS-94251
Cool Boarders 4 (Europe)	Europe	SCES-02283
Cool Boarders 4 (Japan)	Japan	SLPS-02527
Cool Boarders 4 (USA)	USA	SCUS-94559
Cooly Skunk (Japan)	Japan	SLPS-00499
Cooly Skunk (Japan)	Japan	SLPS-02464
Copa del Mundo - Francia '98 (Spain)	Spain	SLES-01269
Cosmic Race (Japan)	Japan	SLPS-00009
Cosmowarrior Zero (Japan)	Japan	SLPM-86484
Countdown Vampires (Japan) (Disc 1)	Japan	SLPS-02504
Countdown Vampires (Japan) (Disc 2)	Japan	SLPS-02505
Countdown Vampires (USA) (Disc 1)	USA	SLUS-00898
Countdown Vampires (USA) (Disc 2)	USA	SLUS-01199
Coupe du Monde 98 (France)	France	SLES-01266
Courier Crisis - The Saga of the Modern Fatalist (Europe) (En,Fr,De,It)	Europe	SLES-00326
Courier Crisis - The Saga of the Modern Fatalist (Japan)	Japan	SLPS-01128
Courier Crisis - The Saga of the Modern Fatalist (USA)	USA	SLUS-00442
Covert Ops - Nuclear Dawn (USA) (Disc 1)	USA	SLUS-01151
Covert Ops - Nuclear Dawn (USA) (Disc 2)	USA	SLUS-01157
Cowboy Bebop (Japan)	Japan	SLPS-01126
Cowboy Bebop (Japan)	Japan	SLPS-03258
Crash Bandicoot (Europe) (EDC)	Europe	SCES-00344
Crash Bandicoot (Europe, Australia)	Europe	SCES-00344
Crash Bandicoot (Japan) (Otameshi Disc)	Japan	PAPX-90010
Crash Bandicoot (Japan, Asia)	Japan	SCPS-10031
Crash Bandicoot (Japan, Asia)	Japan	SCPS-45026
Crash Bandicoot (Japan, Asia)	Japan	SCPS-91057
Crash Bandicoot (Japan, Asia)	Japan	SCPS-91304
Crash Bandicoot (USA)	USA	SCUS-94900
Crash Bandicoot - Warped (USA)	USA	SCUS-94244
Crash Bandicoot 2 - Cortex Strikes Back (Europe) (En,Fr,De,Es,It)	Europe	SCES-00967
Crash Bandicoot 2 - Cortex Strikes Back (Europe, Australia) (En,Fr,De,Es,It) (EDC)	Europe	SCES-00967
Crash Bandicoot 2 - Cortex Strikes Back (USA)	USA	SCUS-94154
Crash Bandicoot 2 - Cortex no Gyakushuu! (Japan) (Taikenban)	Japan	PCPX-96098
Crash Bandicoot 2 - Cortex no Gyakushuu! (Japan, Asia)	Japan	SCPS-10047
Crash Bandicoot 2 - Cortex no Gyakushuu! (Japan, Asia)	Japan	SCPS-45180
Crash Bandicoot 2 - Cortex no Gyakushuu! (Japan, Asia)	Japan	SCPS-91092
Crash Bandicoot 2 - Cortex no Gyakushuu! (Japan, Asia)	Japan	SCPS-91309
Crash Bandicoot 3 - Buttobi! Sekai Isshuu (Japan, Asia)	Japan	SCPS-10073
Crash Bandicoot 3 - Buttobi! Sekai Isshuu (Japan, Asia)	Japan	SCPS-45350
Crash Bandicoot 3 - Buttobi! Sekai Isshuu (Japan, Asia)	Japan	SCPS-91164
Crash Bandicoot 3 - Buttobi! Sekai Isshuu (Japan, Asia)	Japan	SCPS-91318
Crash Bandicoot 3 - Warped (Europe, Australia) (En,Fr,De,Es,It)	Europe	SCES-01420
Crash Bandicoot Carnival (Japan, Asia)	Japan	SCPS-10140
Crash Bandicoot Carnival (Japan, Asia)	Japan	SCPS-45511
Crash Bandicoot Carnival (Japan, Asia)	Japan	SCPS-91319
Crash Bandicoot Racing (Japan, Asia)	Japan	SCPS-10118
Crash Bandicoot Racing (Japan, Asia)	Japan	SCPS-45470
Crash Bandicoot Racing (Japan, Asia)	Japan	SCPS-91230
Crash Bandicoot Racing (Japan, Asia)	Japan	SCPS-91328
Crash Bash (Europe) (En,Fr,De,Es,It)	Europe	SCES-02834
Crash Bash (USA)	USA	SCUS-94570
Crazy Climber 2000 (Japan)	Japan	SLPS-02582
Creature Shock (Japan) (Disc 1)	Japan	SLPS-00120
Creature Shock (Japan) (Disc 2)	Japan	SLPS-00121
Creatures (Europe) (En,Fr,De,Es,It)	Europe	SLES-03690
Creatures (USA)	USA	SLUS-01438
Creatures - Raised in Space (Europe) (En,Fr,De,Es,It)	Europe	SLES-04111
Creatures - Raised in Space (USA)	USA	SLUS-01553
Cricket 2000 (Europe)	Europe	SLES-02495
Crime Crackers (Japan)	Japan	SCPS-10003
Crime Crackers 2 (Japan)	Japan	SCPS-10037
Crime Killer (Europe) (En,Fr,De,Es,It)	Europe	SLES-00954
Crime Killer (USA)	USA	SLUS-00576
Crisis Beat (Europe)	Europe	SLES-02793
Crisis Beat (Japan)	Japan	SLPS-01430
Crisis City (Japan)	Japan	SLPS-01269
Critical Blow (Japan)	Japan	SLPS-01044
Critical Depth (Europe)	Europe	SLES-00136
Critical Depth (USA)	USA	SLUS-00428
Criticom (Europe)	Europe	SLES-00196
Criticom (USA)	USA	SLUS-00046
Criticom - The Critical Combat (Japan)	Japan	SLPS-00229
Croc - Legend of the Gobbos (Europe)	Europe	SLES-00593
Croc - Legend of the Gobbos (USA)	USA	SLUS-00530
Croc 2 (Europe) (En,Fr,De,Es,It,Nl,Sv)	Europe	SLES-02088
Croc 2 (USA)	USA	SLUS-00634
Croc Adventure (Japan)	Japan	SLPM-86310
Croc! Pau-Pau Island (Japan)	Japan	SLPS-01055
Croket! Kindan no Kinka Box! (Japan)	Japan	SLPM-87235
Croket! Kindan no Kinka Box! (Japan)	Japan	SLPM-87341
Cross Romance - Koi to Mahjong to Hanafuda to (Japan)	Japan	SLPS-00713
Cross Romance - Koi to Mahjong to Hanafuda to (Japan)	Japan	SLPS-02515
Cross Tantei Monogatari (Japan) (Disc 1)	Japan	SLPM-86280
Cross Tantei Monogatari (Japan) (Disc 2)	Japan	SLPM-86281
Cross Tantei Monogatari 1 - Kouhen (Japan)	Japan	SLPM-86639
Cross Tantei Monogatari 1 - Zenpen (Japan)	Japan	SLPM-86638
Crossroad Crisis (USA)	USA	SLUS-01342
Crow, The - City of Angels (Europe)	Europe	SLES-00279
Crow, The - City of Angels (Germany)	Germany	SLES-00648
Crow, The - City of Angels (Japan)	Japan	SLPS-00769
Crow, The - City of Angels (USA)	USA	SLUS-00242
Crown Knights, The - Jaja-uma! Quartet - Mega Dream Destruction+ (Japan)	Japan	SLPS-01558
Crusader - No Remorse (Europe)	Europe	SLES-00587
Crusader - No Remorse (France)	France	SLES-00588
Crusader - No Remorse (Germany)	Germany	SLES-00589
Crusader - No Remorse (USA)	USA	SLUS-00268
Crusaders of Might and Magic (Europe)	Europe	SLES-02582
Crusaders of Might and Magic (France)	France	SLES-02583
Crusaders of Might and Magic (Germany)	Germany	SLES-02584
Crusaders of Might and Magic (Italy)	Italy	SLES-02692
Crusaders of Might and Magic (Spain)	Spain	SLES-02691
Crusaders of Might and Magic (USA)	USA	SLUS-00799
Crypt Killer (Europe)	Europe	SLES-00292
Crypt Killer (USA)	USA	SLUS-00335
Cu-On-Pa (Japan)	Japan	SLPS-01026
Cubix Robots for Everyone - Race 'n Robots (Europe)	Europe	SLES-03729
Cubix Robots for Everyone - Race 'n Robots (USA)	USA	SLUS-01422
Culdcept - Cepter's Guild Vol. 1 (Japan)	Japan	SLPM-80451
Culdcept - Cepter's Guild Vol. 2 (Japan)	Japan	SLPM-80477
Culdcept - Expansion (Japan)	Japan	SLPM-86223
Culdcept - Expansion Plus (Japan)	Japan	SLPM-86658
Curiosity Kills the Cat Koukishin wa Neko o Korosu ka (Japan)	Japan	SLPS-01711
Cyber Daisenryaku - Shutsugeki! Haruka-tai (Japan)	Japan	SLPS-01864
Cyber Egg - Battle Champion (Japan)	Japan	SLPS-01048
Cyber Org (Japan)	Japan	SLPS-01910
CyberSled (Europe)	Europe	SCES-00006
CyberSled (Japan)	Japan	SLPS-00023
CyberSled (USA)	USA	SLUS-00008
CyberSpeed (Europe) (En,Fr,De)	Europe	SLES-00114
CyberSpeed (Japan)	Japan	SLPS-00396
CyberSpeed (USA)	USA	SLUS-00116
CyberSpeed (USA) (Rev 1)	USA	SLUS-00116
CyberTiger (Australia)	Australia	SLES-02371
CyberTiger (Europe) (En,Fr,De,Es,Sv)	Europe	SLES-02370
CyberTiger (USA)	USA	SLUS-01004
Cyberbots - Fullmetal Madness (Japan)	Japan	SLPS-01011
Cyberia (Europe)	Europe	SLES-00233
Cyberia (Europe) (Fr,De)	Europe	SLES-00272
Cyberia (Japan)	Japan	SLPS-00218
Cyberia (USA)	USA	SLUS-00053
Cybernetic Empire (Japan) (Disc 1)	Japan	SLPS-01912
Cybernetic Empire (Japan) (Disc 2)	Japan	SLPS-01913
Cybernetic Tuning Master, The - Exhaust King (Japan)	Japan	SLPM-80422
Cyberwar (Japan) (Disc 1)	Japan	SLPS-00055
Cyberwar (Japan) (Disc 2)	Japan	SLPS-00056
Cyberwar (Japan) (Disc 3)	Japan	SLPS-00057
D (Europe) (Disc 1)	Europe	SLES-00065
D (Europe) (Disc 2)	Europe	SLES-10065
D (Europe) (Disc 3)	Europe	SLES-20065
D (France) (Disc 1)	France	SLES-00161
D (France) (Disc 2)	France	SLES-10161
D (France) (Disc 3)	France	SLES-20161
D (Germany) (Disc 1)	Germany	SLES-00160
D (Germany) (Disc 2)	Germany	SLES-10160
D (Germany) (Disc 3)	Germany	SLES-20160
D (USA) (Disc 1)	USA	SLUS-00128
D (USA) (Disc 2)	USA	SLUS-00173
D (USA) (Disc 3)	USA	SLUS-00174
D no Shokutaku - Complete Graphics (Japan) (Disc 1)	Japan	SLPS-00133
D no Shokutaku - Complete Graphics (Japan) (Disc 1)	Japan	SLPS-91072
D no Shokutaku - Complete Graphics (Japan) (Disc 2)	Japan	SLPS-00134
D no Shokutaku - Complete Graphics (Japan) (Disc 2)	Japan	SLPS-91073
D no Shokutaku - Complete Graphics (Japan) (Disc 3)	Japan	SLPS-00135
D no Shokutaku - Complete Graphics (Japan) (Disc 3)	Japan	SLPS-91074
D-1 Grand Prix (Japan) (Taikenban)	Japan	SLPM-80558
DBZ - Dead Ball Zone (Europe) (En,Fr,De,Es,It)	Europe	SLES-01040
DBZ - Dead Ball Zone (USA) (En,Fr,De,Es,It)	USA	SLUS-00658
DSF Fussball Manager 2001 (Germany)	Germany	SLES-03402
DSF Fussball Manager 2002 (Germany)	Germany	SLES-03864
DX Hyakunin Isshu (Japan)	Japan	SLPM-86908
DX Monopoly (Japan)	Japan	SLPM-87133
DX Monopoly (Japan)	Japan	SLPS-02943
DX Nippon Tokkyuu Ryokou Game - Let's Travel in Japan (Japan)	Japan	SLPS-00570
DX Nippon Tokkyuu Ryokou Game - Let's Travel in Japan (Japan) (Rev 1)	Japan	SLPS-91054
DX Okuman Chouja Game - The Money Battle (Japan)	Japan	SLPS-00623
DX Okuman Chouja Game - The Money Battle (Japan)	Japan	SLPS-91046
DX Okuman Chouja Game II - The Money Battle (Japan)	Japan	SLPS-01586
DX Okuman Chouja Game II - The Money Battle (Japan)	Japan	SLPS-02566
DX Shachou Game (Japan)	Japan	SLPS-02105
DX Shachou Game (Japan)	Japan	SLPS-03071
Dai-2-ji Super Robot Taisen (Japan)	Japan	SLPS-02406
Dai-2-kai! Quiz Darake no Jinsei Game (Japan)	Japan	SLPM-87346
Dai-3-ji Super Robot Taisen (Japan)	Japan	SLPS-02530
Dai-4-ji Super Robot Taisen S (Japan)	Japan	SLPS-00196
Dai-4-ji Super Robot Taisen S (Japan) (Rev 1)	Japan	SLPS-91014
Daibouken Deluxe - Haruka naru Umi (Japan)	Japan	SLPS-00813
Daikoukai Jidai Gaiden (Japan)	Japan	SLPS-01021
Daikoukai Jidai Gaiden (Japan) (Rev 1)	Japan	SLPM-86309
Daikoukai Jidai II (Japan)	Japan	SLPM-86203
Daikoukai Jidai II (Japan)	Japan	SLPS-00656
Daikoukai Jidai IV - Porto Estado (Japan)	Japan	SLPM-86382
Daikoukai Jidai IV - Porto Estado (Japan) (Koei the Best)	Japan	SLPM-86996
Daikoukai Jidai IV - Porto Estado (Japan) (Shokai Genteiban)	Japan	SLPM-86431
Daiobake Yashiki - Hamamura Jun no Jitsuwa Kaidan (Japan)	Japan	SLPS-02160
Daisenryaku - Master Combat (Japan)	Japan	SLPS-01699
Daisenryaku - Master Combat (Japan)	Japan	SLPS-02855
Daisenryaku - Player's Spirit (Japan)	Japan	SLPS-00299
Daisenryaku - Player's Spirit (Japan) (Rev 1)	Japan	SLPS-91178
Dakar '97 (Japan)	Japan	SLPS-00634
Dalmatians 2 (Europe) (En,Fr,De)	Europe	SLES-04061
Dalmatians, The (Europe) (En,Fr,De,Nl)	Europe	SLES-02959
DamDam Stompland (Japan)	Japan	SLPS-01135
Dance Dance Revolution (Japan)	Japan	SLPM-86222
Dance Dance Revolution (USA)	USA	SLUS-01280
Dance Dance Revolution - Best Hits (Japan)	Japan	SLPM-86693
Dance Dance Revolution - Disney Mix (USA)	USA	SLUS-01281
Dance Dance Revolution - Disney's Rave (Japan)	Japan	SLPM-86667
Dance Dance Revolution - Extra Mix (Japan)	Japan	SLPM-86831
Dance Dance Revolution 2nd Remix (Japan)	Japan	SLPM-86252
Dance Dance Revolution 2nd Remix - Append Club Version Vol. 1 (Japan, Asia)	Japan	SCPS-45456
Dance Dance Revolution 2nd Remix - Append Club Version Vol. 1 (Japan, Asia)	Japan	SLPM-86370
Dance Dance Revolution 2nd Remix - Append Club Version Vol. 2 (Japan)	Japan	SLPM-86399
Dance Dance Revolution 3rd Mix (Japan)	Japan	SLPM-86503
Dance Dance Revolution 4th Mix (Japan)	Japan	SLPM-86752
Dance Dance Revolution 5th Mix (Japan)	Japan	SLPM-86897
Dance Dance Revolution Konamix (USA)	USA	SLUS-01446
Dance Europe (Europe) (Fr,De,Es,It,Nl,Pt)	Europe	SLES-04129
Dance! Dance! Dance! (Japan)	Japan	SLPM-86150
Dancing Blade Katte ni Momotenshi II - Tears of Eden (Japan) (Disc 1)	Japan	SLPM-86210
Dancing Blade Katte ni Momotenshi II - Tears of Eden (Japan) (Disc 2)	Japan	SLPM-86211
Dancing Blade Katte ni Momotenshi II - Tears of Eden (Japan) (Disc 3)	Japan	SLPM-86212
Dancing Blade Katte ni Momotenshi! (Japan) (Disc 1)	Japan	SLPM-86100
Dancing Blade Katte ni Momotenshi! (Japan) (Disc 2)	Japan	SLPM-86101
Dancing Blade Katte ni Momotenshi! (Japan) (Disc 3)	Japan	SLPM-86102
Dancing Stage - Disney Mix (Europe)	Europe	SLES-03384
Dancing Stage - Euromix (Europe)	Europe	SLES-02941
Dancing Stage - Party Edition (Europe)	Europe	SLES-03882
Dancing Stage Fever (Europe)	Europe	SLES-04097
Dancing Stage Fusion (Europe) (En,Fr,De,Es,It)	Europe	SLES-04163
Dancing Stage featuring Dreams Come True (Japan)	Japan	SLPM-86505
Dancing Stage featuring True Kiss Destination (Japan)	Japan	SLPM-86411
Dangan (Japan)	Japan	SLPS-02609
Danger Girl (Europe)	Europe	SLES-03198
Danger Girl (USA)	USA	SLUS-00881
Dare Devil Derby 3D (Japan)	Japan	SLPS-01025
Dare Devil Derby 3D (USA)	USA	SLUS-00300
Darius Gaiden (Japan)	Japan	SLPS-00574
Dark Hunter Ge - Youma no Mori (Japan)	Japan	SLPS-00789
Dark Hunter Jou - Ijigen Gakuen (Japan) (En,Ja)	Japan	SLPS-00773
Dark Messiah (Japan)	Japan	SLPS-01422
Dark Seed II (Japan)	Japan	SLPS-00938
Dark Tales - From the Lost Soul (Japan)	Japan	SLPS-02316
Darklight Conflict (Europe) (En,Fr,De,Es,It,Sv)	Europe	SLES-00663
Darklight Conflict (USA) (En,Fr,De,Es,It,Sv)	USA	SLUS-00457
Darkseed (Japan)	Japan	SLPS-00108
Darkstalkers - The Night Warriors (Europe)	Europe	SLES-00251
Darkstalkers - The Night Warriors (USA)	USA	SLUS-00036
Darkstalkers 3 (Europe)	Europe	SLES-01719
Darkstalkers 3 (USA)	USA	SLUS-00745
Darkstone (Australia)	Australia	SLES-03447
Darkstone (Europe) (En,Fr,De,Es,It)	Europe	SLES-00612
Darkstone (USA)	USA	SLUS-01182
Dave Mirra Freestyle BMX (Europe)	Europe	SLES-02740
Dave Mirra Freestyle BMX (Europe) (En,Fr,De)	Europe	SLES-03249
Dave Mirra Freestyle BMX (Japan)	Japan	SLPM-86682
Dave Mirra Freestyle BMX (USA)	USA	SLUS-01026
Dave Mirra Freestyle BMX (USA) (Rev 1)	USA	SLUS-01026
Dave Mirra Freestyle BMX - Maximum Remix (Europe)	Europe	SLES-03371
Dave Mirra Freestyle BMX - Maximum Remix (USA)	USA	SLUS-01347
David Beckham Soccer (Europe)	Europe	SLES-03488
David Beckham Soccer (Europe) (Fr,De,Es,It)	Europe	SLES-03682
David Beckham Soccer (USA)	USA	SLUS-01455
Davis Cup Complete Tennis (Europe)	Europe	SLES-00096
De Sang Froid (France) (Disc 1)	France	SCES-02150
De Sang Froid (France) (Disc 2)	France	SCES-12150
Dead in the Water (USA)	USA	SLUS-00693
Dead or Alive (Europe)	Europe	SCES-01259
Dead or Alive (Japan, Asia)	Japan	SCPS-45190
Dead or Alive (Japan, Asia)	Japan	SLPS-01289
Dead or Alive (USA)	USA	SLUS-00606
Deadheat Road (Japan)	Japan	SLPS-00267
Deadly Skies (Japan)	Japan	SLPS-01036
Death Wing (Japan)	Japan	SLPS-00489
DeathMask (Japan) (Disc 1)	Japan	SLPS-00225
DeathMask (Japan) (Disc 2)	Japan	SLPS-00226
DeathMask (Japan) (Disc 3)	Japan	SLPS-00227
Debut 21 (Japan)	Japan	SLPS-01229
Deception III - Dark Delusion (USA)	USA	SLUS-01067
Deco Pre 2 '99 (Japan)	Japan	SLPM-80478
Deco Pre 97-98 - Data East Taikenban Special (Japan)	Japan	SLPM-80174
Deep Freeze (Japan)	Japan	SLPS-01817
Deep Sea Adventure - Kaitei-kyuu Pantarassa no Nazo (Japan) (Disc 1)	Japan	SLPS-00660
Deep Sea Adventure - Kaitei-kyuu Pantarassa no Nazo (Japan) (Disc 1)	Japan	SLPS-02206
Deep Sea Adventure - Kaitei-kyuu Pantarassa no Nazo (Japan) (Disc 2)	Japan	SLPS-00661
Deep Sea Adventure - Kaitei-kyuu Pantarassa no Nazo (Japan) (Disc 2)	Japan	SLPS-02207
Deep, The - Ushinawareta Shinkai (Japan)	Japan	SLPS-00501
Deep, The - Ushinawareta Shinkai (Japan) (Global Game Selection 2000)	Japan	SLPM-86455
Defcon 5 (Europe)	Europe	SLES-00081
Defcon 5 (France)	France	SLES-00149
Defcon 5 (Germany)	Germany	SLES-00148
Defcon 5 (Italy)	Italy	SLES-00146
Defcon 5 (Japan)	Japan	SLPS-00275
Defcon 5 (Spain)	Spain	SLES-00147
Defeat Lightning (Japan)	Japan	SLPS-00853
Defi au Tetris Magique (France)	France	SCES-02174
Deka Yonku - Tough the Truck (Japan)	Japan	SLPS-00864
Dekiru! Game Center (Japan)	Japan	SLPS-01810
Delta Force Urban Warfare (Europe) (En,Fr,De,Es,It)	Europe	SLES-03890
Delta Force Urban Warfare (France)	France	SLES-03952
Delta Force Urban Warfare (Germany)	Germany	SLES-03919
Delta Force Urban Warfare (USA) (En,Fr,Es)	USA	SLUS-01429
Demo Codemasters (France) (SLED-01725)	France	SLED-01725
Demo Codemasters (France) (SLED-02246)	France	SLED-02246
Demo Disc (Europe) (En,Fr,De,Es,It)	Europe	SCED-02417
Demo One (Germany) (SCES-00064)	Germany	SCES-00064
Demo One (Germany) (SCES-00121)	Germany	SCES-00121
Demo One (Version 1) (Europe)	Europe	SCES-00048
Demo One (Version 2) (Europe, Australia)	Europe	SCES-00120
Demo One (Version 3) (Europe, Australia)	Europe	SCES-00238
Demo One (Version 4) (Europe)	Europe	SCED-00456
Demo One (Version 4) (Germany)	Germany	SCED-00457
Demo One (Version 5) (Europe)	Europe	PBPX-95001
Demo One (Version 5) (Europe)	Europe	SCED-00816
Demo One (Version 6) (Europe, Australia) (En,Fr,De,Es,It)	Europe	PBPX-95007
Demo One (Version 6) (Europe, Australia) (En,Fr,De,Es,It)	Europe	SCED-00816
Demo One (Version 7) (Europe) (En,Fr,De,Es,It)	Europe	PBPX-95008
DemoDemo PlayStation Soukangou Vol. 1 (Japan)	Japan	PCPX-96003
DemoDemo PlayStation Special (Japan)	Japan	PCPX-96015
DemoDemo PlayStation Vol. 10 (Japan)	Japan	PCPX-96014
DemoDemo PlayStation Vol. 11 (Japan)	Japan	PCPX-96016
DemoDemo PlayStation Vol. 12 (Japan)	Japan	PCPX-96018
DemoDemo PlayStation Vol. 13 (Japan)	Japan	PCPX-96019
DemoDemo PlayStation Vol. 14 (Japan)	Japan	PCPX-96021
DemoDemo PlayStation Vol. 15 (Japan)	Japan	PCPX-96022
DemoDemo PlayStation Vol. 16 (Japan)	Japan	PCPX-96025
DemoDemo PlayStation Vol. 17 (Japan)	Japan	PCPX-96026
DemoDemo PlayStation Vol. 18 (Japan)	Japan	PCPX-96027
DemoDemo PlayStation Vol. 19 (Japan)	Japan	PCPX-96032
DemoDemo PlayStation Vol. 2 (Japan)	Japan	PCPX-96005
DemoDemo PlayStation Vol. 20 (Japan)	Japan	PCPX-96036
DemoDemo PlayStation Vol. 21 (Japan)	Japan	PCPX-96038
DemoDemo PlayStation Vol. 22 (Japan)	Japan	PCPX-96042
DemoDemo PlayStation Vol. 3 (Japan)	Japan	PCPX-96006
DemoDemo PlayStation Vol. 4 (Japan)	Japan	PCPX-96007
DemoDemo PlayStation Vol. 5 (Japan)	Japan	PCPX-96008
DemoDemo PlayStation Vol. 6 (Japan)	Japan	PCPX-96009
DemoDemo PlayStation Vol. 7 (Japan)	Japan	PCPX-96010
DemoDemo PlayStation Vol. 8 (Japan)	Japan	PCPX-96011
DemoDemo PlayStation Vol. 9 (Japan)	Japan	PCPX-96013
Demolition Racer (Europe) (En,Fr,De,Es,It)	Europe	SLES-02018
Demolition Racer (USA)	USA	SLUS-00969
Dengeki Construction - Ochigee Yarou ze! (Japan)	Japan	SLPS-01215
Dengeki PlayStation D (Japan)	Japan	SLPM-80071
Dengeki PlayStation D - Konami Fanbook (Japan)	Japan	SLPM-80513
Dengeki PlayStation D10 (Japan)	Japan	SLPM-80281
Dengeki PlayStation D11 (Japan)	Japan	SLPM-80327
Dengeki PlayStation D11 - Yarudora Series Vol. 3 - Sampaguita (Japan) (Taikenban)	Japan	PAPX-90060
Dengeki PlayStation D12 (Japan)	Japan	SLPM-80343
Dengeki PlayStation D13 (Japan)	Japan	SLPM-80362
Dengeki PlayStation D14 (Japan)	Japan	SLPM-80331
Dengeki PlayStation D15 (Japan)	Japan	SLPM-80388
Dengeki PlayStation D16 (Japan)	Japan	SLPM-80399
Dengeki PlayStation D17 (Japan)	Japan	SLPM-80418
Dengeki PlayStation D18 (Japan)	Japan	SLPM-80412
Dengeki PlayStation D19 (Japan)	Japan	SLPM-80425
Dengeki PlayStation D2 (Japan)	Japan	SLPM-80109
Dengeki PlayStation D20 (Japan)	Japan	SLPM-80438
Dengeki PlayStation D21 (Japan)	Japan	SLPM-80457
Dengeki PlayStation D21 SCE Special (Japan)	Japan	PCPX-96159
Dengeki PlayStation D22 (Japan)	Japan	SLPM-80471
Dengeki PlayStation D23 (Japan)	Japan	SLPM-80481
Dengeki PlayStation D24 (Japan)	Japan	SLPM-80496
Dengeki PlayStation D25 (Japan)	Japan	SLPM-80497
Dengeki PlayStation D26 (Japan)	Japan	SLPM-80505
Dengeki PlayStation D27 (Japan)	Japan	SLPM-80516
Dengeki PlayStation D28 (Japan)	Japan	SLPM-80526
Dengeki PlayStation D29 (Japan)	Japan	SLPM-80545
Dengeki PlayStation D3 (Japan)	Japan	SLPM-80130
Dengeki PlayStation D30 (Japan)	Japan	SLPM-80547
Dengeki PlayStation D31 (Japan)	Japan	SLPM-80555
Dengeki PlayStation D32 (Japan)	Japan	SLPM-80557
Dengeki PlayStation D33 (Japan)	Japan	SLPM-80562
Dengeki PlayStation D34 (Japan)	Japan	SLPM-80569
Dengeki PlayStation D35 (Japan)	Japan	SLPM-80574
Dengeki PlayStation D36 (Japan)	Japan	SLPM-80578
Dengeki PlayStation D37 (Japan)	Japan	SLPM-80582
Dengeki PlayStation D38 (Japan)	Japan	SLPM-80589
Dengeki PlayStation D39 (Japan)	Japan	SLPM-80603
Dengeki PlayStation D4 (Japan)	Japan	SLPM-80157
Dengeki PlayStation D41 (Japan)	Japan	SLPM-80607
Dengeki PlayStation D42 (Japan)	Japan	SLPM-80611
Dengeki PlayStation D43 (Japan)	Japan	SLPM-80612
Dengeki PlayStation D44 (Japan)	Japan	SLPM-80615
Dengeki PlayStation D45 (Japan)	Japan	SLPM-80618
Dengeki PlayStation D5 (Japan)	Japan	SLPM-80186
Dengeki PlayStation D6 (Japan)	Japan	SLPM-80214
Dengeki PlayStation D7 (Japan)	Japan	SLPM-80309
Dengeki PlayStation D8 (Japan)	Japan	SLPM-80257
Dengeki PlayStation D8 - Yarudora - Double Cast (Japan) (Taikenban)	Japan	PCPX-96116
Dengeki PlayStation D9 (Japan)	Japan	SLPM-80266
Denkou Sekka Micro Runner - Maniac Hakase no Hisaku (Japan)	Japan	SLPS-02851
Denkou Sekka Micro Runner - Maniac Hakase no Hisaku (Japan)	Japan	SLPS-91429
Denpa Shounen-teki Game (Japan)	Japan	SLPS-01287
Densetsu no Ogre Battle (Japan)	Japan	SLPS-00481
Densetsu no Ogre Battle (Japan)	Japan	SLPS-91083
Densetsu-juu no Ana - Monster Complete World Ver. 2 (Japan)	Japan	SLPS-02297
Densha Daisuki - Plarail ga Ippai (Japan)	Japan	SLPS-01753
Densha de Go! (Japan)	Japan	SLPS-01150
Densha de Go! (Japan) (PlayStation the Best)	Japan	SLPM-86263
Densha de Go! 2 (Japan)	Japan	SLPM-86142
Densha de Go! 2 (Japan) (Rev 1)	Japan	SLPM-86615
Densha de Go! Nagoya Tetsudou-hen (Japan)	Japan	SLPM-86424
Densha de Go! Professional Shiyou (Japan)	Japan	SLPM-86378
Densha de Go! Professional Shiyou (Japan)	Japan	SLPM-86705
Depth (Japan)	Japan	SCPS-18003
Derby Jockey 2001 (Japan)	Japan	SLPS-03131
Derby Jockey R (Japan)	Japan	SLPS-00616
Derby Stallion Magazine 2000 Vol. 1 (Japan)	Japan	SLPM-80538
Derby Stallion Magazine 2000 Vol. 2 (Japan)	Japan	SLPM-80559
Derby Stallion Magazine Furoku CD-ROM Soushuu-hen (Japan)	Japan	SLPM-80378
Derby Stallion Magazine Furoku CD-ROM Vol. 1 (Japan)	Japan	SLPM-80177
Derby Stallion Magazine Furoku CD-ROM Vol. 10 (Japan)	Japan	SLPM-80288
Derby Stallion Magazine Furoku CD-ROM Vol. 11 (Japan)	Japan	SLPM-80315
Derby Stallion Magazine Furoku CD-ROM Vol. 12 (Japan)	Japan	SLPM-80334
Derby Stallion Magazine Furoku CD-ROM Vol. 2 (Japan)	Japan	SLPM-80198
Derby Stallion Magazine Furoku CD-ROM Vol. 3 (Japan)	Japan	SLPM-80211
Derby Stallion Magazine Furoku CD-ROM Vol. 4 (Japan)	Japan	SLPM-80221
Derby Stallion Magazine Furoku CD-ROM Vol. 5 (Japan)	Japan	SLPM-80307
Derby Stallion Magazine Furoku CD-ROM Vol. 6 (Japan)	Japan	SLPM-80235
Derby Stallion Magazine Furoku CD-ROM Vol. 7 (Japan)	Japan	SLPM-80249
Derby Stallion Magazine Furoku CD-ROM Vol. 8 (Japan)	Japan	SLPM-80261
Derby Stallion Magazine Furoku CD-ROM Vol. 9 (Japan)	Japan	SLPM-80280
Deroon Dero Dero (Japan)	Japan	SLPS-00180
Descent (Europe)	Europe	SLES-00055
Descent (Japan)	Japan	SLPS-00212
Descent (USA)	USA	SLUS-00037
Descent II (Europe)	Europe	SLES-00558
Descent Maximum (USA)	USA	SLUS-00460
Deserted Island (Japan)	Japan	SLPS-00602
Destrega (Europe)	Europe	SCES-01768
Destrega (France)	France	SCES-01769
Destrega (Germany)	Germany	SCES-01770
Destrega (Italy)	Italy	SCES-01771
Destrega (Japan)	Japan	SLPS-01591
Destrega (Spain)	Spain	SCES-01772
Destrega (USA)	USA	SLUS-00732
Destruction Derby (Europe)	Europe	SCES-00008
Destruction Derby (Japan)	Japan	SIPS-60001
Destruction Derby (USA)	USA	SCUS-94302
Destruction Derby 2 (Europe)	Europe	SLES-00299
Destruction Derby 2 (Japan, Asia)	Japan	SCPS-45076
Destruction Derby 2 (Japan, Asia)	Japan	SIPS-60012
Destruction Derby 2 (USA, Canada)	USA	SCUS-94350
Destruction Derby Raw (Europe) (En,Fr,De,Es,It)	Europe	SCES-02060
Destruction Derby Raw (USA)	USA	SLUS-00912
Destructo 2 (Europe)	Europe	SLES-04073
Detana Twinbee Yahoo! Deluxe Pack (Japan)	Japan	SLPM-86054
Detana Twinbee Yahoo! Deluxe Pack (Japan)	Japan	SLPS-00100
Detective Barbie - The Mystery Cruise (Europe)	Europe	SLES-03803
Detective Barbie - The Mystery Cruise (USA)	USA	SLUS-01221
Detective Mouse (Europe) (En,Fr,De)	Europe	SLES-04130
Devicereign (Japan)	Japan	SLPS-01889
Devil Dice (USA)	USA	SLUS-00672
Devil Man (Japan)	Japan	SLPS-02275
Devil Summoner - Soul Hackers (Japan) (Disc 1)	Japan	SLPM-87184
Devil Summoner - Soul Hackers (Japan) (Disc 1)	Japan	SLPS-01921
Devil Summoner - Soul Hackers (Japan) (Disc 1)	Japan	SLPS-91200
Devil Summoner - Soul Hackers (Japan) (Disc 2)	Japan	SLPM-87185
Devil Summoner - Soul Hackers (Japan) (Disc 2)	Japan	SLPS-01922
Devil Summoner - Soul Hackers (Japan) (Disc 2)	Japan	SLPS-91201
Devil's Deception (Europe) (En,Fr,De)	Europe	SLES-00848
DewPrism (Japan, Asia)	Japan	SCPS-45436
DewPrism (Japan, Asia)	Japan	SLPM-87402
DewPrism (Japan, Asia)	Japan	SLPS-02330
DewPrism (Japan, Asia)	Japan	SLPS-91455
Dexter's Laboratory - Mandark's Lab (Europe)	Europe	SLES-03627
Dexter's Laboratory - Mandark's Lab (Europe) (Fr,De)	Europe	SLES-03829
Dexter's Laboratory - Mandark's Lab (USA)	USA	SLUS-01421
Dezaemon Kids! (Japan)	Japan	SLPS-01503
Dezaemon Plus (Japan)	Japan	SLPS-00335
Dezaemon Plus Select 100 (Japan) (Rev 1)	Japan	SLPS-01504
Diablo (Europe) (En,Fr,De,Sv)	Europe	SLES-01156
Diablo (Japan)	Japan	SLPS-01416
Diablo (USA) (En,Fr,De,Sv)	USA	SLUS-00619
Dice de Chocobo (Japan)	Japan	SLPS-02523
Die Hard Trilogy (Europe) (En,Fr,De,Es,It,Sv)	Europe	SLES-00445
Die Hard Trilogy (Japan)	Japan	SLPS-00585
Die Hard Trilogy (USA)	USA	SLUS-00119
Die Hard Trilogy (USA) (Rev 1)	USA	SLUS-00119
Die Hard Trilogy 2 - Viva Las Vegas (Europe)	Europe	SLES-02746
Die Hard Trilogy 2 - Viva Las Vegas (France)	France	SLES-02747
Die Hard Trilogy 2 - Viva Las Vegas (Germany)	Germany	SLES-02748
Die Hard Trilogy 2 - Viva Las Vegas (Italy)	Italy	SLES-02749
Die Hard Trilogy 2 - Viva Las Vegas (USA)	USA	SLUS-01015
DigiCro - Digital Number Crossword (Japan)	Japan	SLPS-00549
Digical League (Japan)	Japan	SLPM-86038
Digimon - Digital Card Battle (USA)	USA	SLUS-01328
Digimon Digital Card Battle (Europe)	Europe	SLES-03900
Digimon Rumble Arena (Europe) (En,Fr,De,Es,It)	Europe	SLES-03841
Digimon Rumble Arena (USA)	USA	SLUS-01404
Digimon World (Europe)	Europe	SLES-02914
Digimon World (France)	France	SLES-03435
Digimon World (Germany)	Germany	SLES-03434
Digimon World (Italy)	Italy	SLES-03437
Digimon World (Spain)	Spain	SLES-03436
Digimon World (USA)	USA	SLUS-01032
Digimon World 2 (USA)	USA	SLUS-01193
Digimon World 2003 (Europe) (En,Fr,De,Es,It)	Europe	SLES-03936
Digimon World 3 (USA)	USA	SLUS-01436
DigimonTamers - Battle Evolution (Japan)	Japan	SLPS-03357
DigimonTamers - PocketCulumon (Japan)	Japan	SLPS-03211
DigimonWorld (Japan)	Japan	SLPS-01797
DigimonWorld (Japan) (Rev 1)	Japan	SLPS-01797
DigimonWorld - Digital Card Arena (Japan)	Japan	SLPS-03101
DigimonWorld - Digital Card Battle (Japan)	Japan	SLPS-02506
DigimonWorld 2 (Japan)	Japan	SLPS-02844
DigimonWorld 3 - Aratanaru Bouken no Tobira (Japan)	Japan	SLPS-03446
Digital Ehon Vol. 1 - Imadoki no Momotarou (Japan)	Japan	SLPM-87103
Digital Ehon Vol. 2 - Imadoki no Kaguya-hime (Japan)	Japan	SLPM-87104
Digital Ehon Vol. 3 - Imadoki no Saru Kani (Japan)	Japan	SLPM-87105
Digital Ehon Vol. 4 - Imadoki no Hanasaka Jiisan (Japan)	Japan	SLPM-87106
Digital Ehon Vol. 5 - Imadoki no Urashima-tarou (Japan)	Japan	SLPM-87107
Digital Figure Iina (Japan)	Japan	SLPS-01481
Digital Glider Airman (Japan)	Japan	SLPS-02276
Dino Crisis (Europe)	Europe	SLES-02207
Dino Crisis (France)	France	SLES-02208
Dino Crisis (Germany)	Germany	SLES-02209
Dino Crisis (Italy)	Italy	SLES-02210
Dino Crisis (Japan)	Japan	SLPM-86903
Dino Crisis (Japan)	Japan	SLPS-02180
Dino Crisis (Spain)	Spain	SLES-02211
Dino Crisis (USA)	USA	SLUS-00922
Dino Crisis 2 (Europe)	Europe	SLES-03221
Dino Crisis 2 (France)	France	SLES-03222
Dino Crisis 2 (Germany)	Germany	SLES-03223
Dino Crisis 2 (Italy)	Italy	SLES-03224
Dino Crisis 2 (Japan)	Japan	SLPM-86627
Dino Crisis 2 (Japan)	Japan	SLPM-87234
Dino Crisis 2 (Spain)	Spain	SLES-03225
Dino Crisis 2 (USA)	USA	SLUS-01279
Dinomaster Party (Europe) (En,Fr,De,Es,It,Nl)	Europe	SLES-03989
Dinosaurs (Europe) (En,Fr,De)	Europe	SLES-04063
Dioramos (Japan)	Japan	SLPS-02797
Dirt Champ Motocross No. 1 (Japan)	Japan	SLPS-02146
Dirt Jockey - Heavy Equipment Operator (USA)	USA	SLUS-01552
Disc Derby - Meiba o Tsukurou!! (Japan)	Japan	SLPS-02428
Disc Station Bessatsu - I Miss You. Tanaka Katsumi (Japan)	Japan	SLPM-80169
Discworld (Japan)	Japan	SLPS-00251
Discworld (Japan)	Japan	SLPS-02656
Discworld II - Missing Presumed...! (Europe) (En,Es,It)	Europe	SLES-00793
Discworld II - Mortality Bytes! (USA)	USA	SCUS-94605
Discworld II - Mortellement Votre (France)	France	SLES-00794
Discworld II - Vermutlich vermisst...! (Germany)	Germany	SLES-00795
Discworld Noir (Europe) (En,Es,It)	Europe	SLES-01549
Discworld Noir (France)	France	SLES-02063
Discworld Noir (Germany)	Germany	SLES-02064
Disney Action Game Disney Presenta Hercules (Italy)	Italy	SCES-00894
Disney Aladdin - La Revanche de Nasira (France)	France	SCES-03004
Disney Aladdin - La Vendetta di Nasira (Italy)	Italy	SCES-03006
Disney Aladdin - La Venganza de Nasira (Spain)	Spain	SCES-03008
Disney Atlantida - O Continente Perdido (Portugal)	Portugal	SCES-03543
Disney Atlantide - L'Empire Perdu (France)	France	SCES-03537
Disney Atlantis - L'Impero Perduto (Italy)	Italy	SCES-03539
Disney Dingo Une Journee de Dingue! (France)	France	SLES-03638
Disney Dinosaure (France)	France	SLES-02891
Disney Dinosauri (Italy)	Italy	SLES-02893
Disney Fais Ton Histoire! Mulan (France)	France	SCES-02004
Disney Il Pianeta del Tesoro (Italy)	Italy	SCES-03940
Disney Il Re Leone - La Grande Avventura di Simba (Italy)	Italy	SLES-03271
Disney Jeu d'Action Disney Presente Hercule (France)	France	SCES-00892
Disney Juego de Accion Disney Presenta Hercules (Spain)	Spain	SCES-00895
Disney La Petite Sirene 2 (France)	France	SCES-03033
Disney La Planete au Tresor (France)	France	SCES-03938
Disney La Sirenetta II (Italy)	Italy	SCES-03035
Disney La Sirenita 2 (Spain)	Spain	SCES-03036
Disney La Super-Diver Casa de Goofy (Spain)	Spain	SLES-03641
Disney Learning - Mickey (Europe) (En,Fr,De,Es,It,Nl)	Europe	SLES-03965
Disney Learning - Winnie the Pooh (Europe) (En,Fr,De,It,Nl,Sv,Da)	Europe	SLES-03983
Disney Libro Animato Creativo - Mulan (Italy)	Italy	SCES-02006
Disney Lilo & Stitch - Sarilhos no Paraiso (Portugal)	Portugal	SCES-03877
Disney Lilo & Stitch en Problemas en el Paraiso (Spain)	Spain	SCES-03875
Disney Pato Donald - Cuac Attack (Spain)	Spain	SLES-03099
Disney Peter Pan - Aventuras na Terra do Nunca (Portugal)	Portugal	SCES-03717
Disney Peter Pan - Aventures au Pays Imaginaire (France)	France	SCES-03711
Disney Pippo Giochi Pazzi (Italy)	Italy	SLES-03640
Disney Pooh e Tigro! E Qui la Festa (Italy)	Italy	SCES-03749
Disney Presents Tigger's Honey Hunt (USA)	USA	SLUS-01210
Disney Tarzan (France)	France	SCES-01516
Disney Tarzan (Italy)	Italy	SCES-01518
Disney Tarzan (Spain)	Spain	SCES-01519
Disney Tigger tras un Bote de Miel (Spain)	Spain	SLES-03259
Disney Ven a la Fiesta! con Winnie the Pooh (Spain)	Spain	SCES-03748
Disney Winnie l'Ourson - La Chasse au Miel de Tigrou (France)	France	SLES-03256
Disney le Roi Lion - La Formidable Aventure de Simba (France)	France	SLES-03269
Disney's 101 Dalmatians II - Patch's London Adventure (USA)	USA	SLUS-01574
Disney's 102 Dalmatians - Puppies to the Rescue (Europe)	Europe	SLES-03189
Disney's 102 Dalmatians - Puppies to the Rescue (Europe) (Fr,De,Es,It,Nl)	Europe	SLES-03191
Disney's 102 Dalmatians - Puppies to the Rescue (Europe) (Rev 1)	Europe	SLES-03189
Disney's 102 Dalmatians - Puppies to the Rescue (USA)	USA	SLUS-01152
Disney's Action Game featuring Hercules (Europe)	Europe	SCES-00891
Disney's Action Game met Hercules (Netherlands)	Netherlands	SCES-00896
Disney's Action Spel med Herkules (Sweden)	Sweden	SCES-00898
Disney's Aladdin in Nasira's Revenge (Europe)	Europe	SCES-03000
Disney's Aladdin in Nasira's Revenge (USA)	USA	SCUS-94569
Disney's Aladdin in Nasira's Wraak (Netherlands)	Netherlands	SCES-03002
Disney's Atlantis - De Verzonken Stad (Netherlands)	Netherlands	SCES-03535
Disney's Atlantis - En foersvunnen vaerld (Sweden)	Sweden	SCES-03542
Disney's Atlantis - The Lost Empire (Europe)	Europe	SCES-03533
Disney's Atlantis - The Lost Empire (USA, Canada)	USA	SCUS-94636
Disney's Aventura Interactiva - Mulan (Spain)	Spain	SCES-02007
Disney's De Kleine Zeemeermin II (Netherlands)	Netherlands	SCES-03235
Disney's De Leeuwenkoning - Simba's Machtige Avontuur (Netherlands)	Netherlands	SLES-03268
Disney's Dinosaur (Europe) (En,Nl,Sv,No,Da,Fi)	Europe	SLES-02864
Disney's Dinosaur (USA)	USA	SLUS-01167
Disney's Dinosaurier (Germany)	Germany	SLES-02892
Disney's Donald Duck - Goin' Quackers (Korea)	Korea	SLPM-88502
Disney's Donald Duck - Goin' Quackers (USA)	USA	SLUS-01242
Disney's Donald Duck - Quack Attack (Europe) (En,Fr,De,It)	Europe	SLES-03095
Disney's Donald Duck - Quack Attack (Netherlands)	Netherlands	SLES-03098
Disney's El Rey Leon - Las Aventuras del Poderoso Simba (Spain)	Spain	SLES-03272
Disney's Goofy's Fun House (Europe)	Europe	SLES-03178
Disney's Goofy's Fun House (Germany)	Germany	SLES-03639
Disney's Goofy's Fun House (USA)	USA	SLUS-01209
Disney's Hercules Action Game (USA)	USA	SLUS-00529
Disney's Hercules Action Game (USA) (Rerelease)	USA	SLUS-01029
Disney's Keizer Kuzco (Netherlands)	Netherlands	SCES-03012
Disney's Lilo & Stitch (USA)	USA	SCUS-94646
Disney's Lilo & Stitch - Heisa op Hawai (Netherlands)	Netherlands	SCES-03876
Disney's Lilo & Stitch - Trouble in Paradise (Europe)	Europe	SCES-03871
Disney's Mulan - Story Studio (Europe)	Europe	SCES-01695
Disney's Party Time with Winnie the Pooh (Europe)	Europe	SCES-03705
Disney's Party mit Winnie Puuh (Germany)	Germany	SCES-03745
Disney's Peter Pan - Adventures in Never Land (Europe)	Europe	SCES-03707
Disney's Pooh's Party Game - In Search of the Treasure (USA)	USA	SLUS-01437
Disney's Spelen met Winnie de Poeh en zijn Vriendjes! (Netherlands)	Netherlands	SCES-03746
Disney's Story Studio - Mulan (USA)	USA	SLUS-01038
Disney's Tarzan (Europe)	Europe	SCES-01431
Disney's Tarzan (Japan)	Japan	SLPM-86383
Disney's Tarzan (Netherlands)	Netherlands	SCES-02185
Disney's Tarzan (Netherlands) (EDC)	Netherlands	SCES-02185
Disney's Tarzan (USA)	USA	SCUS-94456
Disney's Tarzan (USA) (Rerelease)	USA	SLUS-01537
Disney's The Emperor's New Groove (Europe)	Europe	SCES-03010
Disney's The Emperor's New Groove (USA)	USA	SCUS-94571
Disney's The Lion King - Simba's Mighty Adventure (Europe)	Europe	SLES-03267
Disney's The Lion King - Simba's Mighty Adventure (USA)	USA	SLUS-01282
Disney's The Little Mermaid II (Europe)	Europe	SCES-03032
Disney's The Little Mermaid II (USA)	USA	SLUS-01286
Disney's Tigger's Honey Hunt (Europe)	Europe	SLES-03179
Disney's Treasure Planet (Europe)	Europe	SCES-03937
Disney's Treasure Planet (USA)	USA	SCUS-94647
Disney's Verhalenstudio - Mulan (Netherlands)	Netherlands	SCES-02264
Disney's Winnie L'Ourson - C' Est La Recre ! (France)	France	SCES-03706
Disney's Winnie the Pooh - Kindergarten (USA)	USA	SLUS-01513
Disney's Winnie the Pooh - Preschool (USA)	USA	SLUS-01514
Disney-Pixar A Bug's Life (Europe)	Europe	SCES-01489
Disney-Pixar A Bug's Life (France)	France	SCES-01520
Disney-Pixar A Bug's Life (Japan)	Japan	SLPM-86330
Disney-Pixar A Bug's Life (USA)	USA	SCUS-94288
Disney-Pixar A Bug's Life (USA) (Rerelease)	USA	SLUS-01538
Disney-Pixar A Bug's Life - Atelier de Jeux (France)	France	SCES-02459
Disney-Pixar A Bug's Life - Disneys Malen und Spielen (Germany)	Germany	SCES-02460
Disney-Pixar A Bug's Life - Megaminimondo (Italy)	Italy	SCES-01522
Disney-Pixar A Bug's Life - Megaminimondo (Italy) (Rev 1)	Italy	SCES-01522
Disney-Pixar Bichos - Una Aventura en Miniatura (Spain)	Spain	SCES-01523
Disney-Pixar Bottega dei Giochi - A Bug's Life Megaminimondo (Italy)	Italy	SCES-02461
Disney-Pixar Buzz Lightyear - Guardianes del Espacio (Spain)	Spain	SLES-03315
Disney-Pixar Buzz Lightyear da Comando Stellare (Italy)	Italy	SLES-03314
Disney-Pixar Buzz Lightyear of Star Command (Europe)	Europe	SLES-03310
Disney-Pixar Buzz Lightyear of Star Command (USA)	USA	SLUS-01192
Disney-Pixar Captain Buzz Lightyear - Star Command (Germany)	Germany	SLES-03313
Disney-Pixar Das grosse Krabbeln (Germany)	Germany	SCES-01521
Disney-Pixar Die Monster AG - Schreckens-Insel (Germany)	Germany	SCES-03764
Disney-Pixar Een Luizenleven (Netherlands)	Netherlands	SCES-01525
Disney-Pixar Ett smakryps liv (Sweden)	Sweden	SCES-01526
Disney-Pixar Graes-Rodderne (Denmark)	Denmark	SCES-01524
Disney-Pixar Les Aventures de Buzz L'Eclair (France)	France	SLES-03312
Disney-Pixar Monsterit Oy - Saeikkysaari (Finland)	Finland	SCES-03762
Disney-Pixar Monsters & Co. - L'Isola dello Spavento (Italy)	Italy	SCES-03765
Disney-Pixar Monsters, Inc. - Monstros e Companhia - Ilha Assustadora (Portugal)	Portugal	SCES-03769
Disney-Pixar Monsters, Inc. - Scare Island (Europe)	Europe	SCES-03759
Disney-Pixar Monsters, Inc. - Scream Team (USA)	USA	SCUS-94635
Disney-Pixar Monsters, Inc. - Skraemmaroen (Sweden)	Sweden	SCES-03768
Disney-Pixar Monstruos, S.A. - Isla de los Sustos (Spain)	Spain	SCES-03767
Disney-Pixar Oetoekaen elaemaeae (Finland)	Finland	SCES-01737
Disney-Pixar Sma-kryp (Norway)	Norway	SCES-01738
Disney-Pixar Toy Story 2 - Buzz Lightyear al Rescate! (Spain)	Spain	SLES-02408
Disney-Pixar Toy Story 2 - Buzz Lightyear eilt zur Hilfe! (Germany)	Germany	SLES-02406
Disney-Pixar Toy Story 2 - Buzz Lightyear to the Rescue! (Europe)	Europe	SLES-02067
Disney-Pixar Toy Story 2 - Buzz Lightyear to the Rescue! (Europe) (Rev 1)	Europe	SLES-02067
Disney-Pixar Toy Story 2 - Buzz Lightyear to the Rescue! (USA)	USA	SLUS-00893
Disney-Pixar Toy Story 2 - Buzz l'Eclair a la Rescousse ! (France)	France	SLES-02405
Disney-Pixar Toy Story 2 - Woody e Buzz alla riscossa! (Italy)	Italy	SLES-02407
Disney-Pixar Toy Story Racer (Europe)	Europe	SLES-03396
Disney-Pixar Toy Story Racer (Europe) (Es,It,Nl)	Europe	SLES-03398
Disney-Pixar Toy Story Racer (Europe) (Fr,De)	Europe	SLES-03397
Disney-Pixar Toy Story Racer (USA)	USA	SLUS-01214
Disneyn Aladdin - Nasiran Kosto (Finland)	Finland	SCES-03003
Disneyn Peter Pan - Seikkailu Mika-Mika-Maassa (Finland)	Finland	SCES-03710
Disneyn Tarzan (Finland)	Finland	SCES-02184
Disneys Action Spil med Herkules (Denmark)	Denmark	SCES-00897
Disneys Aladdin - Nasiras Rache (Germany)	Germany	SCES-03005
Disneys Aladdin - Nasiras haemnd (Sweden)	Sweden	SCES-03009
Disneys Arielle 2 (Germany)	Germany	SCES-03034
Disneys Atlantis - Das Geheimnis der verlorenen Stadt (Germany)	Germany	SCES-03538
Disneys Atlantis - Det Forsvundne Rige (Denmark)	Denmark	SCES-03534
Disneys Der Koenig der Loewen - Simbas grosses Abenteuer (Germany)	Germany	SLES-03270
Disneys Ein Koenigreich fuer ein Lama (Germany)	Germany	SCES-03015
Disneys Hercules Action-Spiel (Germany)	Germany	SCES-00893
Disneys Interaktive Abenteuer - Mulan (Germany)	Germany	SCES-02005
Disneys Kejsarens Nya Stil (Sweden)	Sweden	SCES-03019
Disneys Lilo & Stitch - Ballade pa Hawaii! (Denmark)	Denmark	SCES-03879
Disneys Lilo & Stitch - Hula Baluba! (Norway)	Norway	SCES-03880
Disneys Peter Pan - Aeventyr i landet Ingenstans (Sweden)	Sweden	SCES-03716
Disneys Peter Pan - Eventyr pa Onskeoen (Denmark)	Denmark	SCES-03708
Disneys Peter Pan - Rueckkehr nach Nimmerland (Germany)	Germany	SCES-03712
Disneys Plys' Spil-og-Leg-Sted (Denmark)	Denmark	SCES-03747
Disneys Skatteplaneten (Denmark)	Denmark	SCES-03944
Disneys Skattkammarplaneten (Sweden)	Sweden	SCES-03943
Disneys Tarzan (Denmark)	Denmark	SCES-02181
Disneys Tarzan (Germany)	Germany	SCES-01517
Disneys Tarzan (Norway)	Norway	SCES-02183
Disneys Tarzan (Sweden)	Sweden	SCES-02182
Disneys Tigerdyrets honningjagt (Denmark)	Denmark	SLES-03261
Disneys Tiggers Honigjagd (Germany)	Germany	SLES-03257
Disruptor (Europe)	Europe	SLES-00535
Disruptor (France)	France	SLES-00564
Disruptor (Germany)	Germany	SLES-00565
Disruptor (Japan)	Japan	SLPS-00804
Disruptor (USA)	USA	SLUS-00224
Diver's Dream (Europe) (En,Fr,De)	Europe	SLES-01535
Divide, The - Enemies Within (USA)	USA	SLUS-00317
DoDonPachi (Japan)	Japan	SLPS-01364
Dodgem Arena (Europe)	Europe	SLES-01082
Dog Master, The (Japan)	Japan	SLPM-87252
Dog Master, The (Japan) (Shokai Genteiban)	Japan	SLPM-87175
Dokapon! Ikari no Tekken (Japan)	Japan	SLPS-01559
Dokapon! Ikari no Tekken (Japan) (Rev 1)	Japan	SLPS-91190
Dokapon! Ikari no Tekken (Japan) (Rev 2)	Japan	SLPS-91190
Doki Doki On Air (Japan)	Japan	SLPS-01454
Doki Doki On Air 2 (Japan)	Japan	SLPS-01942
Doki Doki Poyatchio!! (Japan)	Japan	SLPS-01573
Doki Doki Pretty League (Japan)	Japan	SLPS-00756
Doki Doki Pretty League (Japan) (Shokai Genteiban)	Japan	SLPS-00513
Doki Doki Pretty League - Lovely Star (Japan)	Japan	SLPS-02673
Doki Doki Pretty League - Nekketsu Otome Seishunki (Japan) (Disc 1)	Japan	SLPS-01507
Doki Doki Pretty League - Nekketsu Otome Seishunki (Japan) (Disc 2)	Japan	SLPS-01508
Doki Doki Pretty League - Nekketsu Otome Seishunki (Japan) (Disc 3)	Japan	SLPS-01509
Doki Doki Shutter Chance - Koi no Puzzle o Kumitatete (Japan)	Japan	SLPS-01038
Doki Doki Shutter Chance - Koi no Puzzle o Kumitatete (Japan) (Major Wave)	Japan	SLPM-86988
Dokiou-ki (Japan)	Japan	SLPS-00130
Doko Demo Hamster - Bi! Click Tankentai (Japan)	Japan	SLPS-03356
Doko Demo Hamster 2 (Japan)	Japan	SLPS-02819
Doko Demo Hamster 4 - Doki Doki Sugoroku Daibouken! (Japan)	Japan	SLPS-03250
Doko Demo Issho (Japan)	Japan	SCPS-10092
Doko Demo Issho (Japan)	Japan	SCPS-10125
Doko Demo Issho (Japan) (Calpis Water Version)	Japan	SCPM-85006
Doko Demo Issho (Japan) (Rev 1)	Japan	SCPS-10142
Doko Demo Issho (Japan) (Rev 1)	Japan	SCPS-91212
Doko made mo Aoku... (Japan)	Japan	SLPS-03393
Doko made mo Aoku... (Japan) (Shokai Genteiban)	Japan	SLPS-03388
Dolphin's Dream (Japan)	Japan	SLPM-86122
Dome no Yabou 2 - The Race of Champions (Japan)	Japan	SLPS-01478
Dome no Yabou 2 - The Race of Champions (Japan)	Japan	SLPS-02753
Domino-kun o Tomenai de. (Japan)	Japan	SLPS-01095
DonPachi (Japan)	Japan	SLPS-00548
DonPachi (Japan) (Cyclone's Best)	Japan	SLPM-86855
Doom (Europe)	Europe	SLES-00132
Doom (Europe) (EDC)	Europe	SLES-00132
Doom (Japan)	Japan	SLPS-00308
Doom (USA)	USA	SLUS-00077
Doom (USA) (Rev 1)	USA	SLUS-00077
Doraemon - Nobita to Fukkatsu no Hoshi (Japan)	Japan	SLPS-01726
Doraemon 2 - SOS! Otogi no Kuni (Japan)	Japan	SLPS-00628
Doraemon 3 - Makai no Dungeon (Japan)	Japan	SLPS-03076
Dosukoi Densetsu (Japan)	Japan	SLPS-01984
Dotchi Mecha! (Japan)	Japan	SCPS-10129
Dotchi de Ball! (Japan)	Japan	SLPS-01362
Dotsubo-chan (Japan)	Japan	SLPS-02891
Double Dragon (Japan)	Japan	SLPS-00191
Doubutsu Chara Navi Uranai 2 - Kosei Shinrigaku + Ren'ai Uranai Puzzle (Japan)	Japan	SLPS-03526
Douga de Puzzle da! Puppukupuu (Japan)	Japan	SLPS-00077
Doukyuu - Billiard Master (Japan)	Japan	SLPS-01385
Doukyuu - Billiard Master (Japan)	Japan	SLPS-02363
Doukyuu Re-mix - Billiards Multiple (Japan)	Japan	SLPS-02011
Doukyuu Re-mix - Billiards Multiple (Japan) (PSone Books)	Japan	SLPS-91450
Doukyuusei 2 (Japan) (Extra Box)	Japan	SLPS-00690
Doukyuusei 2 (Japan, Asia)	Japan	SCPS-45104
Doukyuusei 2 (Japan, Asia)	Japan	SLPS-00691
Doukyuusei Mahjong (Japan)	Japan	SLPS-00673
Doukyuusei Mahjong (Japan) (Best Wing 2800)	Japan	SLPM-86469
Downhill Snow (Japan)	Japan	SLPS-01391
Dr. Rin ni Kiite Mite! Koi no Happy Four Seasons (Japan)	Japan	SLPM-87171
Dr. Slump (Japan)	Japan	SLPS-01934
Dracula - A Ressurreicao (Portugal) (Disc 1)	Portugal	SLES-02762
Dracula - A Ressurreicao (Portugal) (Disc 2)	Portugal	SLES-12762
Dracula - La Risurrezione (Italy) (Disc 1)	Italy	SLES-02761
Dracula - La Risurrezione (Italy) (Disc 2)	Italy	SLES-12761
Dracula - Resurreccion (Spain) (Disc 1)	Spain	SLES-02760
Dracula - Resurreccion (Spain) (Disc 2)	Spain	SLES-12760
Dracula - Resurrection (France) (Disc 1)	France	SLES-02758
Dracula - Resurrection (France) (Disc 2)	France	SLES-12758
Dracula - Resurrection (Germany) (Disc 1)	Germany	SLES-02759
Dracula - Resurrection (Germany) (Disc 2)	Germany	SLES-12759
Dracula - The Last Sanctuary (USA) (Disc 1)	USA	SLUS-01440
Dracula - The Last Sanctuary (USA) (Disc 2)	USA	SLUS-01443
Dracula - The Resurrection (Europe) (Disc 1)	Europe	SLES-02757
Dracula - The Resurrection (Europe) (Disc 2)	Europe	SLES-12757
Dracula - The Resurrection (USA) (Disc 1)	USA	SLUS-01284
Dracula - The Resurrection (USA) (Disc 2)	USA	SLUS-01316
Dracula 2 - Die letzte Zufluchtsstaette (Germany) (Disc 1)	Germany	SLES-03350
Dracula 2 - Die letzte Zufluchtsstaette (Germany) (Disc 2)	Germany	SLES-13350
Dracula 2 - El Ultimo Santuario (Spain) (Disc 1)	Spain	SLES-03352
Dracula 2 - El Ultimo Santuario (Spain) (Disc 2)	Spain	SLES-13352
Dracula 2 - L'Ultimo Santuario (Italy) (Disc 1)	Italy	SLES-03351
Dracula 2 - L'Ultimo Santuario (Italy) (Disc 2)	Italy	SLES-13351
Dracula 2 - Le Dernier Sanctuaire (France) (Disc 1)	France	SLES-03349
Dracula 2 - Le Dernier Sanctuaire (France) (Disc 2)	France	SLES-13349
Dracula 2 - The Last Sanctuary (Europe) (Disc 1)	Europe	SLES-03348
Dracula 2 - The Last Sanctuary (Europe) (Disc 2)	Europe	SLES-13348
Dragon Ball - Final Bout (Europe)	Europe	SLES-03735
Dragon Ball - Final Bout (France)	France	SLES-00964
Dragon Ball - Final Bout (Germany)	Germany	SLES-03683
Dragon Ball - Final Bout (Italy)	Italy	SLES-03684
Dragon Ball - Final Bout (Japan)	Japan	SLPS-00949
Dragon Ball - Final Bout (Japan) (Rev 1)	Japan	SLPS-91079
Dragon Ball - Final Bout (Spain)	Spain	SLES-03685
Dragon Ball GT - Final Bout (USA)	USA	SLUS-00493
Dragon Ball Z - Idainaru Dragon Ball Densetsu (Japan)	Japan	SLPS-00355
Dragon Ball Z - Idainaru Dragon Ball Densetsu (Japan)	Japan	SLPS-91035
Dragon Ball Z - Ultimate Battle 22 (Europe)	Europe	SLES-03736
Dragon Ball Z - Ultimate Battle 22 (France)	France	SLES-00291
Dragon Ball Z - Ultimate Battle 22 (France) (EDC)	France	SLES-00291
Dragon Ball Z - Ultimate Battle 22 (Germany)	Germany	SLES-03737
Dragon Ball Z - Ultimate Battle 22 (Italy)	Italy	SLES-03738
Dragon Ball Z - Ultimate Battle 22 (Japan)	Japan	SLPS-00073
Dragon Ball Z - Ultimate Battle 22 (Japan)	Japan	SLPS-91017
Dragon Ball Z - Ultimate Battle 22 (Spain)	Spain	SLES-03739
Dragon Ball Z - Ultimate Battle 22 (USA)	USA	SLUS-01550
Dragon Drive - Tactics Break (Japan)	Japan	SLPS-03470
Dragon Drive - Tactics Break (Japan) (Taikenban)	Japan	SLPM-80637
Dragon Knight 4 (Japan)	Japan	SLPS-00664
Dragon Money (Japan)	Japan	SLPS-02037
Dragon Quest Characters - Torneko no Daibouken 2 - Fushigi no Dungeon (Japan)	Japan	SLPM-86293
Dragon Quest IV - Michibikareshi Monotachi (Japan)	Japan	SLPM-86916
Dragon Quest IV - Michibikareshi Monotachi (Japan)	Japan	SLPM-87377
Dragon Quest Monsters 1 & 2 - Hoshifuri no Yuusha to Bokujou no Nakamatachi (Japan)	Japan	SLPM-87050
Dragon Quest VII - Eden no Senshitachi (Japan) (Disc 1) (Rev 1)	Japan	SLPM-87352
Dragon Quest VII - Eden no Senshitachi (Japan) (Disc 1) (Rev 1)	Japan	SLPM-87378
Dragon Quest VII - Eden no Senshitachi (Japan) (Disc 2) (Rev 1)	Japan	SLPM-87353
Dragon Quest VII - Eden no Senshitachi (Japan) (Disc 2) (Rev 1)	Japan	SLPM-87379
Dragon Quest VII - Eden no Senshitachi (Japan, Asia) (Disc 1)	Japan	SCPS-45504
Dragon Quest VII - Eden no Senshitachi (Japan, Asia) (Disc 1)	Japan	SLPM-86500
Dragon Quest VII - Eden no Senshitachi (Japan, Asia) (Disc 2)	Japan	SCPS-45505
Dragon Quest VII - Eden no Senshitachi (Japan, Asia) (Disc 2)	Japan	SLPM-86501
Dragon Seeds (USA)	USA	SLUS-00734
Dragon Seeds - Saishuu Shinka Keitai (Japan)	Japan	SLPS-01514
Dragon Tales - Dragonseek (Europe)	Europe	SLES-03183
Dragon Tales - Dragonseek (USA)	USA	SLUS-01176
Dragon Valor (Europe) (Disc 1)	Europe	SCES-01705
Dragon Valor (Europe) (Disc 2)	Europe	SCES-11705
Dragon Valor (France) (Disc 1)	France	SCES-02565
Dragon Valor (France) (Disc 2)	France	SCES-12565
Dragon Valor (Germany) (Disc 1)	Germany	SCES-02566
Dragon Valor (Germany) (Disc 2)	Germany	SCES-12566
Dragon Valor (Italy) (Disc 1)	Italy	SCES-02567
Dragon Valor (Italy) (Disc 2)	Italy	SCES-12567
Dragon Valor (Japan) (Disc 1)	Japan	SLPS-02190
Dragon Valor (Japan) (Disc 2)	Japan	SLPS-02191
Dragon Valor (Spain) (Disc 1)	Spain	SCES-02568
Dragon Valor (Spain) (Disc 2)	Spain	SCES-12568
Dragon Valor (USA) (Disc 1)	USA	SLUS-01092
Dragon Valor (USA) (Disc 2)	USA	SLUS-01164
Dragon Warrior VII (USA) (Disc 1)	USA	SLUS-01206
Dragon Warrior VII (USA) (Disc 2)	USA	SLUS-01346
DragonHeart - Fire & Steel (Europe) (En,Fr,De)	Europe	SLES-00300
DragonHeart - Fire & Steel (USA)	USA	SLUS-00226
Dragonbeat - Legend of Pinball (Japan)	Japan	SLPS-01067
Dragstars (Europe)	Europe	SLES-03525
Dream Circus (Japan)	Japan	SLPS-01836
Dream Generation - Koi ka Shigoto ka!... (Japan)	Japan	SLPS-02270
Dream Story - Les Aventures de Tim et Lola (France)	France	SLES-01938
Dreams (Europe) (En,Fr,De,Es,It)	Europe	SLES-00714
Drift King Shutokou Battle - Tsuchiya Keiichi & Bandou Masaaki (Japan)	Japan	SLPS-00250
Drift King Shutokou Battle - Tsuchiya Keiichi & Bandou Masaaki (Japan)	Japan	SLPS-91021
Driver (Europe)	Europe	SLES-01816
Driver (France)	France	SLES-01976
Driver (Germany)	Germany	SLES-01975
Driver (Italy)	Italy	SLES-01977
Driver (Spain)	Spain	SLES-01978
Driver - Sennyuu! Car Chase Daisakusen (Japan)	Japan	SLPS-02613
Driver - Sennyuu! Car Chase Daisakusen (Japan)	Japan	SLPS-03273
Driver - You Are the Wheelman (USA)	USA	SLUS-00842
Driver - You Are the Wheelman (USA) (Rev 1)	USA	SLUS-00842
Driver 2 (USA) (Disc 1)	USA	SLUS-01161
Driver 2 (USA) (Disc 2)	USA	SLUS-01318
Driver 2 (USA) (Disc 2) (Rev 1)	USA	SLUS-01318
Driver 2 - Back on the Streets (Europe) (Disc 1)	Europe	SLES-02993
Driver 2 - Back on the Streets (Europe) (Disc 1) (Rev 1)	Europe	SLES-02993
Driver 2 - Back on the Streets (Europe) (Disc 2)	Europe	SLES-12993
Driver 2 - Back on the Streets (Europe) (Disc 2) (Rev 1)	Europe	SLES-12993
Driver 2 - Back on the Streets (France) (Disc 1)	France	SLES-02994
Driver 2 - Back on the Streets (France) (Disc 1) (Rev 1)	France	SLES-02994
Driver 2 - Back on the Streets (France) (Disc 2)	France	SLES-12994
Driver 2 - Back on the Streets (France) (Disc 2) (Rev 1)	France	SLES-12994
Driver 2 - Back on the Streets (Germany) (Disc 1)	Germany	SLES-02995
Driver 2 - Back on the Streets (Germany) (Disc 1) (Rev 1)	Germany	SLES-02995
Driver 2 - Back on the Streets (Germany) (Disc 2)	Germany	SLES-12995
Driver 2 - Back on the Streets (Germany) (Disc 2) (Rev 1)	Germany	SLES-12995
Driver 2 - Back on the Streets (Italy) (Disc 1)	Italy	SLES-02996
Driver 2 - Back on the Streets (Italy) (Disc 1) (Rev 1)	Italy	SLES-02996
Driver 2 - Back on the Streets (Italy) (Disc 2)	Italy	SLES-12996
Driver 2 - Back on the Streets (Italy) (Disc 2) (Rev 1)	Italy	SLES-12996
Driver 2 - Back on the Streets (Spain) (Disc 1)	Spain	SLES-02997
Driver 2 - Back on the Streets (Spain) (Disc 1) (Rev 1)	Spain	SLES-02997
Driver 2 - Back on the Streets (Spain) (Disc 2)	Spain	SLES-12997
Driver 2 - Back on the Streets (Spain) (Disc 2) (Rev 1)	Spain	SLES-12997
Drug Store, The (Japan)	Japan	SLPM-86678
Drug Store, The - MatsumotoKiyoshi de Okaimono! (Japan)	Japan	SLPS-01516
Druid - Yami e no Tsuisekisha (Japan)	Japan	SLPS-01246
Dual Shock Demo (Australia)	Australia	SCED-01386
Ducati World (Europe)	Europe	SLES-02821
Ducati World (Europe) (Fr,De,It)	Europe	SLES-03377
Ducati World - Racing Challenge (USA)	USA	SLUS-01025
Duke Nukem (Europe)	Europe	SLES-00703
Duke Nukem (France)	France	SLES-00987
Duke Nukem (France) (Rev 1)	France	SLES-00987
Duke Nukem - Land of the Babes (Europe) (En,Fr,De,Es,It)	Europe	SLES-03405
Duke Nukem - Land of the Babes (France)	France	SLES-03440
Duke Nukem - Land of the Babes (USA)	USA	SLUS-01002
Duke Nukem - Time to Kill (Europe)	Europe	SLES-01515
Duke Nukem - Time to Kill (Europe) (Rerelease)	Europe	SLES-03517
Duke Nukem - Time to Kill (France)	France	SLES-01619
Duke Nukem - Time to Kill (France) (Rerelease)	France	SLES-03518
Duke Nukem - Time to Kill (USA)	USA	SLUS-00583
Duke Nukem - Total Meltdown (Japan)	Japan	SLPS-01557
Duke Nukem - Total Meltdown (USA)	USA	SLUS-00355
Dukes of Hazzard II, The - Daisy Dukes It Out (Europe)	Europe	SLES-03393
Dukes of Hazzard II, The - Daisy Dukes It Out (USA)	USA	SLUS-01243
Dukes of Hazzard, The - Racing for Home (Europe)	Europe	SLES-02343
Dukes of Hazzard, The - Racing for Home (USA)	USA	SLUS-00859
Dukes of Hazzard, The - Racing for Home (USA) (Rev 1)	USA	SLUS-00859
Dune (Spain)	Spain	SLES-02250
Dune 2000 (Europe)	Europe	SLES-02247
Dune 2000 (France)	France	SLES-02248
Dune 2000 (Germany)	Germany	SLES-02249
Dune 2000 (USA)	USA	SLUS-00973
Dungeon Creator (Japan)	Japan	SLPS-00349
Dungeon Creator (Japan) (Disc 1)	Japan	SLPS-00370
Dungeon Creator (Japan) (Disc 2) (Memory Bank Disc)	Japan	SLPS-00371
Dungeon Shoutenkai - Densetsu no Ken Hajime mashita (Japan)	Japan	SLPS-01650
Dynamite Boxing (Japan)	Japan	SLPS-01387
Dynamite Soccer 2000 (Japan)	Japan	SLPS-02554
Dynamite Soccer 2002 (Japan)	Japan	SLPS-03436
Dynamite Soccer 2004 Final (Japan)	Japan	SLPS-03575
Dynamite Soccer 98 (Japan, Asia)	Japan	SCPS-45258
Dynamite Soccer 98 (Japan, Asia)	Japan	SLPS-01414
Dynasty Warriors (Europe)	Europe	SLES-00885
Dynasty Warriors (USA)	USA	SLUS-00438
E.T. the Extra-Terrestrial - Interplanetary Mission (Europe) (En,Fr,De,Es,It)	Europe	SLES-03805
E.T. the Extra-Terrestrial - Interplanetary Mission (USA)	USA	SLUS-01385
E3 Demo 2002 (Europe)	Europe	SCED-03914
EA Sports Superbike 2000 (Europe) (En,Fr,De,Es,It,Sv)	Europe	SLES-02538
EA Sports Superbike 2000 (USA)	USA	SLUS-01052
EA Sports Supercross (Europe)	Europe	SLES-03399
EA Sports Supercross (USA)	USA	SLUS-01319
EA Sports Supercross 2000 (Europe) (En,Fr,De,Es,It,Nl,Sv)	Europe	SLES-02373
EA Sports Supercross 2000 (USA)	USA	SLUS-01005
ECW Anarchy Rulz (Europe)	Europe	SLES-02823
ECW Anarchy Rulz (Germany)	Germany	SLES-03069
ECW Anarchy Rulz (USA)	USA	SLUS-01169
ECW Hardcore Revolution (Europe)	Europe	SLES-02535
ECW Hardcore Revolution (Europe) (Rev 1)	Europe	SLES-02535
ECW Hardcore Revolution (Germany)	Germany	SLES-02536
ECW Hardcore Revolution (Germany) (Rev 1)	Germany	SLES-02536
ECW Hardcore Revolution (USA)	USA	SLUS-01045
EGWord Ver 2.00 (Japan)	Japan	SLPM-80159
EOS - Edge of Skyhigh (Japan)	Japan	SLPS-00820
EPS Series Vol. 1 - Because I Love You - Yukiko Morikawa (Japan)	Japan	SCPS-40001
EPS Series Vol. 2 - Moonlight to Daybreak - Yukie Nakama (Japan)	Japan	SCPS-40002
EPS Series Vol. 3 - Come and Kiss Me - Tomomi Tsunoda (Japan)	Japan	SCPS-40003
EPS Series Vol. 4 - Noise Reduction - Tomoa Yamamoto (Japan)	Japan	SCPS-40004
EPS Series Vol. 5 - Believer Dreamer - Junko Mizutani (Japan)	Japan	SCPS-40005
ESPN Extreme Games (Europe)	Europe	SCES-00063
ESPN Extreme Games (USA)	USA	SCUS-94503
ESPN MLS Gamenight (USA)	USA	SLUS-01186
ESPN Street Games (Japan)	Japan	SIPS-60004
Eagle One - Harrier Attack (Europe) (En,Fr,De,Es,It)	Europe	SLES-01715
Eagle One - Harrier Attack (USA) (En,Fr,Es)	USA	SLUS-00943
Earthworm Jim 2 (Europe)	Europe	SLES-00343
East End x Yuri - Eexy Life (Japan)	Japan	SLPS-00525
Easter Bunny's Big Day (USA)	USA	SLUS-01551
Eberouge (Japan) (Disc 1)	Japan	SLPS-00844
Eberouge (Japan) (Disc 2)	Japan	SLPS-00845
Eberouge 2 (Japan)	Japan	SLPS-01905
Eberouge Special - Koi to Mahou no Gakuen Seikatsu (Japan)	Japan	SLPS-01412
Ebisu Yoshikazu no Ooana Kyoutei (Japan)	Japan	SLPS-00366
Echo Night (Japan)	Japan	SLPS-01518
Echo Night (Japan)	Japan	SLPS-91143
Echo Night (Japan)	Japan	SLPS-91403
Echo Night (USA)	USA	SLUS-00820
Echo Night 2 - Nemuri no Shihaisha (Japan)	Japan	SLPS-02167
Echo Night 2 - Nemuri no Shihaisha (Japan)	Japan	SLPS-91425
Econo Kids - Ta ga Tame ni Kane wa Naru (Japan)	Japan	SLPS-00648
Ecsaform (Japan) (Disc 1)	Japan	SLPS-01791
Ecsaform (Japan) (Disc 2)	Japan	SLPS-01792
Efficus - Kono Omoi o Kimi ni... (Japan)	Japan	SLPS-01549
Egg (Japan)	Japan	SLPS-01121
Egg (Japan) (Major Wave)	Japan	SLPM-86543
Eggs of Steel - Charlie's Eggcellent Adventure (USA)	USA	SLUS-00751
Egipto II - La Profecia de Heliopolis (Spain)	Spain	SLES-03491
Egypt 1156 A.C. - L'Enigma della Tomba Reale (Italy)	Italy	SLES-01599
Egypt 1156 B.C. - Tomb of the Pharaoh (Europe) (En,Es,Nl,Sv)	Europe	SLES-01600
Egypt II - Die Prophezeiung von Helipolis (Germany)	Germany	SLES-03374
Egypt II - La Profezia di Heliopolis (Italy)	Italy	SLES-03490
Egypt II - La Prophetie d'Heliopolis (France)	France	SLES-03372
Egypt II - The Heliopolis Prophecy (Europe)	Europe	SLES-03373
Egypte 1156 AV. J.-C. - L'Enigme de la Tombe Royale (France)	France	SLES-01597
Ehrgeiz - God Bless the Ring (Europe)	Europe	SLES-02111
Ehrgeiz - God Bless the Ring (Japan)	Japan	SLPS-01750
Ehrgeiz - God Bless the Ring (Japan)	Japan	SLPS-02770
Ehrgeiz - God Bless the Ring (Japan)	Japan	SLPS-91448
Ehrgeiz - God Bless the Ring (USA)	USA	SLUS-00809
Eidos (France)	France	SLED-02411
Eidos Demo CD (USA)	USA	SLUS-90040
Eidos Demo CD (USA) (Rev 1)	USA	SLUS-90040
Eidos Demo CD Volume 3 (USA)	USA	SLUS-90047
Eidos Demo CD Volume 4 (USA)	USA	SLUS-90051
Eidos Demo CD Volume 6 (USA)	USA	SLUS-90074
Eidos Demo Disc Volume 5 (USA)	USA	SLUS-90065
Eidos Demo Disc Volume 7 (USA)	USA	SLUS-90076
Eikan wa Kimi ni 4 (Japan)	Japan	SLPS-02173
Eikan wa Kimi ni 4 (Japan)	Japan	SLPS-02813
Eikou no Fairway - Virtual Golf Simulation (Japan)	Japan	SLPM-86003
Einhaender (Japan)	Japan	SLPS-01008
Einhaender (USA)	USA	SCUS-94243
Eisei Meijin (Japan)	Japan	SLPS-00090
Eisei Meijin (Japan) (Rev 1)	Japan	SLPS-00090
Eisei Meijin II (Japan)	Japan	SLPM-86014
Eisei Meijin III - Game Creator Yoshimura Nobuhiro no Zunou (Japan)	Japan	SLPM-86199
Eithea (Japan) (Disc 1)	Japan	SLPM-87091
Eithea (Japan) (Disc 1)	Japan	SLPS-03141
Eithea (Japan) (Disc 1) (Deluxe Pack)	Japan	SLPS-03058
Eithea (Japan) (Disc 2)	Japan	SLPM-87092
Eithea (Japan) (Disc 2)	Japan	SLPS-03142
Eithea (Japan) (Disc 2) (Deluxe Pack)	Japan	SLPS-03059
Eko Eko Azarak - Wizard of Darkness (Japan)	Japan	SLPS-00181
Elan (Japan)	Japan	SLPS-01925
Elan Plus (Japan)	Japan	SLPS-02759
Elder Gate (Japan)	Japan	SLPM-86494
Elemental Gearbolt (USA)	USA	SLUS-00654
Elemental Pinball (Europe)	Europe	SLES-04038
Elf Masters presente Formula Karts - Special Edition (France)	France	SLES-00960
Elf o Karu Monotachi - Hanafuda-hen (Japan)	Japan	SLPS-00904
Elf o Karu Monotachi - Kanzenban (Japan) (Disc 1)	Japan	SLPS-00973
Elf o Karu Monotachi - Kanzenban (Japan) (Disc 2)	Japan	SLPS-00974
Elf o Karu Monotachi II (Japan) (Disc 1)	Japan	SLPS-01456
Elf o Karu Monotachi II (Japan) (Disc 2)	Japan	SLPS-01457
Elf o Karu Monotachi II (Japan) (Disc 3)	Japan	SLPS-01458
Elfin Paradise (Japan)	Japan	SLPS-00778
Eliminator (Europe) (En,Fr,De,Es,It)	Europe	SLES-01364
Eliminator (USA)	USA	SLUS-00699
Emit Value Pack (Japan) (En,Ja) (Disc 1) (Vol. 1 - Toki no Maigo)	Japan	SLPS-00117
Emit Value Pack (Japan) (En,Ja) (Disc 2) (Vol. 2 - Inochigake no Tabi)	Japan	SLPS-00118
Emit Value Pack (Japan) (En,Ja) (Disc 3) (Vol. 3 - Watashi ni Sayonara wo)	Japan	SLPS-00119
Emmyrea (Japan)	Japan	SLPS-03216
En Busca del Valle Encantado - El Retorno al Gran Valle (Spain)	Spain	SLES-02985
End Sector (Japan)	Japan	SLPS-01584
Enen Angel (Japan)	Japan	SLPM-86537
Enen Angel (Japan)	Japan	SLPS-91459
Engacho! (Japan)	Japan	SLPS-02263
Enigma (Japan, Asia) (Disc 1)	Japan	SCPS-45222
Enigma (Japan, Asia) (Disc 1)	Japan	SLPS-01351
Enigma (Japan, Asia) (Disc 2)	Japan	SCPS-45223
Enigma (Japan, Asia) (Disc 2)	Japan	SLPS-01352
Enomoto Kanako no Boke Shindan Game (Japan)	Japan	SLPS-01937
Entertainment Jansou - That's Pon! (Japan)	Japan	SLPS-00051
Epica Stella (Japan)	Japan	SLPS-01465
Epidemic (Europe)	Europe	SCES-00393
Epidemic (USA)	USA	SCUS-94152
Equestriad 2001 (Europe) (En,De,Es)	Europe	SLES-02943
Equestrian Showcase (USA)	USA	SLUS-01462
Erlebe den Zauber von Disney auf der PlayStation (Germany)	Germany	SCED-03927
Essential PlayStation 1 (Europe)	Europe	SCED-00502
Essential PlayStation 10 (Europe)	Europe	SCED-01141
Essential PlayStation 11 (Europe)	Europe	SCED-01142
Essential PlayStation 12 (Europe)	Europe	SCED-01143
Essential PlayStation 2 (Europe)	Europe	SCED-00572
Essential PlayStation 3 (Europe)	Europe	SCED-00636
Essential PlayStation 4 (Europe)	Europe	SCED-00938
Essential PlayStation 5 (Europe)	Europe	SCED-01004
Essential PlayStation 6 (Europe)	Europe	SCED-00751
Essential PlayStation 7 (Europe)	Europe	SCED-01110
Essential PlayStation 8 (Europe)	Europe	SCED-01139
Essential PlayStation 9 (Europe, Australia)	Europe	SCED-01140
Esto Es Futbol (Spain)	Spain	SCES-01704
Esto Es Futbol 2 (Spain)	Spain	SCES-03076
Eternal Eyes (Europe) (En,Fr,De,Es,It)	Europe	SLES-02270
Eternal Eyes (USA)	USA	SLUS-01034
Eternal Melody (Japan)	Japan	SLPS-00584
Eurasia Express Satsujin Jiken (Japan) (Disc 1)	Japan	SLPM-86135
Eurasia Express Satsujin Jiken (Japan) (Disc 2)	Japan	SLPM-86136
Eurasia Express Satsujin Jiken (Japan) (Disc 3)	Japan	SLPM-86137
Eurasia Express Satsujin Jiken (Japan) (Disc 4)	Japan	SLPM-86138
Euro Demo (Future) 100 (Europe)	Europe	SCED-04079
Euro Demo (Future) 101 (Europe)	Europe	SCED-04080
Euro Demo (Future) 102 (Europe)	Europe	SCED-04081
Euro Demo (Future) 103 (Europe)	Europe	SCED-04082
Euro Demo (Future) 104 (Europe)	Europe	SCED-04083
Euro Demo (Future) 105 (Europe)	Europe	SCED-04084
Euro Demo (Future) 106 (Europe)	Europe	SCED-04085
Euro Demo (Future) 107 (Europe)	Europe	SCED-04133
Euro Demo (Future) 108 (Europe)	Europe	SCED-04134
Euro Demo (Future) 94 (Europe)	Europe	SCED-04056
Euro Demo (Future) 95 (Europe)	Europe	SCED-04074
Euro Demo (Future) 96 (Europe)	Europe	SCED-04075
Euro Demo (Future) 97 (Europe)	Europe	SCED-04076
Euro Demo (Future) 98 (Europe)	Europe	SCED-04077
Euro Demo (Germany) 03-04-2003 (Germany)	Germany	SCED-03905
Euro Demo 01 (Europe)	Europe	SLES-00107
Euro Demo 01-00 (Germany)	Germany	SCED-01844
Euro Demo 01-01 (Germany)	Germany	SCED-02666
Euro Demo 01-99 (Germany)	Germany	SCED-01130
Euro Demo 02 (Europe)	Europe	SLES-00150
Euro Demo 02-00 (Germany)	Germany	SCED-01845
Euro Demo 02-01 (Germany)	Germany	SCED-02667
Euro Demo 02-99 (Germany)	Germany	SCED-01777
Euro Demo 02-99 Rennspiele (Germany)	Germany	SCED-01786
Euro Demo 03 (Europe)	Europe	SLES-00181
Euro Demo 03-00 (Germany)	Germany	SCED-01846
Euro Demo 03-01 (Germany)	Germany	SCED-02668
Euro Demo 03-99 (Germany)	Germany	SCED-01834
Euro Demo 04 (Europe)	Europe	SCES-00182
Euro Demo 04-00 (Germany)	Germany	SCED-01847
Euro Demo 04-01 (Germany)	Germany	SCED-02669
Euro Demo 04-98 (Germany)	Germany	SCED-01121
Euro Demo 04-99 'Action Special' (Germany)	Germany	SCED-01995
Euro Demo 04-99 (Germany)	Germany	SCED-01835
Euro Demo 05 (Europe)	Europe	SCES-00183
Euro Demo 05-00 (Germany)	Germany	SCED-01848
Euro Demo 05-98 (Germany)	Germany	SCED-01122
Euro Demo 05-99 (Germany)	Germany	SCED-01836
Euro Demo 06 (Europe)	Europe	SCES-00184
Euro Demo 06-00 (Germany)	Germany	SCED-02659
Euro Demo 06-98 (Germany)	Germany	SCED-01123
Euro Demo 06-99 'Special' (Germany)	Germany	SCED-02050
Euro Demo 06-99 (Germany)	Germany	SCED-01837
Euro Demo 07 (Europe)	Europe	SCES-00185
Euro Demo 07 (France)	France	SCED-00668
Euro Demo 07-00 (Germany)	Germany	SCED-02660
Euro Demo 07-98 (Germany)	Germany	SCED-01124
Euro Demo 07-99 (Germany)	Germany	SCED-01838
Euro Demo 08 (Europe)	Europe	SCES-00186
Euro Demo 08-00 (Germany)	Germany	SCED-02661
Euro Demo 08-98 (Germany)	Germany	SCED-01125
Euro Demo 08-99 (Germany)	Germany	SCED-01839
Euro Demo 08b (Germany)	Germany	SCED-00890
Euro Demo 09 (Europe)	Europe	SCED-00361
Euro Demo 09 (France)	France	SCED-00772
Euro Demo 09 (Germany)	Germany	SCED-00674
Euro Demo 09-00 (Germany)	Germany	SCED-02662
Euro Demo 09-98 (Germany)	Germany	SCED-01126
Euro Demo 09-99 (Germany)	Germany	SCED-01840
Euro Demo 10 (Europe)	Europe	SCED-00362
Euro Demo 10 (France)	France	SCED-00773
Euro Demo 10 (Germany)	Germany	SCED-00675
Euro Demo 10-00 (Germany)	Germany	SCED-02663
Euro Demo 10-98 (Germany)	Germany	SCED-01127
Euro Demo 10-99 (Germany)	Germany	SCED-01841
Euro Demo 11 (Europe)	Europe	SCED-00363
Euro Demo 11 (France)	France	SCED-00774
Euro Demo 11 (Germany)	Germany	SCED-00676
Euro Demo 11-00 (Germany)	Germany	SCED-02664
Euro Demo 11-98 (Germany)	Germany	SCED-01128
Euro Demo 11-99 (Germany)	Germany	SCED-01842
Euro Demo 12 (Europe)	Europe	SCED-00364
Euro Demo 12 (France)	France	SCED-00775
Euro Demo 12 (Germany)	Germany	SCED-00677
Euro Demo 12-00 (Germany)	Germany	SCED-02665
Euro Demo 12-98 (Germany)	Germany	SCED-01129
Euro Demo 12-99 (Germany)	Germany	SCED-01843
Euro Demo 13 (Europe)	Europe	SCED-00365
Euro Demo 13 (France)	France	SCED-00776
Euro Demo 13 (Germany)	Germany	SCED-00678
Euro Demo 14 (Europe)	Europe	SCED-00366
Euro Demo 14 (France)	France	SCED-00777
Euro Demo 14 (Germany)	Germany	SCED-00679
Euro Demo 15 (Europe)	Europe	SCED-00367
Euro Demo 15 (France)	France	SCED-00778
Euro Demo 15 (Germany)	Germany	SCED-00680
Euro Demo 16 (Europe)	Europe	SCED-00368
Euro Demo 16 (France)	France	SCED-00779
Euro Demo 17 (Europe)	Europe	SCED-00369
Euro Demo 17 (France)	France	SCED-00780
Euro Demo 18 (Europe)	Europe	SCED-00370
Euro Demo 18 (France)	France	SCED-00781
Euro Demo 19 (Europe)	Europe	SCED-00371
Euro Demo 20 (Europe)	Europe	SCED-00372
Euro Demo 20 (France)	France	SCED-00782
Euro Demo 21 (Europe)	Europe	SCED-00817
Euro Demo 21 (France)	France	SCED-01114
Euro Demo 22 (Europe)	Europe	SCED-00818
Euro Demo 22 (France)	France	SCED-01115
Euro Demo 23 (Europe, Australia)	Europe	SCED-00819
Euro Demo 23 (France)	France	SCED-01116
Euro Demo 24 (Europe)	Europe	SCED-00820
Euro Demo 24 (France)	France	SCED-01117
Euro Demo 25 (Europe)	Europe	SCED-00821
Euro Demo 25 (France)	France	SCED-01118
Euro Demo 26 (Europe)	Europe	SCED-00822
Euro Demo 26 (France)	France	SCED-01119
Euro Demo 27 (Europe)	Europe	SCED-00823
Euro Demo 27 (France)	France	SCED-01120
Euro Demo 28 (Europe)	Europe	SCED-00824
Euro Demo 28 (France)	France	SCED-01785
Euro Demo 29 (Europe)	Europe	SCED-00825
Euro Demo 29 (France)	France	SCED-01849
Euro Demo 30 (Europe, Australia)	Europe	SCED-00826
Euro Demo 30 (France)	France	SCED-01850
Euro Demo 31 (Europe, Australia)	Europe	SCED-00827
Euro Demo 31 (France)	France	SCED-01851
Euro Demo 32 (Europe, Australia)	Europe	SCED-00828
Euro Demo 32 (France)	France	SCED-01852
Euro Demo 33 (Europe)	Europe	SCED-00829
Euro Demo 33 (France)	France	SCED-01853
Euro Demo 34 (Europe, Australia)	Europe	SCED-01144
Euro Demo 34 (France)	France	SCED-01854
Euro Demo 35 (Europe, Australia)	Europe	SCED-01145
Euro Demo 35 (France)	France	SCED-01855
Euro Demo 36 (France)	France	SCED-01856
Euro Demo 37 (Europe, Australia)	Europe	SCED-01147
Euro Demo 37 (France)	France	SCED-01857
Euro Demo 38 (Europe, Australia)	Europe	SCED-01148
Euro Demo 38 (France)	France	SCED-01858
Euro Demo 39 (Europe, Australia)	Europe	SCED-01149
Euro Demo 39 (France)	France	SCED-01859
Euro Demo 40 (Europe, Australia)	Europe	SCED-01150
Euro Demo 40 (France)	France	SCED-01860
Euro Demo 41 (Europe, Australia)	Europe	SCED-01151
Euro Demo 41 (France)	France	SCED-01861
Euro Demo 42 (Europe, Australia)	Europe	SCED-01152
Euro Demo 42 (France)	France	SCED-01862
Euro Demo 43 (Europe)	Europe	SCED-01153
Euro Demo 43 (France)	France	SCED-02647
Euro Demo 44 (Europe, Australia)	Europe	SCED-01818
Euro Demo 44 (France)	France	SCED-02648
Euro Demo 45 (Europe)	Europe	SCED-01819
Euro Demo 45 (France)	France	SCED-02649
Euro Demo 46 (Europe)	Europe	SCED-01820
Euro Demo 46 (France)	France	SCED-02650
Euro Demo 47 (Europe)	Europe	SCED-01821
Euro Demo 47 (France)	France	SCED-02651
Euro Demo 48 (Europe, Australia)	Europe	SCED-01822
Euro Demo 48 (France)	France	SCED-02652
Euro Demo 49 (Europe, Australia)	Europe	SCED-01823
Euro Demo 49 (France)	France	SCED-02653
Euro Demo 49 (Italy)	Italy	SCED-02229
Euro Demo 49 (Spain)	Spain	SCED-02230
Euro Demo 50 (Europe)	Europe	SCED-01824
Euro Demo 50 (France)	France	SCED-02654
Euro Demo 51 (Europe)	Europe	SCED-01825
Euro Demo 51 (France)	France	SCED-02655
Euro Demo 52 (Europe)	Europe	SCED-01826
Euro Demo 52 (France)	France	SCED-02656
Euro Demo 53 (Europe, Australia)	Europe	SCED-01827
Euro Demo 53 (France)	France	SCED-02657
Euro Demo 54 (Europe)	Europe	SCED-01828
Euro Demo 55 (Europe)	Europe	SCED-01829
Euro Demo 55 (France)	France	SCED-03461
Euro Demo 56 (Europe)	Europe	SCED-01830
Euro Demo 57 (Europe)	Europe	SCED-01831
Euro Demo 58 (Europe, Australia)	Europe	SCED-02632
Euro Demo 59 (Europe)	Europe	SCED-02633
Euro Demo 60 (Europe, Australia)	Europe	SCED-02634
Euro Demo 61 (Europe)	Europe	SCED-02635
Euro Demo 61 (Europe) (EDC)	Europe	SCED-02635
Euro Demo 62 (Europe) (EDC)	Europe	SCED-02636
Euro Demo 62 (Europe, Australia)	Europe	SCED-02636
Euro Demo 63 (Europe, Australia)	Europe	SCED-02637
Euro Demo 64 (Europe, Australia)	Europe	SCED-02638
Euro Demo 65 (Europe, Australia)	Europe	SCED-02639
Euro Demo 66 (Europe)	Europe	SCED-02640
Euro Demo 67 (Europe)	Europe	SCED-02641
Euro Demo 68 (Europe, Australia)	Europe	SCED-02642
Euro Demo 69 (Europe)	Europe	SCED-02643
Euro Demo 70 (Europe)	Europe	SCED-02644
Euro Demo 71 (Europe)	Europe	SCED-02645
Euro Demo 72 (Europe)	Europe	SCED-02646
Euro Demo 73 (Europe, Australia)	Europe	SCED-03450
Euro Demo 74 (Europe)	Europe	SCED-03451
Euro Demo 75 (Europe, Australia)	Europe	SCED-03452
Euro Demo 76 (Europe)	Europe	SCED-03453
Euro Demo 77 (Europe)	Europe	SCED-03454
Euro Demo 78 (Europe)	Europe	SCED-03455
Euro Demo 79 (Europe)	Europe	SCED-03456
Euro Demo 8 (Germany)	Germany	SCED-00673
Euro Demo 80 (Europe)	Europe	SCED-03457
Euro Demo 81 (Europe)	Europe	SCED-03458
Euro Demo 82 (Europe)	Europe	SCED-03785
Euro Demo 83 (Europe)	Europe	SCED-03786
Euro Demo 84 (Europe)	Europe	SCED-03787
Euro Demo 85 (Europe)	Europe	SCED-03788
Euro Demo 86 (Europe)	Europe	SCED-03789
Euro Demo 87 (Europe)	Europe	SCED-03790
Euro Demo 88 (Europe)	Europe	SCED-03791
Euro Demo 89 (Europe)	Europe	SCED-03792
Euro Demo 90 (Europe)	Europe	SCED-03793
Euro Demo 91 (Europe)	Europe	SCED-03794
Euro Demo 92 (Europe)	Europe	SCED-04016
Euro Demo 99 (Europe)	Europe	SCED-04078
Euro Demo Classics Special (Germany)	Germany	SCED-00994
Euro Demo Five (Germany)	Germany	SCED-00670
Euro Demo Four (Germany)	Germany	SCED-00669
Euro Demo Future 93 (Europe)	Europe	SCED-04035
Euro Demo Germany 01-02 (Germany)	Germany	SCED-03476
Euro Demo Germany 01-03 (Germany)	Germany	SCED-03903
Euro Demo Germany 02-02 (Germany)	Germany	SCED-03477
Euro Demo Germany 03-02 (Germany)	Germany	SCED-03478
Euro Demo Germany 04-02 (Germany)	Germany	SCED-03479
Euro Demo Germany 05-01 (Germany)	Germany	SCED-03468
Euro Demo Germany 05-02 (Germany)	Germany	SCED-03887
Euro Demo Germany 06-01 (Germany)	Germany	SCED-03469
Euro Demo Germany 06-02 (Germany)	Germany	SCED-03892
Euro Demo Germany 07-01 (Germany)	Germany	SCED-03470
Euro Demo Germany 07-02 (Germany)	Germany	SCED-03893
Euro Demo Germany 08-01 (Germany)	Germany	SCED-03471
Euro Demo Germany 08-02 (Germany)	Germany	SCED-03894
Euro Demo Germany 09-01 (Germany)	Germany	SCED-03472
Euro Demo Germany 09-02 (Germany)	Germany	SCED-03895
Euro Demo Germany 10-01 (Germany)	Germany	SCED-03473
Euro Demo Germany 10-02 (Germany)	Germany	SCED-03896
Euro Demo Germany 11-01 (Germany)	Germany	SCED-03474
Euro Demo Germany 11-02 (Germany)	Germany	SCED-03897
Euro Demo Germany 12-01 (Germany)	Germany	SCED-03475
Euro Demo Seven (Germany)	Germany	SCED-00672
Euro Demo Six (Germany)	Germany	SCED-00671
Euro Demo Three (Germany)	Germany	SCED-00622
Euro Demo Two (Germany)	Germany	SCED-00583
Europe Racer (Europe) (En,Fr,De,Es,It,Nl)	Europe	SLES-03415
European Super League (Europe) (En,Fr,De,Es,It,Pt)	Europe	SLES-03082
Eve - The Fatal Attraction (Japan) (Disc 1)	Japan	SLPM-86826
Eve - The Fatal Attraction (Japan) (Disc 1)	Japan	SLPM-87221
Eve - The Fatal Attraction (Japan) (Disc 1) (Premium Box)	Japan	SLPM-86821
Eve - The Fatal Attraction (Japan) (Disc 2)	Japan	SLPM-86827
Eve - The Fatal Attraction (Japan) (Disc 2)	Japan	SLPM-87222
Eve - The Fatal Attraction (Japan) (Disc 2) (Premium Box)	Japan	SLPM-86822
Eve - The Fatal Attraction (Japan) (Disc 3)	Japan	SLPM-86828
Eve - The Fatal Attraction (Japan) (Disc 3)	Japan	SLPM-87223
Eve - The Fatal Attraction (Japan) (Disc 3) (Premium Box)	Japan	SLPM-86823
Eve - The Lost One (Japan) (Disc 1) (Kyoko Disc)	Japan	SLPS-01805
Eve - The Lost One (Japan) (Disc 1) (Kyoko Disc) (GameVillage The Best)	Japan	SLPM-87246
Eve - The Lost One (Japan) (Disc 2) (Snake Disc)	Japan	SLPS-01806
Eve - The Lost One (Japan) (Disc 2) (Snake Disc) (GameVillage The Best)	Japan	SLPM-87247
Eve - The Lost One (Japan) (Disc 3) (Lost One Disc)	Japan	SLPS-01807
Eve - The Lost One (Japan) (Disc 3) (Lost One Disc) (GameVillage The Best)	Japan	SLPM-87248
Eve - The Lost One (Japan) (Disc 4) (Premium Disc)	Japan	SLPS-01808
Eve Zero (Japan) (Disc 1)	Japan	SLPM-86478
Eve Zero (Japan) (Disc 1) (Premium Box)	Japan	SLPM-86475
Eve Zero (Japan) (Disc 1) (Premium Box)	Japan	SLPM-86976
Eve Zero (Japan) (Disc 2)	Japan	SLPM-86479
Eve Zero (Japan) (Disc 2) (Premium Box)	Japan	SLPM-86476
Eve Zero (Japan) (Disc 2) (Premium Box)	Japan	SLPM-86977
Eve Zero (Japan) (Disc 3)	Japan	SLPM-86480
Eve Zero (Japan) (Disc 3) (Premium Box)	Japan	SLPM-86477
Eve Zero (Japan) (Disc 3) (Premium Box)	Japan	SLPM-86978
Evergreen Avenue (Japan)	Japan	SLPS-03278
Everybody's Golf (Europe, Australia) (En,Fr,De,Es,It)	Europe	SCES-00983
Everybody's Golf 2 (Europe)	Europe	SCES-02146
Evil Dead - Hail to the King (Europe) (Disc 1)	Europe	SLES-03428
Evil Dead - Hail to the King (Europe) (Disc 2)	Europe	SLES-13428
Evil Dead - Hail to the King (USA) (Disc 1)	USA	SLUS-01072
Evil Dead - Hail to the King (USA) (Disc 2)	USA	SLUS-01326
Evil Zone (Europe)	Europe	SLES-01903
Evil Zone (USA)	USA	SLUS-00855
Evo's Space Adventures (Europe) (En,Fr,De,Es,It)	Europe	SLES-01871
Exalegiuse (Japan)	Japan	SLPS-01117
Excalibur 2555 A.D. (Europe) (En,Fr,De,Es)	Europe	SLES-00478
Excalibur 2555 A.D. (Europe) (En,Fr,De,Es) (Rev 1)	Europe	SLES-00478
Excalibur 2555 A.D. (Italy)	Italy	SLES-00693
Excalibur 2555 A.D. (USA)	USA	SLUS-00541
Exciting Bass (Japan)	Japan	SLPM-86124
Exciting Bass 2 (Japan)	Japan	SLPM-86295
Exciting Bass 3 (Japan)	Japan	SLPM-86729
Exciting Pro Wres (Japan)	Japan	SLPS-02885
Exciting Pro Wres 2 (Japan)	Japan	SLPS-03122
Exciting Pro Wres 2 (Japan)	Japan	SLPS-91497
Exclusive PlayStation Racing Demos (Europe)	Europe	SCED-02043
Exector (Japan)	Japan	SLPS-00091
Exhumed (Europe) (En,Fr,De,Es)	Europe	SLES-00097
Exodus Guilty (Japan)	Japan	SLPS-01707
Exodus Guilty (Japan)	Japan	SLPS-01721
Expendable (USA)	USA	SLUS-01075
Experience the Magic of Disney on PlayStation (Europe)	Europe	SCED-03923
Expert (Japan)	Japan	SLPS-00342
Explosive Racing (Europe)	Europe	SLES-00716
Extra Bright (Japan)	Japan	SLPS-00625
Extreme 500 (Europe) (En,De)	Europe	SLES-02220
Extreme Ghostbusters - The Ultimate Invasion (Europe) (En,Fr,De,Es,It,Nl)	Europe	SLES-03990
Extreme Go-Kart Racing (USA)	USA	SLUS-01530
Extreme Pinball (Europe)	Europe	SLES-00206
Extreme Pinball (USA)	USA	SLUS-00200
Extreme Power (Japan)	Japan	SLPS-00329
Extreme Snow Break (Europe)	Europe	SLES-00501
F-1 Grand Prix 1996 - Team Un'ei Simulation (Japan)	Japan	SLPS-00677
F.A. Manager (Europe)	Europe	SLES-00416
F.A. Premier League Football Manager 2000, The (Europe)	Europe	SLES-02254
F.A. Premier League Football Manager 2001, The (Europe)	Europe	SLES-03061
F.A. Premier League Stars 2001, The (Europe)	Europe	SLES-03063
F.A. Premier League Stars, The (Europe)	Europe	SLES-02142
F1 2000 (Europe) (En,Es,Sv,Da,Fi)	Europe	SLES-02723
F1 2000 (Europe) (En,Fr,De,Nl)	Europe	SLES-02722
F1 2000 (Italy)	Italy	SLES-02724
F1 2000 (Japan)	Japan	SLPS-02758
F1 2000 (USA) (En,Fr,Es)	USA	SLUS-01120
F1 Championship Season 2000 (Europe) (En,Es,Sv,Fi)	Europe	SLES-03119
F1 Championship Season 2000 (Europe) (En,Fr,De,Nl)	Europe	SLES-03117
F1 Championship Season 2000 (Italy)	Italy	SLES-03118
F1 Championship Season 2000 (USA) (En,Fr,Es)	USA	SLUS-01290
F1 GP Nippon no Chousen - Dome no Yabou (Japan)	Japan	SLPS-00519
F1 Racing Championship (Europe) (En,Fr,De,Es,It)	Europe	SLES-02501
F1 Racing Championship (USA) (En,Fr)	USA	SLUS-01088
F1 World Grand Prix (Europe)	Europe	SLES-03102
F1 World Grand Prix (Germany)	Germany	SLES-03346
F1 World Grand Prix (Italy)	Italy	SLES-03347
F1 World Grand Prix (USA)	USA	SLUS-01344
F1 World Grand Prix - 1999 Season (Europe) (En,Fr,De,Es,It)	Europe	SLES-00887
F1 World Grand Prix - 1999 Season (USA) (En,Fr,De,Es,It)	USA	SLUS-01036
F1 World Grand Prix - Saison 2000 (France)	France	SLES-03345
FEDA 2 - White Surge the Platoon (Japan)	Japan	SLPS-00723
FIFA - Die WM-Qualifikation 98 (Germany) (En,Fr,De,Es,Nl,Sv)	Germany	SLES-00916
FIFA - En Route pour la Coupe du Monde 98 (France) (En,Fr,De,Es,Nl,Sv)	France	SLES-00915
FIFA - Road to World Cup 98 (Europe) (En,Fr,De,Es,Nl,Sv)	Europe	SLES-00914
FIFA - Road to World Cup 98 (Italy)	Italy	SLES-00917
FIFA - Road to World Cup 98 (Japan)	Japan	SLPS-01383
FIFA - Road to World Cup 98 (USA) (En,Fr,De,Es,Nl,Sv)	USA	SLUS-00520
FIFA - Rumbo al Mundial 98 (Spain) (En,Fr,De,Es,Nl,Sv)	Spain	SLES-00918
FIFA 2000 (Europe) (En,De,Es,Nl,Sv)	Europe	SLES-02315
FIFA 2000 (Europe) (En,De,Es,Nl,Sv) (Rev 1)	Europe	SLES-02315
FIFA 2000 (France)	France	SLES-02316
FIFA 2000 (Germany) (En,De,Es,Nl,Sv)	Germany	SLES-02317
FIFA 2000 (Greece)	Greece	SLES-02320
FIFA 2000 (Israel)	Israel	SLES-02321
FIFA 2000 (Italy)	Italy	SLES-02319
FIFA 2000 (Spain) (En,De,Es,Nl,Sv)	Spain	SLES-02318
FIFA 2000 - Europe League Soccer (Japan)	Japan	SLPS-02675
FIFA 2000 - Major League Soccer (USA) (En,De,Es,Nl,Sv)	USA	SLUS-00994
FIFA 2001 (Europe) (En,De,Es,Nl,Sv)	Europe	SLES-03140
FIFA 2001 (France)	France	SLES-03141
FIFA 2001 (Germany) (En,De,Es,Nl,Sv)	Germany	SLES-03142
FIFA 2001 (Greece)	Greece	SLES-03143
FIFA 2001 (Israel)	Israel	SLES-03144
FIFA 2001 (Italy)	Italy	SLES-03145
FIFA 2001 (Spain) (En,De,Es,Nl,Sv)	Spain	SLES-03146
FIFA 2001 (USA) (En,De,Es,Nl,Sv)	USA	SLUS-01262
FIFA 97 (Europe) (En,Fr,De,Es,It,Sv)	Europe	SLES-00504
FIFA 97 (France) (En,Fr,De,Es,It,Sv)	France	SLES-00505
FIFA 97 (Germany) (En,Fr,De,Es,It,Sv)	Germany	SLES-00506
FIFA 99 (Europe) (En,Fr,De,Es,Nl,Sv)	Europe	SLES-01584
FIFA 99 (France) (En,Fr,De,Es,Nl,Sv)	France	SLES-01585
FIFA 99 (Germany) (En,Fr,De,Es,Nl,Sv)	Germany	SLES-01586
FIFA 99 (Italy)	Italy	SLES-01587
FIFA 99 (Spain) (En,Fr,De,Es,Nl,Sv)	Spain	SLES-01588
FIFA 99 (USA) (En,Fr,De,Es,Nl,Sv)	USA	SLUS-00782
FIFA 99 - Europe League Soccer (Japan)	Japan	SLPS-02309
FIFA Football 2002 (Belgium)	Belgium	SLES-03667
FIFA Football 2002 (Europe) (En,De,Es,Nl,Sv)	Europe	SLES-03666
FIFA Football 2002 (France)	France	SLES-03668
FIFA Football 2002 (Germany) (En,De,Es,Nl,Sv)	Germany	SLES-03669
FIFA Football 2002 (Italy)	Italy	SLES-03671
FIFA Football 2002 (Spain) (En,De,Es,Nl,Sv)	Spain	SLES-03672
FIFA Football 2003 (Europe) (En,Nl,Sv)	Europe	SLES-03977
FIFA Football 2003 (France)	France	SLES-03978
FIFA Football 2003 (Germany)	Germany	SLES-03979
FIFA Football 2003 (Italy)	Italy	SLES-03980
FIFA Football 2003 (Spain)	Spain	SLES-03981
FIFA Football 2004 (Europe) (En,Nl,Sv)	Europe	SLES-04115
FIFA Football 2004 (France)	France	SLES-04116
FIFA Football 2004 (Germany)	Germany	SLES-04117
FIFA Football 2004 (Italy)	Italy	SLES-04119
FIFA Football 2004 (Spain)	Spain	SLES-04118
FIFA Football 2005 (Europe) (En,Nl)	Europe	SLES-04165
FIFA Football 2005 (France)	France	SLES-04166
FIFA Football 2005 (Italy)	Italy	SLES-04167
FIFA Football 2005 (Spain)	Spain	SLES-04169
FIFA Soccer 2002 (USA) (En,Es)	USA	SLUS-01408
FIFA Soccer 2003 (USA) (En,Es)	USA	SLUS-01504
FIFA Soccer 2004 (USA) (En,Es)	USA	SLUS-01578
FIFA Soccer 2005 (USA) (En,Es)	USA	SLUS-01585
FIFA Soccer 96 (Europe) (En,Fr,De,Es,It,Sv)	Europe	SLES-00116
FIFA Soccer 96 (USA) (En,Fr,De,Es,It,Sv)	USA	SLUS-00038
FIFA Soccer 97 (Japan)	Japan	SLPS-00878
FIFA Soccer 97 (USA) (En,Fr,De,Es,It,Sv)	USA	SLUS-00269
FIFA World Cup 98 - France 98 Soushuu-hen (Japan)	Japan	SLPS-01719
Fade to Black (Europe) (En,Fr,De,Es,It) (En,De)	Europe	SLES-00209
Fade to Black (Europe) (En,Fr,De,Es,It) (En,Fr)	Europe	SLES-00339
Fade to Black (Japan) (En,Ja)	Japan	SLPS-00812
Fade to Black (USA) (En,Fr,De,Es,It)	USA	SLUS-00236
Falcata - Astran Pardma no Monshou (Japan)	Japan	SLPS-00010
Family 1500 Series - Mahjong (Japan)	Japan	SLPS-03487
Family Bowling (Japan)	Japan	SLPS-01523
Family Bowling (Japan)	Japan	SLPS-03043
Family Card Games Fun Pack (USA)	USA	SLUS-01454
Family Chess (Japan)	Japan	SLPS-03392
Family Diamond (Japan)	Japan	SLPS-03348
Family Feud (USA)	USA	SLUS-01171
Family Game Pack (USA)	USA	SLUS-01049
Family Games Compendium (Europe) (Disc 1)	Europe	SLES-03485
Family Games Compendium (Europe) (Disc 2)	Europe	SLES-13485
Family Games Compendium (Europe) (En,Fr,De,It) (Disc 3)	Europe	SLES-23485
Family Gunjin Shougi (Japan)	Japan	SLPS-03379
Family Igo - Super Strong (Japan)	Japan	SLPS-03378
Family Igo 2 (Japan)	Japan	SLPS-03488
Family Shougi - Super Strong (Japan)	Japan	SLPS-03377
Family Shougi 2 (Japan)	Japan	SLPS-03489
Famires e Youkoso! (Japan)	Japan	SLPS-01665
Famires, The (Japan)	Japan	SLPS-01736
Famires, The - Shijou Saikyou no Menu (Japan)	Japan	SLPS-01763
Famires, The - Shijou Saikyou no Menu (Japan) (Major Wave)	Japan	SLPM-87254
Famitsu Wave 1-gatsugou Vol. 18 (Japan)	Japan	SLPM-80518
Famitsu Wave 1-gatsugou Vol. 6 (Japan)	Japan	SLPM-80352
Famitsu Wave 10-gatsugou Vol. 15 (Japan)	Japan	SLPM-80483
Famitsu Wave 11-gatsugou Vol. 16 (Japan)	Japan	SLPM-80498
Famitsu Wave 11-gatsugou Vol. 4 (Japan)	Japan	SLPM-80312
Famitsu Wave 12-gatsugou Vol. 17 (Japan)	Japan	SLPM-80502
Famitsu Wave 12-gatsugou Vol. 5 (Japan)	Japan	SLPM-80339
Famitsu Wave 2-gatsugou Vol. 19 (Japan)	Japan	SLPM-80530
Famitsu Wave 2-gatsugou Vol. 7 (Japan)	Japan	SLPM-80366
Famitsu Wave 3-gatsugou Vol. 20 (Japan)	Japan	SLPM-80543
Famitsu Wave 3-gatsugou Vol. 8 (Japan)	Japan	SLPM-80383
Famitsu Wave 4-gatsugou Vol. 9 (Japan)	Japan	SLPM-80394
Famitsu Wave 5-gatsugou Vol. 10 (Japan)	Japan	SLPM-80411
Famitsu Wave 6-gatsugou Vol. 11 (Japan)	Japan	SLPM-80423
Famitsu Wave 7-gatsugou Vol. 12 (Japan)	Japan	SLPM-80434
Famitsu Wave 8-gatsugou Vol. 13 (Japan)	Japan	SLPM-80450
Famitsu Wave 9-gatsugou Vol. 14 (Japan)	Japan	SLPM-80465
Famitsu Wave Soukangou Vol. 1 (Japan)	Japan	SLPM-80256
Famitsu Wave Soukangou Vol. 2 (Japan)	Japan	SLPM-80277
Famitsu Wave Soukangou Vol. 3 (Japan)	Japan	SLPM-80290
Fantastep (Japan)	Japan	SLPS-00781
Fantastic Fortune (Japan)	Japan	SLPS-03214
Fantastic Four (Europe) (En,Fr,De,Es,It)	Europe	SLES-00548
Fantastic Four (Japan)	Japan	SLPS-01034
Fantastic Four (USA)	USA	SLUS-00395
Fantastic Night Dreams - Cotton Original (Japan)	Japan	SLPS-02034
Farland Saga - Toki no Michishirube (Japan)	Japan	SLPS-01903
Farland Story - Yottsu no Fuuin (Japan)	Japan	SLPS-00797
Fatal Fury - Wild Ambition (USA)	USA	SLUS-01001
Favorite Dear (Japan)	Japan	SLPS-01759
Favorite Dear - Enkan no Monogatari (Japan)	Japan	SLPS-03286
Favorite Dear - Junpaku no Yogensha (Japan)	Japan	SLPS-02754
Fear Effect (Europe) (En,Es,It) (Disc 1)	Europe	SLES-02166
Fear Effect (Europe) (En,Es,It) (Disc 2)	Europe	SLES-12166
Fear Effect (Europe) (En,Es,It) (Disc 3)	Europe	SLES-22166
Fear Effect (Europe) (En,Es,It) (Disc 4)	Europe	SLES-32166
Fear Effect (France) (Disc 1)	France	SLES-02167
Fear Effect (France) (Disc 2)	France	SLES-12167
Fear Effect (France) (Disc 3)	France	SLES-22167
Fear Effect (France) (Disc 4)	France	SLES-32167
Fear Effect (Germany) (Disc 1)	Germany	SLES-02168
Fear Effect (Germany) (Disc 2)	Germany	SLES-12168
Fear Effect (Germany) (Disc 3)	Germany	SLES-22168
Fear Effect (Germany) (Disc 4)	Germany	SLES-32168
Fear Effect (USA) (Disc 1)	USA	SLUS-00920
Fear Effect (USA) (Disc 2)	USA	SLUS-01056
Fear Effect (USA) (Disc 3)	USA	SLUS-01057
Fear Effect (USA) (Disc 4)	USA	SLUS-01058
Fear Effect 2 - Retro Helix (Europe) (En,Fr,De) (Disc 1)	Europe	SLES-03386
Fear Effect 2 - Retro Helix (Europe) (En,Fr,De) (Disc 2)	Europe	SLES-13386
Fear Effect 2 - Retro Helix (Europe) (En,Fr,De) (Disc 3)	Europe	SLES-23386
Fear Effect 2 - Retro Helix (Europe) (En,Fr,De) (Disc 4)	Europe	SLES-33386
Fear Effect 2 - Retro Helix (USA) (Disc 1)	USA	SLUS-01266
Fear Effect 2 - Retro Helix (USA) (Disc 1) (Rev 1)	USA	SLUS-01266
Fear Effect 2 - Retro Helix (USA) (Disc 2)	USA	SLUS-01275
Fear Effect 2 - Retro Helix (USA) (Disc 2) (Rev 1)	USA	SLUS-01275
Fear Effect 2 - Retro Helix (USA) (Disc 3)	USA	SLUS-01276
Fear Effect 2 - Retro Helix (USA) (Disc 3) (Rev 1)	USA	SLUS-01276
Fear Effect 2 - Retro Helix (USA) (Disc 4)	USA	SLUS-01277
Fear Effect 2 - Retro Helix (USA) (Disc 4) (Rev 1)	USA	SLUS-01277
Felony 11-79 (Europe) (En,Fr,De)	Europe	SLES-00940
Felony 11-79 (USA)	USA	SLUS-00533
Fever - Sankyo Koushiki Pachinko Simulation (Japan)	Japan	SLPS-02371
Fever 2 - Sankyo Koushiki Pachinko Simulation (Japan)	Japan	SLPS-02760
Fever 3 - Sankyo Koushiki Pachinko Simulation (Japan)	Japan	SLPS-02994
Fever 3 - Sankyo Koushiki Pachinko Simulation (Japan)	Japan	SLPS-91475
Fever 4 - Sankyo Koushiki Pachinko Simulation (Japan)	Japan	SLPS-03166
Fever 5 - Sankyo Koushiki Pachinko Simulation (Japan)	Japan	SLPS-03277
Fever 5 - Sankyo Koushiki Pachinko Simulation (Japan)	Japan	SLPS-91495
Fifth Element, The (Europe) (En,Fr,De,Es,It)	Europe	SCES-01285
Fifth Element, The (Japan)	Japan	SLPS-01555
Fifth Element, The (USA)	USA	SLUS-00711
Fighter Maker (Europe)	Europe	SLES-02515
Fighter Maker (USA)	USA	SLUS-00641
Fighters' Impact (Japan, Asia)	Japan	SCPS-45049
Fighters' Impact (Japan, Asia)	Japan	SLPS-00822
Fighting Eyes (Japan)	Japan	SLPS-01313
Fighting Force (Europe) (En,Fr,De)	Europe	SLES-00731
Fighting Force (Europe) (En,Fr,De) (EDC)	Europe	SLES-00731
Fighting Force (USA)	USA	SLUS-00433
Fighting Force (USA) (Rev 1)	USA	SLUS-00433
Fighting Force (USA) (Rev 1) (EDC)	USA	SLUS-00433
Fighting Force (USA) (Rev 2)	USA	SLUS-00433
Fighting Force 2 (Europe) (En,Fr)	Europe	SLES-02233
Fighting Force 2 (Europe) (Es,It)	Europe	SLES-02237
Fighting Force 2 (Germany)	Germany	SLES-02235
Fighting Force 2 (USA)	USA	SLUS-00934
Fighting Illusion - K-1 GP 2000 (Japan)	Japan	SLPS-02985
Fighting Illusion - K-1 Grand Prix '98 (Japan)	Japan	SLPS-01696
Fighting Illusion - K-1 Grand Prix (Japan)	Japan	SLPS-00340
Fighting Illusion - K-1 Revenge (Japan)	Japan	SLPS-00978
Fighting Illusion - K-1 Revenge (Japan)	Japan	SLPS-91090
Fighting Illusion V - K-1 Grand Prix '99 (Japan)	Japan	SLPS-02304
Fighting Network Rings (Japan)	Japan	SLPS-00631
Final Doom (Europe)	Europe	SLES-00487
Final Doom (Japan)	Japan	SLPS-00727
Final Doom (USA)	USA	SLUS-00331
Final Fantasy (Japan)	Japan	SLPS-03430
Final Fantasy (Japan) (Premium Package)	Japan	SLPS-03500
Final Fantasy Anthology - European Edition - Final Fantasy IV (Europe, Australia)	Europe	SCES-03840
Final Fantasy Anthology - European Edition - Final Fantasy V (Europe, Australia)	Europe	SCES-13840
Final Fantasy Anthology - Final Fantasy V (USA)	USA	SLUS-00879
Final Fantasy Anthology - Final Fantasy VI (USA)	USA	SLUS-00900
Final Fantasy Chronicles - Chrono Trigger (USA) (Rev 1)	USA	SLUS-01363
Final Fantasy Chronicles - Chrono Trigger (USA, Canada)	USA	SLUS-01363
Final Fantasy Chronicles - Final Fantasy IV (USA) (Rev 1)	USA	SLUS-01360
Final Fantasy Chronicles - Final Fantasy IV (USA, Canada)	USA	SLUS-01360
Final Fantasy Extra Collection (Japan)	Japan	SLPM-80073
Final Fantasy II (Japan)	Japan	SLPS-03502
Final Fantasy II (Japan) (Premium Package)	Japan	SLPS-03501
Final Fantasy IV (Japan)	Japan	SLPM-86028
Final Fantasy IV (Japan)	Japan	SLPS-01948
Final Fantasy IX (Europe) (Disc 1)	Europe	SLES-02965
Final Fantasy IX (Europe) (Disc 2)	Europe	SLES-12965
Final Fantasy IX (Europe) (Disc 3)	Europe	SLES-22965
Final Fantasy IX (Europe) (Disc 4)	Europe	SLES-32965
Final Fantasy IX (France) (Disc 1)	France	SLES-02966
Final Fantasy IX (France) (Disc 2)	France	SLES-12966
Final Fantasy IX (France) (Disc 3)	France	SLES-22966
Final Fantasy IX (France) (Disc 4)	France	SLES-32966
Final Fantasy IX (Germany) (Disc 1)	Germany	SLES-02967
Final Fantasy IX (Germany) (Disc 2)	Germany	SLES-12967
Final Fantasy IX (Germany) (Disc 3)	Germany	SLES-22967
Final Fantasy IX (Germany) (Disc 4)	Germany	SLES-32967
Final Fantasy IX (Italy) (Disc 1)	Italy	SLES-02968
Final Fantasy IX (Italy) (Disc 2)	Italy	SLES-12968
Final Fantasy IX (Italy) (Disc 3)	Italy	SLES-22968
Final Fantasy IX (Italy) (Disc 4)	Italy	SLES-32968
Final Fantasy IX (Japan, Asia) (Disc 1)	Japan	SCPS-45500
Final Fantasy IX (Japan, Asia) (Disc 1)	Japan	SLPM-87388
Final Fantasy IX (Japan, Asia) (Disc 1)	Japan	SLPS-02000
Final Fantasy IX (Japan, Asia) (Disc 2)	Japan	SCPS-45501
Final Fantasy IX (Japan, Asia) (Disc 2)	Japan	SLPM-87389
Final Fantasy IX (Japan, Asia) (Disc 2)	Japan	SLPS-02001
Final Fantasy IX (Japan, Asia) (Disc 3)	Japan	SCPS-45502
Final Fantasy IX (Japan, Asia) (Disc 3)	Japan	SLPM-87390
Final Fantasy IX (Japan, Asia) (Disc 3)	Japan	SLPS-02002
Final Fantasy IX (Japan, Asia) (Disc 4)	Japan	SCPS-45503
Final Fantasy IX (Japan, Asia) (Disc 4)	Japan	SLPM-87391
Final Fantasy IX (Japan, Asia) (Disc 4)	Japan	SLPS-02003
Final Fantasy IX (Spain) (Disc 1)	Spain	SLES-02969
Final Fantasy IX (Spain) (Disc 2)	Spain	SLES-12969
Final Fantasy IX (Spain) (Disc 3)	Spain	SLES-22969
Final Fantasy IX (Spain) (Disc 4)	Spain	SLES-32969
Final Fantasy IX (USA, Canada) (Disc 1)	USA	SLUS-01251
Final Fantasy IX (USA, Canada) (Disc 2)	USA	SLUS-01295
Final Fantasy IX (USA, Canada) (Disc 3)	USA	SLUS-01296
Final Fantasy IX (USA, Canada) (Disc 4)	USA	SLUS-01297
Final Fantasy Origins (USA)	USA	SLUS-01541
Final Fantasy Origins (USA, Canada) (Rev 1)	USA	SLUS-01541
Final Fantasy Origins - Final Fantasy (Europe)	Europe	SLES-04034
Final Fantasy Origins - Final Fantasy II (Europe)	Europe	SLES-14034
Final Fantasy Tactics (Japan)	Japan	SLPS-00770
Final Fantasy Tactics (Japan) (Rev 1)	Japan	SLPM-87392
Final Fantasy Tactics (Japan) (Rev 1)	Japan	SLPS-00770
Final Fantasy Tactics (Japan) (Rev 1)	Japan	SLPS-02768
Final Fantasy Tactics (Japan) (Rev 1)	Japan	SLPS-91435
Final Fantasy Tactics (USA)	USA	SCUS-94221
Final Fantasy V (Japan, Asia)	Japan	SCPS-45214
Final Fantasy V (Japan, Asia)	Japan	SLPM-86081
Final Fantasy V (Japan, Asia)	Japan	SLPS-01949
Final Fantasy VI (Europe, Australia)	Europe	SCES-03828
Final Fantasy VI (Japan, Asia)	Japan	SCPS-45387
Final Fantasy VI (Japan, Asia)	Japan	SLPM-86198
Final Fantasy VI (Japan, Asia)	Japan	SLPS-01950
Final Fantasy VII (Europe) (Disc 1)	Europe	SCES-00867
Final Fantasy VII (Europe) (Disc 2)	Europe	SCES-10867
Final Fantasy VII (Europe) (Disc 3)	Europe	SCES-20867
Final Fantasy VII (France) (Disc 1)	France	SCES-00868
Final Fantasy VII (France) (Disc 2)	France	SCES-10868
Final Fantasy VII (France) (Disc 3)	France	SCES-20868
Final Fantasy VII (Germany) (Disc 1)	Germany	SCES-00869
Final Fantasy VII (Germany) (Disc 2)	Germany	SCES-10869
Final Fantasy VII (Germany) (Disc 3)	Germany	SCES-20869
Final Fantasy VII (Japan) (Disc 1)	Japan	SLPS-00700
Final Fantasy VII (Japan) (Disc 2)	Japan	SLPS-00701
Final Fantasy VII (Japan) (Disc 3)	Japan	SLPS-00702
Final Fantasy VII (Spain) (Disc 1)	Spain	SCES-00900
Final Fantasy VII (Spain) (Disc 1) (Rev 1)	Spain	SCES-00900
Final Fantasy VII (Spain) (Disc 2)	Spain	SCES-10900
Final Fantasy VII (Spain) (Disc 2) (Rev 1)	Spain	SCES-10900
Final Fantasy VII (Spain) (Disc 3)	Spain	SCES-20900
Final Fantasy VII (Spain) (Disc 3) (Rev 1)	Spain	SCES-20900
Final Fantasy VII (USA) (Disc 1)	USA	SCUS-94163
Final Fantasy VII (USA) (Disc 2)	USA	SCUS-94163
Final Fantasy VII (USA) (Disc 3)	USA	SCUS-94163
Final Fantasy VII (USA) (Interactive Sampler CD)	USA	SCUS-94961
Final Fantasy VII (USA) (Square Soft on PlayStation Previews)	USA	SCUS-94179
Final Fantasy VII International (Japan) (Disc 1)	Japan	SLPM-84020
Final Fantasy VII International (Japan) (Disc 1)	Japan	SLPM-87380
Final Fantasy VII International (Japan) (Disc 1)	Japan	SLPS-01057
Final Fantasy VII International (Japan) (Disc 1)	Japan	SLPS-91440
Final Fantasy VII International (Japan) (Disc 2)	Japan	SLPM-84021
Final Fantasy VII International (Japan) (Disc 2)	Japan	SLPM-87381
Final Fantasy VII International (Japan) (Disc 2)	Japan	SLPS-01058
Final Fantasy VII International (Japan) (Disc 2)	Japan	SLPS-91441
Final Fantasy VII International (Japan) (Disc 3)	Japan	SLPM-84022
Final Fantasy VII International (Japan) (Disc 3)	Japan	SLPM-87382
Final Fantasy VII International (Japan) (Disc 3)	Japan	SLPS-01059
Final Fantasy VII International (Japan) (Disc 3)	Japan	SLPS-91442
Final Fantasy VII International (Japan) (Disc 4) (Perfect Guide)	Japan	SLPM-84023
Final Fantasy VII International (Japan) (Disc 4) (Perfect Guide)	Japan	SLPM-87383
Final Fantasy VII International (Japan) (Disc 4) (Perfect Guide)	Japan	SLPS-01060
Final Fantasy VII International (Japan) (Disc 4) (Perfect Guide)	Japan	SLPS-91443
Final Fantasy VIII (Europe, Australia) (Disc 1)	Europe	SLES-02080
Final Fantasy VIII (Europe, Australia) (Disc 2)	Europe	SLES-12080
Final Fantasy VIII (Europe, Australia) (Disc 3)	Europe	SLES-22080
Final Fantasy VIII (Europe, Australia) (Disc 4)	Europe	SLES-32080
Final Fantasy VIII (France) (Disc 1)	France	SLES-02081
Final Fantasy VIII (France) (Disc 2)	France	SLES-12081
Final Fantasy VIII (France) (Disc 3)	France	SLES-22081
Final Fantasy VIII (France) (Disc 4)	France	SLES-32081
Final Fantasy VIII (Germany) (Disc 1)	Germany	SLES-02082
Final Fantasy VIII (Germany) (Disc 2)	Germany	SLES-12082
Final Fantasy VIII (Germany) (Disc 3)	Germany	SLES-22082
Final Fantasy VIII (Germany) (Disc 4)	Germany	SLES-32082
Final Fantasy VIII (Italy) (Disc 1)	Italy	SLES-02083
Final Fantasy VIII (Italy) (Disc 2)	Italy	SLES-12083
Final Fantasy VIII (Italy) (Disc 3)	Italy	SLES-22083
Final Fantasy VIII (Italy) (Disc 4)	Italy	SLES-32083
Final Fantasy VIII (Japan, Asia) (Disc 1)	Japan	SCPS-45375
Final Fantasy VIII (Japan, Asia) (Disc 1)	Japan	SLPM-87384
Final Fantasy VIII (Japan, Asia) (Disc 1)	Japan	SLPS-01880
Final Fantasy VIII (Japan, Asia) (Disc 2)	Japan	SCPS-45376
Final Fantasy VIII (Japan, Asia) (Disc 2)	Japan	SLPM-87385
Final Fantasy VIII (Japan, Asia) (Disc 2)	Japan	SLPS-01881
Final Fantasy VIII (Japan, Asia) (Disc 3)	Japan	SCPS-45377
Final Fantasy VIII (Japan, Asia) (Disc 3)	Japan	SLPM-87386
Final Fantasy VIII (Japan, Asia) (Disc 3)	Japan	SLPS-01882
Final Fantasy VIII (Japan, Asia) (Disc 4)	Japan	SCPS-45378
Final Fantasy VIII (Japan, Asia) (Disc 4)	Japan	SLPM-87387
Final Fantasy VIII (Japan, Asia) (Disc 4)	Japan	SLPS-01883
Final Fantasy VIII (Spain) (Disc 1)	Spain	SLES-02084
Final Fantasy VIII (Spain) (Disc 2)	Spain	SLES-12084
Final Fantasy VIII (Spain) (Disc 3)	Spain	SLES-22084
Final Fantasy VIII (Spain) (Disc 4)	Spain	SLES-32084
Final Fantasy VIII (USA) (Disc 1)	USA	SLUS-00892
Final Fantasy VIII (USA) (Disc 2)	USA	SLUS-00908
Final Fantasy VIII (USA) (Disc 3)	USA	SLUS-00909
Final Fantasy VIII (USA) (Disc 4)	USA	SLUS-00910
Final Round (Japan)	Japan	SLPS-01266
Final Round, The (USA)	USA	SLUS-00064
Finger Flashing (Japan)	Japan	SLPS-02158
Fire Panic - Mack no Rescue Daisakusen (Japan)	Japan	SCPS-10055
Fire Pro Wrestling - Iron Slam '96 (Japan)	Japan	SLPS-00277
Fire Pro Wrestling G (Japan)	Japan	SLPS-02065
Fire Pro Wrestling G (Japan) (Spike Library)	Japan	SLPS-02817
Fire Woman Matoigumi (Japan)	Japan	SLPS-01315
Firebugs (Europe) (En,Fr,De,Es,It,Nl,Pt,Sv,No,Da,Fi)	Europe	SCES-03884
Firemen 2, The - Pete & Danny (Japan)	Japan	SLPS-00148
Firemen 2, The - Pete & Danny (Japan)	Japan	SLPS-02090
Firestorm - Thunderhawk 2 (Europe) (En,Fr)	Europe	SLES-00145
Firestorm - Thunderhawk 2 (Germany)	Germany	SLES-00144
Firo & Klawd (Europe)	Europe	SLES-00094
Firo & Klawd (France)	France	SLES-00252
Firo & Klawd (Germany)	Germany	SLES-00253
Firo & Klawd (Japan)	Japan	SLPS-00803
Firo & Klawd (Spain)	Spain	SLES-00254
First Kiss Story (Japan) (Disc 1)	Japan	SLPS-01708
First Kiss Story (Japan) (Disc 2)	Japan	SLPS-01709
First Queen IV - Varcia Senki (Japan)	Japan	SLPS-00604
Fish Eyes (Japan)	Japan	SLPS-00463
Fish Eyes (Japan)	Japan	SLPS-91040
Fish Eyes (Japan)	Japan	SLPS-91458
Fish Eyes II (Japan)	Japan	SLPS-02383
Fish On! Bass (Japan)	Japan	SLPS-02288
Fisher's Road (Japan)	Japan	SLPS-01943
Fisher-Price Rescue Heroes - Helden in Gefahr (Germany)	Germany	SLES-03726
Fisher-Price Rescue Heroes - Molten Menace (Europe)	Europe	SLES-03724
Fisher-Price Rescue Heroes - Molten Menace (USA)	USA	SLUS-01373
Fisherman's Bait - A Bass Challenge (USA)	USA	SLUS-00802
Fisherman's Bait - Bass Challenge (Europe)	Europe	SLES-02085
Fisherman's Bait 2 - Big Ol' Bass (Europe)	Europe	SLES-02596
Fisherman's Bait 2 - Big Ol' Bass (USA)	USA	SLUS-00999
Fisherman's Bait 3 (Europe)	Europe	SLES-03295
Fishing Freaks - BassRise (Japan)	Japan	SLPS-01931
Fishing Freaks - BassRise (Japan) (Doukon Pack)	Japan	SLPS-01930
Fishing Freaks - BassRise Plus (Japan)	Japan	SLPS-02572
Fishing Koushien II (Japan)	Japan	SLPS-00749
Fist (Japan)	Japan	SLPS-00538
Flamberge no Seirei (Japan)	Japan	SLPS-02719
Flintstones, Die - Bedrock Bowling (Germany)	Germany	SLES-03320
Flintstones, The - Bedrock Bowling (Europe)	Europe	SLES-02345
Flintstones, The - Bedrock Bowling (USA)	USA	SLUS-00931
Floating Runner (Europe)	Europe	SLES-00453
Floating Runner - 7-tsu no Suishou no Monogatari (Japan)	Japan	SLPS-00147
Floating Runner - Quest for the 7 Crystals (USA)	USA	SLUS-00231
Fluid (Europe)	Europe	SCES-00985
Flying Squadron (Europe)	Europe	SLES-04156
Folles Poursuites (France)	France	SLES-03546
Football Madness (Europe)	Europe	SLES-04047
Football Manager Campionato 2001 (Italy)	Italy	SLES-02978
Football Manager Campionato 2002 (Italy)	Italy	SLES-03606
Football Special (Europe)	Europe	SCED-01387
Ford Racing (Europe)	Europe	SLES-03276
Ford Racing (USA)	USA	SLUS-01301
Ford Truck Mania (Europe) (En,Fr,De,Es)	Europe	SLES-04109
Ford Truck Mania (USA)	USA	SLUS-01540
Forget Me Not - Palette (Japan)	Japan	SLPS-03191
Formation Soccer '97 - The Road to France (Japan)	Japan	SLPS-00762
Formation Soccer '98 (Japan)	Japan	SLPM-86640
Formation Soccer '98 - Ganbare Nippon in France (Japan)	Japan	SLPS-01419
Formula 1 (Europe) (En,Fr,De,Es,It)	Europe	SLES-00298
Formula 1 (Europe) (En,Fr,De,Es,It) (Rev 1)	Europe	SLES-00298
Formula 1 (Japan)	Japan	SIPS-60011
Formula 1 (USA)	USA	SCUS-94353
Formula 1 (USA) (Rev 1)	USA	SCUS-94353
Formula 1 97 (Europe) (En,Fr,De,Es,It)	Europe	SLES-00859
Formula 1 97 (Europe) (En,Fr,De,Es,It) (Rev 1)	Europe	SLES-00859
Formula 1 97 (Japan) (En,Ja,Fr,De,Es,It)	Japan	SIPS-60023
Formula 1 97 (Japan, Asia) (En,Ja,Fr,De,Es,It) (Rev 1)	Japan	PCPX-96090
Formula 1 97 (Japan, Asia) (En,Ja,Fr,De,Es,It) (Rev 1)	Japan	SCPS-45132
Formula 1 97 (Japan, Asia) (En,Ja,Fr,De,Es,It) (Rev 1)	Japan	SIPS-60023
Formula 1 98 (Europe) (En,Fr,De,Es,It,Fi)	Europe	SLES-01421
Formula 1 98 (USA, Canada) (En,Fr,De,Es,It,Fi)	USA	SLUS-00744
Formula 1 Championship Edition (USA) (En,Fr,De,Es,It)	USA	SLUS-00546
Formula 1 Championship Edition (USA) (En,Fr,De,Es,It) (SLUS-00612)	USA	SLUS-00612
Formula Circus (Japan)	Japan	SLPS-00358
Formula GP (Europe)	Europe	SLES-03994
Formula Grand Prix - Team Un'ei Simulation 2 - 1997-nenban (Japan)	Japan	SLPS-01154
Formula Karts - Special Edition (Europe) (En,De,Es,It)	Europe	SLES-00726
Formula Nippon '99 - Racing Driver ni Narou! (Japan)	Japan	SLPS-02259
Formula Nippon (Europe) (En,Es,It)	Europe	SLES-02526
Formula Nippon (Europe) (Fr,De)	Europe	SLES-02527
Formula One 2000 (Europe) (En,Fi)	Europe	SCES-02777
Formula One 2000 (Europe) (Es,It)	Europe	SCES-02779
Formula One 2000 (Europe) (Fr,De)	Europe	SCES-02778
Formula One 2000 (USA)	USA	SLUS-01134
Formula One 2001 (Europe) (En,Fi)	Europe	SCES-03404
Formula One 2001 (Europe) (Es,It)	Europe	SCES-03424
Formula One 2001 (Europe) (Fr,De)	Europe	SCES-03423
Formula One 2001 (Russia)	Russia	SCES-03524
Formula One 99 (Europe) (En,Es,Fi)	Europe	SCES-02222
Formula One 99 (Europe) (En,Fr,De,It)	Europe	SCES-01979
Formula One 99 (Japan)	Japan	SCPS-10101
Formula One 99 (USA, Canada) (En,Fr,Es)	USA	SLUS-00870
Formula One Arcade (Europe) (En,Fr,De,Es,It)	Europe	SCES-03886
Forsaken (Europe)	Europe	SLES-00745
Forsaken (France)	France	SLES-01086
Forsaken (Germany)	Germany	SLES-01087
Forsaken (Italy)	Italy	SLES-01088
Forsaken (Japan)	Japan	SLPM-86307
Forsaken (Spain)	Spain	SLES-01089
Forsaken (USA)	USA	SLUS-00458
Fox Hunt (USA) (Disc 1)	USA	SLUS-00101
Fox Hunt (USA) (Disc 2)	USA	SLUS-00175
Fox Hunt (USA) (Disc 3)	USA	SLUS-00176
Fox Junction (Japan)	Japan	SLPS-01355
Fox Sports Golf '99 (USA)	USA	SLUS-00636
Fox Sports Soccer '99 (USA) (En,Es)	USA	SLUS-00635
FoxKids.com - Micro Maniacs Racing (USA)	USA	SLUS-01129
Frank Thomas Big Hurt Baseball (Europe)	Europe	SLES-00100
Frank Thomas Big Hurt Baseball (Japan)	Japan	SLPS-00453
Frank Thomas Big Hurt Baseball (USA)	USA	SLUS-00010
Frankreich 98 - Die Fussball-WM (Germany) (En,Fr,De,Es,Nl,Sv,Da)	Germany	SLES-01267
Free Spin Demo Disc! Voellig Gratis Demo Disc! (Germany)	Germany	SCED-04012
Free Talk Studio - Mari no Kimamana Oshaberi (Japan)	Japan	SLPS-00985
Freestyle Boardin' '99 (USA)	USA	SLUS-00767
Freestyle Motocross - McGrath vs. Pastrana (Europe)	Europe	SLES-02820
Freestyle Motocross - McGrath vs. Pastrana (USA)	USA	SLUS-00122
Freestyle Scooter (Europe)	Europe	SLES-03363
Frenzy! (Europe)	Europe	SLES-00784
Frogger (Europe) (En,Fr,De,Es,It)	Europe	SLES-00704
Frogger (Japan)	Japan	SLPS-01399
Frogger (USA)	USA	SLUS-00506
Frogger 2 - Swampy's Revenge (Europe) (En,Fr,De,It)	Europe	SLES-02853
Frogger 2 - Swampy's Revenge (USA)	USA	SLUS-01172
From Software 1998 Summer Preview Movies (Japan)	Japan	SLPM-80268
From TV Animation One Piece - Grand Battle! (Japan)	Japan	SLPS-03164
From TV Animation One Piece - Grand Battle! 2 (Japan)	Japan	SLPS-03408
From TV Animation One Piece - Oceans of Dreams! (Japan)	Japan	SLPS-03550
From TV Animation One Piece - Tobidase Kaizokudan! (Japan)	Japan	SLPS-03252
From TV Animation One Piece - Tobidase Kaizokudan! (Japan) (PocketStation Doukon)	Japan	SLPS-03251
Front Mission 1st (Japan)	Japan	SLPM-87317
Front Mission 1st (Japan) (Front Mission History)	Japan	SLPM-87330
Front Mission 2 (Japan) (Front Mission History)	Japan	SLPM-87331
Front Mission 2 (Japan) (Front Mission History)	Japan	SLPM-87397
Front Mission 2 (Japan, Asia)	Japan	SCPS-45116
Front Mission 2 (Japan, Asia)	Japan	SLPS-01000
Front Mission 3 (Europe)	Europe	SLES-02423
Front Mission 3 (Japan)	Japan	SLPM-87332
Front Mission 3 (Japan)	Japan	SLPM-87399
Front Mission 3 (Japan)	Japan	SLPS-02222
Front Mission 3 (Japan)	Japan	SLPS-02772
Front Mission 3 (Japan)	Japan	SLPS-91447
Front Mission 3 (USA)	USA	SLUS-01011
Front Mission Alternative (Japan)	Japan	SLPM-87398
Front Mission Alternative (Japan)	Japan	SLPS-00953
Fun! Fun! Pingu - Youkoso! Nankyoku e (Japan)	Japan	SLPS-02307
Fun! Fun! Pingu - Youkoso! Nankyoku e (Japan) (Shokai Suuryou Genteiban)	Japan	SLPS-02306
Funky Boxers (Japan)	Japan	SLPS-03496
Furimukeba Tonari ni (Japan)	Japan	SLPM-86808
Fushigi Deka (Japan)	Japan	SLPM-86642
Fushigi na Data Disc (Japan)	Japan	SLPS-01235
Fushigi na Data Disc 2 (Japan, Asia)	Japan	SCPS-45372
Fushigi na Data Disc 2 (Japan, Asia)	Japan	SLPS-01772
Fushigi no Kuni no Angelique (Japan)	Japan	SLPM-86430
Fushigi no Kuni no Angelique (Japan)	Japan	SLPM-86507
Fushigi no Kuni no Angelique (Japan)	Japan	SLPM-87182
Fushigi no Kuni no Angelique (Japan)	Japan	SLPS-00730
Fussball Live (Germany)	Germany	SCES-01702
Fussball Live 2 (Germany)	Germany	SCES-03074
Fussball Manager 2001 (Germany)	Germany	SLES-03062
Fussball Spezial 01 (Germany)	Germany	SCED-01307
Future Cop - L.A.P.D. (Europe) (En,Fr)	Europe	SLES-01449
Future Cop - L.A.P.D. (Germany)	Germany	SLES-01482
Future Cop - L.A.P.D. (USA)	USA	SLUS-00739
Future GPX Cyber Formula - Aratanaru Chousensha (Japan) (Disc 1)	Japan	SLPS-01958
Future GPX Cyber Formula - Aratanaru Chousensha (Japan) (Disc 1)	Japan	SLPS-03426
Future GPX Cyber Formula - Aratanaru Chousensha (Japan) (Disc 2)	Japan	SLPS-01959
Future GPX Cyber Formula - Aratanaru Chousensha (Japan) (Disc 2)	Japan	SLPS-03427
Future Racer (Europe)	Europe	SLES-03508
Fuujin Ryouiki Eretzvaju (Japan, Asia)	Japan	SCPS-45373
Fuujin Ryouiki Eretzvaju (Japan, Asia)	Japan	SLPS-01790
Fuuraiki (Japan)	Japan	SLPS-03094
Fuuun Gokuu Ninden (Japan)	Japan	SLPS-00441
G Darius (Japan, Asia)	Japan	SCPS-45202
G Darius (Japan, Asia)	Japan	SLPM-86453
G Darius (Japan, Asia)	Japan	SLPS-01348
G-Police (Europe) (Disc 1)	Europe	SLES-00082
G-Police (Europe) (Disc 2)	Europe	SLES-10082
G-Police (France) (Disc 1)	France	SLES-00853
G-Police (France) (Disc 1) (EDC)	France	SLES-00853
G-Police (France) (Disc 2)	France	SLES-10853
G-Police (France) (Disc 2) (EDC)	France	SLES-10853
G-Police (Germany) (Disc 1)	Germany	SLES-00854
G-Police (Germany) (Disc 2)	Germany	SLES-10854
G-Police (Italy) (Disc 1)	Italy	SLES-00855
G-Police (Italy) (Disc 2)	Italy	SLES-10855
G-Police (Japan) (Disc 1)	Japan	SCPS-10065
G-Police (Japan) (Disc 2)	Japan	SCPS-10066
G-Police (Spain) (Disc 1)	Spain	SLES-00856
G-Police (Spain) (Disc 2)	Spain	SLES-10856
G-Police (USA) (Disc 1)	USA	SLUS-00544
G-Police (USA) (Disc 2)	USA	SLUS-00556
G-Police - Weapons of Justice (Europe)	Europe	SCES-01625
G-Police - Weapons of Justice (France)	France	SCES-01917
G-Police - Weapons of Justice (Germany)	Germany	SCES-01918
G-Police - Weapons of Justice (Italy)	Italy	SCES-01920
G-Police - Weapons of Justice (Spain)	Spain	SCES-01919
G-Police - Weapons of Justice (USA)	USA	SLUS-00798
G. Darius (Europe)	Europe	SLES-01314
G. Darius (USA)	USA	SLUS-00690
G.O.D pure (Japan)	Japan	SLPS-00944
G.T.A - Grand Theft Auto (Japan)	Japan	SLPM-87007
G.T.A - Grand Theft Auto (Japan)	Japan	SLPS-01554
GI Jockey (Japan)	Japan	SLPM-86195
GI Jockey (Japan) (Shokai Genteiban)	Japan	SLPM-86213
GI Jockey 2000 (Japan)	Japan	SLPM-86413
GP Challenge (Europe) (En,Fr,De,It)	Europe	SLES-03207
GRV 2000 (Japan)	Japan	SLPM-84010
GZSZ Quiz (Germany)	Germany	SLES-02693
GZSZ Vol. 2 (Germany) (Disc 1)	Germany	SLES-02441
GZSZ Vol. 2 (Germany) (Disc 2)	Germany	SLES-12441
GZSZ Vol. 3 (Germany)	Germany	SLES-02980
Gadget - Past as Future (Japan) (Disc 1)	Japan	SLPS-01082
Gadget - Past as Future (Japan) (Disc 2)	Japan	SLPS-01083
Gadget - Past as Future (Japan) (Disc 3)	Japan	SLPS-01084
Gadget - Past as Future (Japan) (Disc 4)	Japan	SLPS-01085
GaiaMaster - Kamigami no Board Game (Japan)	Japan	SLPS-02075
GaiaSeed - Project Seed Trap (Japan)	Japan	SLPS-00624
Gakkou de Atta Kowai Hanashi S (Japan)	Japan	SLPS-00404
Gakkou no Kowai Uwasa - Hanako-san ga Kita!! (Japan)	Japan	SLPS-00078
Gakkou o Tsukurou!! (Japan)	Japan	SLPS-01103
Gakkou o Tsukurou!! (Japan)	Japan	SLPS-91120
Gakkou o Tsukurou!! 2 (Japan)	Japan	SLPS-01660
Gakkou o Tsukurou!! 2 (Japan)	Japan	SLPS-91485
Gakkou o Tsukurou!! Kouchou Sensei Monogatari (Japan)	Japan	SLPS-02998
Gakkou o Tsukurou!! Kouchou Sensei Monogatari (Japan)	Japan	SLPS-03313
Gakuen Sentai Solblast (Japan)	Japan	SLPS-01852
Galaga - Destination Earth (Europe) (En,Fr,De,It)	Europe	SLES-02212
Galaga - Destination Earth (USA)	USA	SLUS-01258
Galaxian^3 (Europe)	Europe	SCES-00269
Galaxian^3 (Japan)	Japan	SLPS-00270
Galaxy Fight (Europe)	Europe	SLES-00197
Galaxy Fight - Universal Warriors (Japan)	Japan	SLPS-00138
Gale Gunner (Japan)	Japan	SLPS-02596
Gale Gunner (Japan)	Japan	SLPS-03305
Galeoz (Japan)	Japan	SLPS-00621
Galerians (Europe) (Disc 1)	Europe	SLES-02328
Galerians (Europe) (Disc 2)	Europe	SLES-12328
Galerians (Europe) (Disc 3)	Europe	SLES-22328
Galerians (France) (Disc 1)	France	SLES-02329
Galerians (France) (Disc 2)	France	SLES-12329
Galerians (France) (Disc 3)	France	SLES-22329
Galerians (Germany) (Disc 1)	Germany	SLES-02330
Galerians (Germany) (Disc 2)	Germany	SLES-12330
Galerians (Germany) (Disc 3)	Germany	SLES-22330
Galerians (Japan) (Disc 1)	Japan	SLPS-02192
Galerians (Japan) (Disc 2)	Japan	SLPS-02193
Galerians (Japan) (Disc 3)	Japan	SLPS-02194
Galerians (USA) (Disc 1)	USA	SLUS-00986
Galerians (USA) (Disc 2)	USA	SLUS-01098
Galerians (USA) (Disc 3)	USA	SLUS-01099
Gallop Racer (Japan)	Japan	SLPS-00507
Gallop Racer (USA)	USA	SLUS-00942
Gallop Racer 2 (Japan)	Japan	SLPS-01077
Gallop Racer 2 (Japan)	Japan	SLPS-91078
Gallop Racer 2000 (Japan)	Japan	SLPS-02623
Gallop Racer 3 (Japan)	Japan	SLPS-01981
Gallop Racer 3 (Japan)	Japan	SLPS-91404
Game Maker, The - Ureyuki 100-manbon Get da ze! (Japan)	Japan	SLPS-01583
Game Nihonshi - Kakumeiji Oda Nobunaga (Japan)	Japan	SLPS-00774
Game Soft o Tsukurou - Let's Be a Super Game Creator!! (Japan)	Japan	SLPS-01607
Game de Hajimeru TOEIC Test - Mazu wa Nyuumon-hen 1500 (Japan)	Japan	SLPS-03549
Game de Seishun (Japan)	Japan	SLPS-01306
Game no Tatsujin (Japan)	Japan	SLPS-00030
Game no Tatsujin (Japan) (Rev 1)	Japan	SLPS-02052
Game no Tatsujin (Japan) (Rev 1)	Japan	SLPS-03298
Game no Tatsujin 2 (Japan)	Japan	SLPS-00213
Game no Tatsujin 2 (Japan)	Japan	SLPS-03297
Game no Tetsujin - The Shanghai (Japan)	Japan	SLPS-00096
Game of Life, The (USA)	USA	SLUS-00769
Game of Life, The - DX Jinsei Game (Japan)	Japan	SLPS-00155
Game of Life, The - DX Jinsei Game (Japan)	Japan	SLPS-91025
Game of Life, The - DX Jinsei Game II (Japan)	Japan	SLPS-00918
Game of Life, The - DX Jinsei Game II (Japan) (Rev 1)	Japan	SLPS-00918
Game of Life, The - DX Jinsei Game II (Japan) (Rev 1)	Japan	SLPS-91095
Game of Life, The - DX Jinsei Game III (Japan)	Japan	SLPM-87098
Game of Life, The - DX Jinsei Game III (Japan)	Japan	SLPS-02469
Game of Life, The - DX Jinsei Game IV (Japan)	Japan	SLPM-86963
Game of Life, The - DX Jinsei Game IV (Japan) (Rev 1)	Japan	SLPM-87285
Game of Life, The - DX Jinsei Game V (Japan)	Japan	SLPM-87187
Gamera 2000 (Japan) (En,Ja)	Japan	SLPS-00833
Ganbare Goemon - Kuru nara Koi! Ayashige Ikka no Kuroi Kage (Japan)	Japan	SLPM-86155
Ganbare Goemon - Kuru nara Koi! Ayashige Ikka no Kuroi Kage (Japan)	Japan	SLPM-86572
Ganbare Goemon - Ooedo Daikaiten (Japan)	Japan	SLPM-86774
Ganbare Goemon - Ooedo Daikaiten (Japan)	Japan	SLPM-86940
Ganbare Goemon - Ooedo Daikaiten (Japan)	Japan	SLPM-87197
Ganbare Goemon - Uchuu Kaizoku Akogingu (Japan)	Japan	SLPS-00217
Ganbare Goemon - Uchuu Kaizoku Akogingu (Japan) (Rev 1)	Japan	SLPM-86030
Ganbare Morikawa-kun 2-gou (Japan)	Japan	SCPS-10036
Ganbare Morikawa-kun 2-gou (Japan) (Genteiban)	Japan	SCPS-10033
Ganbare! Nippon! Olympic 2000 (Japan)	Japan	SLPM-86482
Gangway Monsters (Japan)	Japan	SLPS-01468
Ganso Family Mahjong (Japan)	Japan	SLPS-01373
Ganso Family Mahjong 2 (Japan)	Japan	SLPS-02094
Garou Densetsu - Wild Ambition (Japan, Asia)	Japan	SCPS-45409
Garou Densetsu - Wild Ambition (Japan, Asia)	Japan	SLPM-86236
Gate Keepers (Japan) (Disc 1)	Japan	SLPS-02246
Gate Keepers (Japan) (Disc 2)	Japan	SLPS-02247
Gauntlet Legends (Europe)	Europe	SLES-02791
Gauntlet Legends (France)	France	SLES-02931
Gauntlet Legends (Germany)	Germany	SLES-02932
Gauntlet Legends (USA)	USA	SLUS-00624
GeGeGe no Kitarou (Japan)	Japan	SLPS-00644
GeGeGe no Kitarou - Gyakushuu! Youma Daikessen (Japan)	Japan	SLPM-87286
GeGeGe no Kitarou - Gyakushuu! Youma Daikessen (Japan)	Japan	SLPM-87342
Gear Fighter Dendoh (Japan)	Japan	SLPS-03189
Geki-Oh - Shienryuu (Japan)	Japan	SLPS-02056
Gekido - Urban Fighters (Europe) (En,Fr,De,Es,It)	Europe	SLES-01241
Gekido - Urban Fighters (USA)	USA	SLUS-00970
Gekioh - Shooting King (Europe)	Europe	SLES-04004
Gekioh - Shooting King (USA)	USA	SLUS-01498
Gekiretsu Pachinkers (Japan)	Japan	SLPS-00696
Gekisou Tomarunner (Japan)	Japan	SCPS-10087
Gekisou!! Grand Racing - Total Drivin' (Japan)	Japan	SLPS-01346
Gekitotsu Toma L'Arc - Tomarunner vs L'Arc-en-Ciel (Japan)	Japan	SCPS-10134
Gekitotsu Toma L'Arc - Tomarunner vs L'Arc-en-Ciel (Japan)	Japan	SCPS-91320
Gekitotsu! Yonku Battle 4WD (Japan)	Japan	SLPS-00926
Gekitou! Crush Gear Turbo (Japan)	Japan	SLPS-03453
Gekka no Kishi - Ouryuusen (Japan)	Japan	SLPS-00421
Gen'ei Tougi - Shadow Struggle (Japan)	Japan	SLPS-00491
Genghis Khan - Aoki Ookami to Shiroki Mejika IV (Japan)	Japan	SLPM-86175
Gensei Kyokou Seirei Kidoudan - Elemental Gearbolt (Japan, Asia)	Japan	SCPS-10038
Gensei Kyokou Seirei Kidoudan - Elemental Gearbolt (Japan, Asia)	Japan	SCPS-45181
Gensou Maden Saiyuuki - Haruka naru Nishi e (Japan)	Japan	SLPM-86986
Gensou Suiko Gaiden Vol. 1 - Harmonia no Kenshi (Japan)	Japan	SLPM-86637
Gensou Suiko Gaiden Vol. 1 - Harmonia no Kenshi (Japan)	Japan	SLPM-86883
Gensou Suiko Gaiden Vol. 1 - Harmonia no Kenshi (Japan)	Japan	SLPM-87261
Gensou Suiko Gaiden Vol. 2 - Crystal Valley no Kettou (Japan)	Japan	SLPM-86663
Gensou Suiko Gaiden Vol. 2 - Crystal Valley no Kettou (Japan)	Japan	SLPM-87262
Gensou Suikoden (Japan)	Japan	SLPM-87099
Gensou Suikoden (Japan)	Japan	SLPS-00097
Gensou Suikoden (Japan) (PlayStation the Best)	Japan	SLPM-86017
Gensou Suikoden II (Japan)	Japan	SLPM-86168
Gensou Suikoden II (Japan) (Rev 1)	Japan	SLPM-86389
Gensou Suikoden II (Japan) (Rev 1)	Japan	SLPM-87100
Gensou no Artemis (Japan)	Japan	SLPS-02563
Geom Cube (Japan)	Japan	SLPS-00007
Geom Cube (USA)	USA	SLUS-00024
Geometry Duel (Japan)	Japan	SLPS-01575
Germany Speziale 11-99 (Germany)	Germany	SCED-02383
Germs - Nerawareta Machi (Japan)	Japan	SLPS-02107
GetBackers - Dakkan'ya (Japan)	Japan	SLPM-86848
GetBackers - Dakkan'ya (Japan)	Japan	SLPM-87202
Getter Robo Daikessen! (Japan)	Japan	SLPS-02232
Gex (Europe)	Europe	SLES-00133
Gex (Japan)	Japan	SLPS-00244
Gex (USA)	USA	SLUS-00042
Gex (USA) (Rev 1)	USA	SLUS-00042
Gex - Deep Cover Gecko (Europe) (En,Es,It)	Europe	SLES-01299
Gex - Deep Cover Gecko (Europe) (Fr,De)	Europe	SLES-01908
Gex - Enter the Gecko (USA)	USA	SLUS-00598
Gex 3 - Deep Cover Gecko (USA)	USA	SLUS-00806
Gex 3D - Enter the Gecko (Europe)	Europe	SLES-00596
Ghost in the Shell (Europe)	Europe	SCES-01050
Ghost in the Shell (France)	France	SCES-01074
Ghost in the Shell (Germany)	Germany	SCES-01075
Ghost in the Shell (USA)	USA	SLUS-00552
Ghoul Panic (Europe) (En,Fr,De,Es,It)	Europe	SCES-02543
Ginga Eiyuu Densetsu (Japan)	Japan	SLPS-01358
Ginga Ojousama Densetsu Yuna - Final Edition (Japan)	Japan	SLPS-01451
Gioca con i Teletubbies (Italy)	Italy	SLES-03170
Gionbana (Japan)	Japan	SLPS-00132
Gionbana 2 - Kanazawa Bunko-hen (Japan)	Japan	SLPS-01858
Glay - Complete Works (Japan) (Disc 1)	Japan	SLPM-86226
Glay - Complete Works (Japan) (Disc 2)	Japan	SLPM-86227
Glint Glitters (Japan)	Japan	SLPM-86200
Global Domination (Europe)	Europe	SLES-01419
Global Domination (France)	France	SLES-01422
Global Domination (Germany)	Germany	SLES-01423
Global Domination (Italy)	Italy	SLES-01424
Global Domination (Spain)	Spain	SLES-01425
Global Force - Shin Sentou Kokka (Japan)	Japan	SCPS-10082
Global Force - Shin Sentou Kokka (Japan) (Rev 1)	Japan	SCPS-10082
Glocal Hexcite (Japan)	Japan	SLPS-02425
Glover (Europe) (En,Fr,De,It)	Europe	SLES-02213
Glover (USA)	USA	SLUS-00890
Go Go I Land (Japan) (Disc 1)	Japan	SLPS-03061
Go Go I Land (Japan) (Disc 2)	Japan	SLPS-03062
Go II Professional - Taikyoku Igo (Japan)	Japan	SLPS-00528
Goal Storm '97 (Asia)	Asia	SCPS-45165
Goal Storm '97 (USA)	USA	SLUS-00295
Goal Storm (Europe)	Europe	SLES-00069
Goal Storm (USA)	USA	SLUS-00055
Godzilla - Trading Battle (Japan)	Japan	SLPS-01470
Goemon - Shin Sedai Shuumei (Japan)	Japan	SLPM-87196
Goiken Muyou II (Japan) (En,Ja)	Japan	SLPS-01542
Gokui Game Creator ni Narou! (Japan)	Japan	SLPM-84011
Gokujou Parodius Da! Deluxe Pack (Japan)	Japan	SLPM-86031
Gokujou Parodius Da! Deluxe Pack (Japan)	Japan	SLPM-87329
Gokujou Parodius Da! Deluxe Pack (Japan)	Japan	SLPS-00002
Gokuu Densetsu - Magic Beast Warriors (Japan)	Japan	SLPS-00048
Gold and Glory - The Road to El Dorado (Europe)	Europe	SLES-02934
Gold and Glory - The Road to El Dorado (USA)	USA	SLUS-01312
Gold und Ruhm - Der Weg nach El Dorado (Germany)	Germany	SLES-03185
Golden Goal 98 (Europe) (En,Fr,De,Es,It)	Europe	SLES-01222
Golden Nugget (USA) (Disc 1)	USA	SLUS-00319
Golden Nugget (USA) (Disc 2)	USA	SLUS-00555
Goldie (Europe) (En,Fr,De,Nl)	Europe	SLES-02952
Golgo 13 Vol. 1 - Carlyle no Yabou (Japan) (En,Ja)	Japan	SLPS-01712
Golgo 13 Vol. 2 - Mienai Guntai (Japan) (En,Ja)	Japan	SLPS-01713
Goo! Goo! Soundy (Japan)	Japan	SLPM-86250
Goo-Cho de Park - Theme Park Monogatari (Japan)	Japan	SLPS-00626
Goo-Cho de Park - Theme Park Monogatari (Japan)	Japan	SLPS-91066
Goryuujin + Electro (Japan)	Japan	SLPS-01620
Gotha II - Tenkuu no Kishi (Japan)	Japan	SLPS-00422
Gotouchi Hello Kitty Sugoroku Monogatari (Japan)	Japan	SLPS-03552
Goujin Senki (Japan)	Japan	SLPS-01471
Goujin Senki (Japan)	Japan	SLPS-02866
Gouketsuji Ichizoku 2 - Chotto dake Saikyou Densetsu (Japan)	Japan	SLPS-00104
Gourmet Action Game - Manpuku!! Nabe Kazoku (Japan)	Japan	SLPS-03381
Grab des Pharao, Das (Germany)	Germany	SLES-01598
Gradius Deluxe Pack (Japan)	Japan	SLPS-00303
Gradius Gaiden (Japan)	Japan	SLPM-86042
Gradius Gaiden (Japan) (Rev 1)	Japan	SLPM-86103
Gradius Gaiden (Japan) (Rev 1)	Japan	SLPM-87323
Gran Turismo (Europe) (En,Fr,De,Es,It)	Europe	SCES-00984
Gran Turismo (Japan) (Taikenban)	Japan	PAPX-90026
Gran Turismo (Japan) (Tentou Shiyuudai-you Disc)	Japan	PCPX-96096
Gran Turismo (Japan) (Test Drive Disc)	Japan	PCPX-96085
Gran Turismo (Japan) (Test Drive Disc)	Japan	PCPX-96088
Gran Turismo (Japan, Asia)	Japan	SCPS-10045
Gran Turismo (Japan, Asia)	Japan	SCPS-45147
Gran Turismo (Japan, Asia)	Japan	SCPS-45149
Gran Turismo (Japan, Asia)	Japan	SCPS-91128
Gran Turismo (Japan, Asia)	Japan	SCPS-91301
Gran Turismo (USA)	USA	SCUS-94194
Gran Turismo (USA) (Rev 1)	USA	SCUS-94194
Gran Turismo 2 (Europe) (En,Fr,De,Es,It) (Disc 1) (Arcade Mode)	Europe	SCES-02380
Gran Turismo 2 (Europe) (En,Fr,De,Es,It) (Disc 2) (Gran Turismo Mode)	Europe	SCES-12380
Gran Turismo 2 (France) (Un CD Bonus)	France	SCED-02904
Gran Turismo 2 (Japan) (Disc 2) (Gran Turismo) (Rev 1)	Japan	SCPS-91327
Gran Turismo 2 (Japan, Asia) (Disc 1) (Arcade)	Japan	SCPS-10116
Gran Turismo 2 (Japan, Asia) (Disc 1) (Arcade)	Japan	SCPS-45457
Gran Turismo 2 (Japan, Asia) (Disc 1) (Arcade)	Japan	SCPS-91326
Gran Turismo 2 (Japan, Asia) (Disc 2) (Gran Turismo)	Japan	SCPS-10117
Gran Turismo 2 (Japan, Asia) (Disc 2) (Gran Turismo)	Japan	SCPS-45458
Gran Turismo 2 (USA) (Arcade Mode)	USA	SCUS-94455
Gran Turismo 2 (USA) (Arcade Mode) (Rev 1)	USA	SCUS-94455
Gran Turismo 2 (USA) (Simulation Mode)	USA	SCUS-94488
Gran Turismo 2 (USA) (Simulation Mode) (Rev 1)	USA	SCUS-94488
Gran Turismo 2 (USA) (Simulation Mode) (Rev 2)	USA	SCUS-94488
Gran Turismo 2 - Music at the Speed of Sound - The Album (USA) (Bonus PlayStation Disc)	USA	SCUS-94588
Grand Slam (USA)	USA	SLUS-00127
Grand Theft Auto (Europe) (En,Fr,De,It)	Europe	SLES-00032
Grand Theft Auto (Europe) (En,Fr,De,It) (EDC)	Europe	SLES-00032
Grand Theft Auto (USA)	USA	SLUS-00106
Grand Theft Auto - London 1969 (Europe) (En,Fr,De,It)	Europe	SLES-03389
Grand Theft Auto - Mission Pack 1 - London 1969 (Europe) (En,De,It)	Europe	SLES-01714
Grand Theft Auto - Mission Pack 1 - London 1969 (Europe) (En,Fr,De,It) (Rev 1)	Europe	SLES-01714
Grand Theft Auto - Mission Pack 1 - London 1969 (USA)	USA	SLUS-00846
Grand Theft Auto 2 (Europe) (En,Fr,De,Es,It) (Rev 1)	Europe	SLES-01404
Grand Theft Auto 2 (France)	France	SLES-02453
Grand Theft Auto 2 (USA)	USA	SLUS-00789
Grande Fratello - Il Gioco (Italy)	Italy	SCES-04090
Grandia (Europe) (Disc 1)	Europe	SLES-02397
Grandia (Europe) (Disc 2)	Europe	SLES-12397
Grandia (France) (Disc 1)	France	SLES-02398
Grandia (France) (Disc 2)	France	SLES-12398
Grandia (Germany) (Disc 1)	Germany	SLES-02399
Grandia (Germany) (Disc 2)	Germany	SLES-12399
Grandia (Japan) (Disc 1)	Japan	SLPS-02124
Grandia (Japan) (Disc 1)	Japan	SLPS-91205
Grandia (Japan) (Disc 2)	Japan	SLPS-02125
Grandia (Japan) (Disc 2)	Japan	SLPS-91206
Grandia (USA) (Disc 1)	USA	SCUS-94457
Grandia (USA) (Disc 2)	USA	SCUS-94465
Granew-tou! Daibouken (Japan)	Japan	SLPS-01624
Granstream Denki - The Granstream Saga (Japan)	Japan	SCPS-10046
Granstream Saga, The (Europe)	Europe	SCES-01107
Granstream Saga, The (France)	France	SCES-01321
Granstream Saga, The (Germany)	Germany	SCES-01322
Granstream Saga, The (USA)	USA	SLUS-00597
Gratis! Demo Disc! (Spain)	Spain	SCED-04013
Great Battle VI, The (Japan)	Japan	SLPS-00719
Great Hits (Japan)	Japan	SLPM-86125
Great Rugby Jikkyou '98 - World Cup e no Michi (Japan)	Japan	SLPS-01268
Great Rugby Jikkyou '98 - World Cup e no Michi (Japan)	Japan	SLPS-02057
Great Rugby Jikkyou '98 - World Cup e no Michi (Japan)	Japan	SLPS-91417
Grid Run (Europe)	Europe	SLES-00381
Grid Runner (Japan)	Japan	SLPS-00659
Grid Runner (USA)	USA	SLUS-00323
Grille Logic (Japan)	Japan	SLPS-00211
Grinch, The (Europe) (En,Fr,De,Es,It)	Europe	SLES-02974
Grinch, The (USA) (En,Fr,Es)	USA	SLUS-01197
Grind Session (Europe, Australia) (En,Fr,De,Es,It,Nl,Pt)	Europe	SCES-02885
Grind Session (USA)	USA	SCUS-94568
Gritz - The Pyramid Adventure (Japan)	Japan	SLPS-00615
Groove Adventure Rave - Mikan no Hiseki (Japan)	Japan	SLPM-87138
Groove Adventure Rave - Yuukyuu no Kizuna (Japan)	Japan	SLPM-87011
Groove Adventure Rave - Yuukyuu no Kizuna (Japan)	Japan	SLPM-87203
Groove Jigoku V - SweepStation Version (Japan)	Japan	SLPS-01205
Ground Stroke - Advanced Tennis Game (Japan)	Japan	SLPS-00088
Growlanser (Japan) (Disc 1)	Japan	SLPM-87333
Growlanser (Japan) (Disc 1)	Japan	SLPS-02380
Growlanser (Japan) (Disc 1)	Japan	SLPS-03240
Growlanser (Japan) (Disc 2)	Japan	SLPM-87334
Growlanser (Japan) (Disc 2)	Japan	SLPS-02381
Growlanser (Japan) (Disc 2)	Japan	SLPS-03241
Grudge Warriors (Europe) (En,Fr,De,Es,It)	Europe	SLES-02223
Grudge Warriors (USA)	USA	SLUS-01150
Guardian Recall - Shugojuu Shoukan (Japan) (Disc 1)	Japan	SLPS-01297
Guardian Recall - Shugojuu Shoukan (Japan) (Disc 2)	Japan	SLPS-01298
Guardian of Darkness, The (Europe) (En,Fr,De,Es,It)	Europe	SLES-01776
Guardian's Crusade (Europe)	Europe	SLES-01793
Guardian's Crusade (France)	France	SLES-01799
Guardian's Crusade (Germany)	Germany	SLES-01800
Guardian's Crusade (Italy)	Italy	SLES-01801
Guardian's Crusade (USA)	USA	SLUS-00811
Gubble (Europe)	Europe	SLES-03208
Gubble (Japan)	Japan	SLPS-01537
Gubble (USA)	USA	SLUS-01466
Guilty Gear (Europe)	Europe	SLES-02494
Guilty Gear (Japan)	Japan	SLPS-01357
Guilty Gear (Japan) (Rev 1)	Japan	SLPS-02273
Guilty Gear (Japan) (Taikenban)	Japan	SLPM-80302
Guilty Gear (USA)	USA	SLUS-00772
Guilty Gear (USA) (Rev 1)	USA	SLUS-00772
Guitar Freaks (Japan)	Japan	SLPM-86265
Guitar Freaks (Japan)	Japan	SLPM-86577
Guitar Freaks Append 2nd Mix (Japan)	Japan	SLPM-86446
GunBullet (Japan)	Japan	SLPS-00930
GunBullet (Japan) (GunBullet + GunCon)	Japan	SLPS-00929
GunBullet (Japan) (Rev 1)	Japan	SLPS-00930
GunBullet (Japan) (Rev 1)	Japan	SLPS-91147
Gunbalina (Japan)	Japan	SLPS-03100
Gunbare! Game Tengoku - The Game Paradise 2 (Japan)	Japan	SLPS-01322
Gunbarl (Japan) (Rev 1)	Japan	SLPS-91195
Gunbarl (Japan, Asia)	Japan	SCPS-45299
Gunbarl (Japan, Asia)	Japan	SLPS-01500
Gunbird (Japan)	Japan	SLPS-00157
Gundam 0079 - The War for Earth (Japan) (Disc 1)	Japan	SLPS-00815
Gundam 0079 - The War for Earth (Japan) (Disc 2)	Japan	SLPS-00816
Gundam Battle Assault (Europe) (En,Fr,De,Es,It)	Europe	SLES-03650
Gundam Battle Assault (Japan)	Japan	SLPM-86746
Gundam Battle Assault (USA)	USA	SLUS-01226
Gundam Battle Assault 2 (Europe) (En,Fr,De,Es,It)	Europe	SLES-03934
Gundam Battle Assault 2 (USA)	USA	SLUS-01418
Gundam the Battle Master (Japan, Asia)	Japan	SCPS-45086
Gundam the Battle Master (Japan, Asia)	Japan	SLPS-00883
Gundam the Battle Master 2 (Japan) (Taikenban)	Japan	SLPM-80210
Gundam the Battle Master 2 (Japan, Asia)	Japan	SCPS-45172
Gundam the Battle Master 2 (Japan, Asia)	Japan	SLPS-01286
Gundress (Japan)	Japan	SLPS-02512
Gundress Data-shuu (Japan)	Japan	SLPS-02513
Gunfighter - The Legend of Jesse James (Europe) (En,Fr,De,Es,It)	Europe	SLES-03689
Gunfighter - The Legend of Jesse James (USA)	USA	SLUS-01398
Gungage (Europe)	Europe	SLES-02069
Gungage (Japan)	Japan	SLPM-86233
Gungho Brigade (Japan)	Japan	SLPS-01902
Gunners Heaven (Japan)	Japan	SCPS-10006
Gunnm - Kasei no Kioku (Japan)	Japan	SLPS-01408
Gunpey (Japan)	Japan	SLPS-02485
Gunship (Europe) (En,Fr,De,Es,It)	Europe	SLES-00027
Gunship (Japan)	Japan	SLPS-00495
Gunship (USA)	USA	SLUS-00313
Guntu - Western Front June, 1944 - Tetsu no Kioku (Japan)	Japan	SLPS-01106
Gussun Oyoyo (Japan)	Japan	SLPS-00041
Gussun Paradise (Japan)	Japan	SLPS-00588
Guuguuthropus (Japan)	Japan	SLPM-86148
Guy Roux Football Manager Saison 97-98 (France)	France	SLES-01360
Guy Roux Manager '99 (France)	France	SLES-01934
Guy Roux Manager 2000 (France)	France	SLES-02612
Guy Roux Manager 2001 (France)	France	SLES-03403
Gyuwambler Jiko Chuushinha - Ippatsu Shoubu! (Japan)	Japan	SLPS-02509
HBO Boxing (Europe) (En,De)	Europe	SLES-02738
HBO Boxing (USA)	USA	SLUS-01027
Hacha Mecha Pon! (Japan)	Japan	SLPM-80196
Haishin 2 (Japan)	Japan	SLPM-86066
Haishin 2 (Japan) (DigiCube Best Selection)	Japan	SLPS-02432
Hajime no Ippo - The Fighting! (Japan)	Japan	SLPS-00945
Hajime no Ippo - The Fighting! (Japan)	Japan	SLPS-91063
Hakai-ou - King of Crusher (Japan)	Japan	SLPS-01677
Haluatko Miljonaariksi (Finland)	Finland	SLES-03584
Hamster Club-i (Japan)	Japan	SLPS-03266
Hamster Monogatari (Japan)	Japan	SLPS-02724
Hamster no Odekake (Japan)	Japan	SLPS-03103
Hamunaptra - Ushinawareta Sabaku no Miyako (Japan)	Japan	SLPM-86662
Hana to Ryuu (Japan)	Japan	SLPS-01532
Hana to Ryuu - Hanafuda, Mahjong (Japan) (Major Wave)	Japan	SLPM-87062
Hanabi - Fantast (Japan)	Japan	SLPS-01439
Hanafuda Graffiti - Koi Koi Monogatari (Japan)	Japan	SLPS-00367
Hanafuda Graffiti - Koi Koi Monogatari (Japan) (Major Wave)	Japan	SLPM-87083
Hanafuda Real 3D (Japan)	Japan	SLPS-01747
Happy Diet (Japan)	Japan	SLPS-03182
Happy Hotel (Japan)	Japan	SLPS-01110
Happy Jogging in Hawaii (Japan)	Japan	SLPS-03306
Happy Salvage (Japan)	Japan	SLPS-02821
Happy Salvage - Otakara Disc (Japan)	Japan	SLPS-02822
Hard Blow (Japan)	Japan	SLPM-86043
Hard Boiled (Europe)	Europe	SLES-00033
Hard Boiled (France)	France	SLES-00851
Hard Boiled (Germany)	Germany	SLES-00852
Hard Boiled - Neuro Tower o Hakai seyo (Japan)	Japan	SLPS-01484
Hard Edge (Europe) (En,Fr,De)	Europe	SLES-01539
Hard Edge (Japan)	Japan	SLPS-01733
Hard Rock Cab (Japan)	Japan	SLPS-00224
HardBall '99 (USA)	USA	SLUS-00651
HardBall 5 (Japan)	Japan	SLPS-00571
HardBall 5 (USA)	USA	SLUS-00108
Hardcore 4x4 (Europe) (En,Fr,De)	Europe	SLES-00261
Harlem Beat - You're the One (Japan)	Japan	SLPM-86329
Harmful Park (Japan)	Japan	SLPS-00498
Harry Potter and the Chamber of Secrets (Europe) (En,Fr,De)	Europe	SLES-03972
Harry Potter and the Chamber of Secrets (Europe) (En,Nl,Da)	Europe	SLES-03974
Harry Potter and the Chamber of Secrets (Europe) (Es,It,Pt)	Europe	SLES-03973
Harry Potter and the Chamber of Secrets (USA, Canada) (En,Fr,Es)	USA	SLUS-01503
Harry Potter and the Philosopher's Stone (Canada) (En,Fr,De)	Canada	SLUS-01417
Harry Potter and the Philosopher's Stone (Europe) (En,Fr,De)	Europe	SLES-03662
Harry Potter and the Philosopher's Stone (Europe) (En,Nl,Da)	Europe	SLES-03665
Harry Potter and the Philosopher's Stone (Europe) (Es,It,Pt)	Europe	SLES-03663
Harry Potter and the Sorcerer's Stone (USA) (En,Fr,Es)	USA	SLUS-01415
Harry Potter ja Salaisuuksien Kammio (Finland) (En,Fi)	Finland	SLES-03976
Harry Potter to Himitsu no Heya (Japan)	Japan	SLPS-03492
Harry Potter to Kenja no Ishi (Japan)	Japan	SLPS-03355
Harry Potter to Kenja no Ishi (Japan) (Coca-Cola Kenshouhin)	Japan	SLPM-84013
Haru no Buru Buru Taikenban (Japan)	Japan	PCPX-96110
Harukanaru Toki no Naka de (Japan)	Japan	SLPM-86466
Harukanaru Toki no Naka de (Japan)	Japan	SLPM-87096
Harukanaru Toki no Naka de (Japan) (Premium Box)	Japan	SLPM-86465
Harukanaru Toki no Naka de - Banjou Yuugi (Japan)	Japan	SLPM-87242
Harukanaru Toki no Naka de - Banjou Yuugi (Japan)	Japan	SLPM-87351
Harukanaru Toki no Naka de - Banjou Yuugi (Japan) (Premium Box)	Japan	SLPM-87241
Harukanaru Toki no Naka de - Banjou Yuugi (Japan) (Premium Box)	Japan	SLPM-87361
Harukaze Sentai V-Force (Japan) (Disc 1)	Japan	SLPS-00578
Harukaze Sentai V-Force (Japan) (Disc 1)	Japan	SLPS-02340
Harukaze Sentai V-Force (Japan) (Disc 2)	Japan	SLPS-00579
Harukaze Sentai V-Force (Japan) (Disc 2)	Japan	SLPS-02341
Harukaze Sentai V-Force (Japan) (Disc 3)	Japan	SLPS-00580
Harukaze Sentai V-Force (Japan) (Disc 3)	Japan	SLPS-02342
Harvest Moon - Back to Nature (Europe) (En,De)	Europe	SLES-02781
Harvest Moon - Back to Nature (Europe) (En,De) (Rev 1)	Europe	SLES-02781
Harvest Moon - Back to Nature (USA)	USA	SLUS-01115
Hashiriya - Ookamitachi no Densetsu (Japan)	Japan	SLPS-00704
Hatsukoi Valentine (Japan)	Japan	SLPS-00831
Hatsukoi Valentine Special (Japan)	Japan	SLPS-01452
Haunted Junction - Seitokai Badge o Oe! (Japan)	Japan	SLPS-00668
Heart of Darkness (Europe) (Disc 1)	Europe	SLES-00461
Heart of Darkness (Europe) (Disc 2)	Europe	SLES-10461
Heart of Darkness (France) (Disc 1)	France	SLES-00462
Heart of Darkness (France) (Disc 2)	France	SLES-10462
Heart of Darkness (Germany) (Disc 1)	Germany	SLES-00463
Heart of Darkness (Germany) (Disc 2)	Germany	SLES-10463
Heart of Darkness (Italy) (Disc 1)	Italy	SLES-00464
Heart of Darkness (Italy) (Disc 2)	Italy	SLES-10464
Heart of Darkness (Spain) (Disc 1)	Spain	SLES-00465
Heart of Darkness (Spain) (Disc 2)	Spain	SLES-10465
Heart of Darkness (USA) (Disc 1)	USA	SLUS-00696
Heart of Darkness (USA) (Disc 2)	USA	SLUS-00741
Heaven's Gate (Japan)	Japan	SLPS-00667
Hebereke Station Popoitto (Japan)	Japan	SLPS-00044
Hebereke's Popoitto (Europe)	Europe	SLES-00156
Heisa Byouin (Japan)	Japan	SLPS-02714
Heisa Byouin (Japan)	Japan	SLPS-03159
Heiwa Pachinko Daisuki (Japan)	Japan	SLPS-00413
Heiwa Pachinko Graffiti Vol. 1 (Japan)	Japan	SLPS-02374
Heiwa Pachinko Graffiti Vol. 2 (Japan)	Japan	SLPS-02495
Heiwa Parlor! Pro - BunDori King SP (Japan)	Japan	SLPS-03373
Heiwa Parlor! Pro - Dolphin Ring Special (Japan)	Japan	SLPS-02689
Heiwa Parlor! Pro - Fujiko ni O-Ma-Ka-Se Special (Japan)	Japan	SLPS-03105
Heiwa Parlor! Pro - Inakappe Taishou Special (Japan)	Japan	SLPS-02870
Heiwa Parlor! Pro - Lupin Sansei Special (Japan)	Japan	SLPS-02541
Heiwa Parlor! Pro - Tsunatori Special (Japan)	Japan	SLPS-03370
Heiwa Parlor! Pro - Western Special (Japan)	Japan	SLPS-02574
Heiwa, The - Otenki Studio (Japan)	Japan	SLPS-03178
Helix - Fear Effect (Japan) (Disc 1)	Japan	SLPS-03340
Helix - Fear Effect (Japan) (Disc 2)	Japan	SLPS-03341
Helix - Fear Effect (Japan) (Disc 3)	Japan	SLPS-03342
Helix - Fear Effect (Japan) (Disc 4)	Japan	SLPS-03343
Helix - Fear Effect (Japan) (Taikenban)	Japan	SLPM-80625
Hellboy - Asylum Seeker (USA)	USA	SLUS-01414
Hellnight (Europe) (En,Fr,De)	Europe	SLES-01562
Hello Charlie!! (Japan)	Japan	SLPM-86083
Hello Kitty - Cube Frenzy (USA)	USA	SLUS-00778
Hello Kitty - White Present (Japan)	Japan	SLPS-01766
Hello Kitty no Cube de Cute (Japan)	Japan	SLPS-01427
Henry Explorers (Japan)	Japan	SLPM-86021
Herc's Adventures (Europe)	Europe	SLES-00653
Herc's Adventures (France)	France	SLES-00655
Herc's Adventures (Germany)	Germany	SLES-00586
Herc's Adventures (Italy)	Italy	SLES-00642
Herc's Adventures (Spain)	Spain	SLES-00645
Herc's Adventures (USA)	USA	SLUS-00298
Herc's Adventures - Hercules no Daibouken (Japan)	Japan	SLPS-01061
Herkules (Europe) (En,De)	Europe	SLES-04124
Hermie Hopperhead - Scrap Panic (Japan)	Japan	SCPS-10012
Hermie Hopperhead - Scrap Panic (Japan)	Japan	SCPS-91016
Herohero-kun to Ralph no Daibouken (Japan)	Japan	SLPM-80431
Heroine Dream (Japan)	Japan	SLPS-00471
Heroine Dream (Japan) (Shokai Genteiban)	Japan	SLPS-00470
Heroine Dream 2 (Japan)	Japan	SLPS-01376
Hexamoon Guardians (Japan) (Disc 1)	Japan	SLPS-02641
Hexamoon Guardians (Japan) (Disc 2)	Japan	SLPS-02642
Hexen (Europe)	Europe	SLES-00555
Hexen (USA)	USA	SLUS-00348
Hexen - Beyond Heretic (Japan)	Japan	SLPS-00972
Hi-Hou-Ou - Mou Omae to wa Kuchi Kikan!! (Japan)	Japan	SLPS-00821
Hi-Octane (Europe) (En,Fr,De,Es)	Europe	SLES-00115
Hi-Octane (Japan)	Japan	SLPS-00171
Hi-Octane + Ridge Racer + Mortal Kombat 3 + Evolva (France)	France	SCES-00231
Hi-Octane - The Track Fights Back! (USA) (En,Fr,De,Es)	USA	SLUS-00157
Hidden & Dangerous (Europe) (En,Fr,De,Es,It)	Europe	SLES-03602
High Heat Baseball 2000 (USA)	USA	SLUS-00830
High Heat Major League Baseball 2002 (USA)	USA	SLUS-01244
High School of Blitz (Japan)	Japan	SLPS-02351
Hikari no Shima - Seven Lithographs in Shining Island (Japan)	Japan	SLPS-02305
Hikaru no Go - Heian Gensou Ibunroku (Japan)	Japan	SLPM-87059
Hikaru no Go - Insei Choujou Kessen (Japan)	Japan	SLPM-87199
Himiko-den - Renge (Japan) (Disc 1)	Japan	SLPS-01890
Himiko-den - Renge (Japan) (Disc 2)	Japan	SLPS-01891
Himiko-den - Renge (Japan) (Disc 3)	Japan	SLPS-01892
Himitsu Kessha Q (Japan)	Japan	SLPS-01334
Himitsu Sentai Metamor V Deluxe (Japan) (Disc 1)	Japan	SLPS-01626
Himitsu Sentai Metamor V Deluxe (Japan) (Disc 2)	Japan	SLPS-01627
Hissatsu Pachi-Slot Station - Meoshi Ichiban (Japan)	Japan	SLPS-01551
Hissatsu Pachi-Slot Station - Meoshi Ichiban (Japan)	Japan	SLPS-03022
Hissatsu Pachi-Slot Station 2 - Bakuto! Joushiki Yaburi no 2 Types (Japan)	Japan	SLPS-02355
Hissatsu Pachi-Slot Station 3 - Tetra Reel e no Chousen (Japan)	Japan	SLPS-02683
Hissatsu Pachi-Slot Station 4 - New Pulsar R & Hot Rod Queen (Japan)	Japan	SLPS-02799
Hissatsu Pachi-Slot Station 5 - Invaders 2000 (Japan)	Japan	SLPS-03030
Hissatsu Pachi-Slot Station SP - Yamasa Best Choice (Japan)	Japan	SLPS-02494
Hissatsu Pachi-Slot Station Special 2 - The Tetra (Japan)	Japan	SLPS-02948
Hissatsu Pachinko Station (Japan)	Japan	SLPS-00112
Hissatsu Pachinko Station (Japan)	Japan	SLPS-01668
Hissatsu Pachinko Station - Monster House Special (Japan)	Japan	SLPS-01577
Hissatsu Pachinko Station - Toyomaru Special (Japan)	Japan	SLPS-02984
Hissatsu Pachinko Station 10 - EX Jack 2000 & Super Dragon (Japan)	Japan	SLPS-02990
Hissatsu Pachinko Station 2 (Japan)	Japan	SLPS-01185
Hissatsu Pachinko Station 2 (Japan) (Rev 1)	Japan	SLPS-01185
Hissatsu Pachinko Station 3 - Genshijin ga Ippai (Japan)	Japan	SLPS-01741
Hissatsu Pachinko Station 3 - Genshijin ga Ippai (Japan) (Genteiban)	Japan	SLPS-01702
Hissatsu Pachinko Station 4 - Hero-tachi no Chousen (Japan)	Japan	SLPS-01907
Hissatsu Pachinko Station 4 - Hero-tachi no Chousen (Japan) (Rev 1)	Japan	SLPS-03077
Hissatsu Pachinko Station 5 - Deramaitta & Irete Nanbo (Japan)	Japan	SLPS-02097
Hissatsu Pachinko Station 6 - Gakideka & Jamaica (Japan)	Japan	SLPS-02144
Hissatsu Pachinko Station 7 - CR Chumy House XL & CR Battle Hero V & Fine Play (Japan)	Japan	SLPS-02408
Hissatsu Pachinko Station 8 - Kamashi no Kin-chan & Soreyuke Hama-chan (Japan)	Japan	SLPS-02677
Hissatsu Pachinko Station 9 - Ushiwaka to Lemi (Japan)	Japan	SLPS-02765
Hissatsu Pachinko Station Classic - Fukkatsu! Natsukashi no Meikitachi (Japan)	Japan	SLPS-01963
Hissatsu Pachinko Station Classic 2 - Tsui ni yomigaeru!! Bakuretsu Meiki Fukkatsu (Japan)	Japan	SLPS-02678
Hissatsu Pachinko Station Now - Kore ga Ichiban!! Shin Pikaichi Tengoku (Japan)	Japan	SLPS-02284
Hissatsu Pachinko Station Now 2 - Yatta ze Ippatsu Tsumo Tsumo Tengoku (Japan)	Japan	SLPS-02511
Hissatsu Pachinko Station Now 3 - Youkai Engei (Japan)	Japan	SLPS-02558
Hissatsu Pachinko Station Now 4 - Ore wa Nekketsu Bouken-ou da!! (Japan)	Japan	SLPS-02721
Hissatsu Pachinko Station Now 5 - GeGeGe no Kitarou (Japan)	Japan	SLPS-02856
Hissatsu Pachinko Station Now 6 - Shinsei!! Areddin 21 (Japan)	Japan	SLPS-02999
Hissatsu Pachinko Station Now 7 - Magical Circus (Japan)	Japan	SLPS-03107
Hissatsu Pachinko Station Now 8 - Jarinko Chie (Japan)	Japan	SLPS-03129
Hissatsu Pachinko Station Now 9 - Dirty Pair (Japan)	Japan	SLPS-03365
Hissatsu Pachinko Station Petit - Nanasy tte Nani (Japan)	Japan	SLPS-02283
Hissatsu Pachinko Station Petit 2 - Areddin tte Great! (Japan)	Japan	SLPS-02493
Hissatsu Pachinko Station SP3 (Japan)	Japan	SLPS-03339
History of Kita Denshi (Japan)	Japan	SLPS-03126
Hit Back (Japan)	Japan	SLPS-01361
Hive Wars, The (Japan) (Disc 1)	Japan	SLPS-00325
Hive Wars, The (Japan) (Disc 2)	Japan	SLPS-00326
Hive, The (USA) (Disc 1)	USA	SLUS-00120
Hive, The (USA) (Disc 2)	USA	SLUS-00182
Hiza no Ue no Partner - Kitty on Your Lap (Japan)	Japan	SLPS-01302
Hiza no Ue no Partner - Kitty on Your Lap (Japan)	Japan	SLPS-02317
Hogs of War (Europe)	Europe	SLES-01041
Hogs of War (USA)	USA	SLUS-01195
Hogs of War - Nati per Soffritto (Italy)	Italy	SLES-02769
Hokuto no Ken (Japan)	Japan	SLPS-00369
Hokuto no Ken - Seikimatsu Kyuuseishu Densetsu (Japan)	Japan	SLPS-02993
Holiday Special (Japan)	Japan	PBPX-95005
Home Doctor (Japan)	Japan	SLPS-01075
Honkaku 4-nin Uchi - Geinoujin Taikyoku Mahjong - The Wareme de Pon (Japan)	Japan	SLPS-00434
Honkaku Hanafuda (Japan)	Japan	SLPS-01656
Honkaku Igo (Japan)	Japan	SLPS-00986
Honkaku Mahjong - Tetsuman Special (Japan)	Japan	SLPS-00238
Honkaku Mahjong - Tetsuman Special (Japan) (Rev 1)	Japan	SLPS-00238
Honkaku Mahjong - Tetsuman Special (Japan) (Rev 1)	Japan	SLPS-91137
Honkaku Shougi - Shougi-ou (Japan)	Japan	SLPS-01594
Honkaku Yonin Uchi Pro Mahjong - Mahjong-ou (Japan)	Japan	SLPS-02741
Honkakuha Yonin Uchi - Mahjong Club (Japan)	Japan	SLPM-86082
Honkakuha Yonin Uchi - Mahjong Club (Japan) (Honkakuha de 1300)	Japan	SLPS-02080
Honkakuha Yonin Uchi - Mahjong Club (Japan) (Honkakuha de 1300)	Japan	SLPS-02088
Honoo no 15 Shumoku - Atlanta Olympics (Japan)	Japan	SLPS-00465
Honoo no Ryourinin - Cooking Fighter Hao (Japan)	Japan	SLPS-01382
Hooters - Road Trip (USA)	USA	SLUS-01394
Horned Owl (Japan)	Japan	SCPS-10016
Horned Owl (Japan)	Japan	SCPS-10017
Hoshi de Hakken!! Tamagotchi (Japan, Asia)	Japan	SCPS-45189
Hoshi de Hakken!! Tamagotchi (Japan, Asia)	Japan	SLPS-01250
Hoshi no Mahoroba (Japan)	Japan	SLPS-03267
Hoshigami - Ruining Blue Earth (USA)	USA	SLUS-01375
Hoshigami - Shizumiyuku Aoki Daichi (Japan)	Japan	SLPS-02904
Hoshinooka Gakuen Monogatari - Gakuensai (Japan)	Japan	SLPS-01638
Hot Shot (Europe)	Europe	SLES-04050
Hot Shots Golf (USA)	USA	SCUS-94188
Hot Shots Golf 2 (USA)	USA	SCUS-94476
Hot Shots Golf 2 (USA)	USA	SCUS-94776
Hot Wheels - Extreme Racing (Europe)	Europe	SLES-03595
Hot Wheels - Extreme Racing (USA)	USA	SLUS-01293
Hot Wheels - Turbo Racing (Europe) (En,Fr,De)	Europe	SLES-02198
Hot Wheels - Turbo Racing (USA)	USA	SLUS-00964
Houma Hunter Lime - Special Collection Vol. 1 (Japan)	Japan	SLPS-00020
Houma Hunter Lime - Special Collection Vol. 2 (Japan)	Japan	SLPS-00085
Houshin Engi (Japan)	Japan	SLPM-86377
Houshin Engi (Japan)	Japan	SLPS-01547
Houshin Engi - Aizouban (Japan)	Japan	SLPM-86209
Housoukyoku, The - SatelliTV (Japan)	Japan	SLPM-86961
Hudson Spring Collection '98 (Japan)	Japan	SLPM-80216
Hugo (Europe)	Europe	SLES-01666
Hugo (Europe) (Nl,Pt)	Europe	SLES-01591
Hugo (Europe) (Nl,Pt) (Rev 1)	Europe	SLES-01591
Hugo (France)	France	SLES-01590
Hugo (Germany)	Germany	SLES-01164
Hugo (Italy)	Italy	SLES-01667
Hugo (Spain)	Spain	SLES-01668
Hugo - Black Diamond Fever (Europe) (En,Sv,Fi)	Europe	SLES-03487
Hugo - Black Diamond Fever (Europe) (Es,It,Pt)	Europe	SLES-03514
Hugo - Black Diamond Fever (Europe) (Fr,De,Nl)	Europe	SLES-03513
Hugo - Frog Fighter (Europe) (En,Fr,De,Es,It,Nl,Pt,Sv,No,Da,Fi)	Europe	SLES-03686
Hugo - Frog Fighter (France)	France	SLES-03744
Hugo - The Evil Mirror (Europe) (En,Da,Pl)	Europe	SLES-03836
Hugo - The Evil Mirror (Europe) (Es,It,Pt)	Europe	SLES-03839
Hugo - The Evil Mirror (Europe) (Fr,De,Nl)	Europe	SLES-03838
Hugo - The Evil Mirror (USA) (En,Es)	USA	SLUS-01559
Hugo - The Quest for the Sunstones (Europe) (En,Fr,De,Es,It,Pt,Sv,No,Da,Fi)	Europe	SLES-02590
Hugo - The Quest for the Sunstones (Europe) (Fr,Nl,Pl)	Europe	SLES-03573
Hugo 2 (Denmark)	Denmark	SLES-01810
Hugo 2 (Europe)	Europe	SLES-01805
Hugo 2 (Finland)	Finland	SLES-02163
Hugo 2 (France)	France	SLES-01806
Hugo 2 (Germany)	Germany	SLES-01807
Hugo 2 (Germany) (Rev 1)	Germany	SLES-01807
Hugo 2 (Italy)	Italy	SLES-01808
Hugo 2 (Netherlands)	Netherlands	SLES-01815
Hugo 2 (Norway)	Norway	SLES-01812
Hugo 2 (Portugal)	Portugal	SLES-01813
Hugo 2 (Spain)	Spain	SLES-01809
Hugo 2 (Sweden)	Sweden	SLES-01811
Hunchback of Notredame (Europe)	Europe	SLES-02958
Hunter x Hunter - Maboroshi no Greed Island (Japan)	Japan	SLPM-86651
Hunter x Hunter - Ubawareta Aura Stone (Japan)	Japan	SLPM-86895
Hunter, The (Europe)	Europe	SLES-03210
Hvem Vil Vaere Millionaer (Denmark)	Denmark	SLES-03482
Hyakujuu Sentai GaoRanger (Japan)	Japan	SLPS-03353
Hybrid (Europe)	Europe	SLES-03531
Hybrid (Japan)	Japan	SLPS-01102
Hydro Thunder (Europe) (En,Fr)	Europe	SLES-02337
Hydro Thunder (USA)	USA	SLUS-00847
Hyouryuuki - The Reportage Beyond the Sea (Japan)	Japan	SLPS-02358
Hyouryuuki - The Reportage Beyond the Sea (Japan) (Major Wave)	Japan	SLPM-87229
Hyper 3D Pinball (Japan)	Japan	SLPS-00395
Hyper Crazy Climber (Japan)	Japan	SLPS-00248
Hyper Final Match Tennis (Japan)	Japan	SLPS-00278
Hyper Formation Soccer (Japan)	Japan	SLPS-00062
Hyper Olympic in Atlanta (Japan)	Japan	SLPM-86002
Hyper Olympic in Nagano (Japan)	Japan	SLPM-86056
Hyper Olympic in Nagano (Japan)	Japan	SLPM-86132
Hyper PlayStation Re-mix 1998 No. 1 (Japan)	Japan	SLPM-80183
Hyper PlayStation Re-mix 1998 No. 10 (Japan)	Japan	SLPM-80292
Hyper PlayStation Re-mix 1998 No. 11 (Japan) (Disc 1)	Japan	SLPM-80317
Hyper PlayStation Re-mix 1998 No. 11 (Japan) (Disc 2)	Japan	PAPX-90059
Hyper PlayStation Re-mix 1998 No. 12 (Japan)	Japan	SLPM-80337
Hyper PlayStation Re-mix 1998 No. 2 (Japan)	Japan	SLPM-80199
Hyper PlayStation Re-mix 1998 No. 3 (Japan)	Japan	SLPM-80217
Hyper PlayStation Re-mix 1998 No. 4 (Japan)	Japan	SLPM-80228
Hyper PlayStation Re-mix 1998 No. 5 (Japan)	Japan	SLPM-80308
Hyper PlayStation Re-mix 1998 No. 6 (Japan)	Japan	SLPM-80237
Hyper PlayStation Re-mix 1998 No. 7 (Japan) (Disc 1)	Japan	SLPM-80248
Hyper PlayStation Re-mix 1998 No. 7 (Japan) (Disc 2) (Yarudora Series Vol. 1 - Double Cast)	Japan	PCPX-96115
Hyper PlayStation Re-mix 1998 No. 8 (Japan)	Japan	SLPM-80264
Hyper PlayStation Re-mix 1998 No. 9 (Japan)	Japan	SLPM-80279
Hyper PlayStation Re-mix 1999 No. 1 (Japan)	Japan	SLPM-80357
Hyper PlayStation Re-mix 1999 No. 10 (Japan)	Japan	SLPM-80480
Hyper PlayStation Re-mix 1999 No. 11 (Japan)	Japan	SLPM-80495
Hyper PlayStation Re-mix 1999 No. 12 (Japan)	Japan	SLPM-80504
Hyper PlayStation Re-mix 1999 No. 2 (Japan)	Japan	SLPM-80369
Hyper PlayStation Re-mix 1999 No. 3 (Japan)	Japan	SLPM-80384
Hyper PlayStation Re-mix 1999 No. 4 (Japan)	Japan	SLPM-80400
Hyper PlayStation Re-mix 1999 No. 5 (Japan)	Japan	SLPM-80416
Hyper PlayStation Re-mix 1999 No. 6 (Japan)	Japan	SLPM-80424
Hyper PlayStation Re-mix 1999 No. 7 (Japan)	Japan	SLPM-80439
Hyper PlayStation Re-mix 1999 No. 8 (Japan)	Japan	SLPM-80456
Hyper PlayStation Re-mix 1999 No. 9 (Japan) (Disc 1)	Japan	SLPM-80470
Hyper PlayStation Re-mix 1999 No. 9 (Japan) (Disc 2) (Sony Computer Entertainment Special)	Japan	PCPX-96170
Hyper PlayStation Re-mix 2000 No. 1 (Japan)	Japan	SLPM-80514
Hyper PlayStation Re-mix 2000 No. 2 (Japan)	Japan	SLPM-80525
Hyper PlayStation Re-mix No. 1 (Japan)	Japan	SLPM-80050
Hyper PlayStation Re-mix No. 10 (Japan)	Japan	SLPM-80146
Hyper PlayStation Re-mix No. 11 (Japan)	Japan	SLPM-80152
Hyper PlayStation Re-mix No. 12 (Japan)	Japan	SLPM-80167
Hyper PlayStation Re-mix No. 2 (Japan)	Japan	SLPM-80058
Hyper PlayStation Re-mix No. 3 (Japan)	Japan	SLPM-80072
Hyper PlayStation Re-mix No. 4 (Japan)	Japan	SLPM-80090
Hyper PlayStation Re-mix No. 5 (Japan)	Japan	SLPM-80099
Hyper PlayStation Re-mix No. 6 (Japan)	Japan	SLPM-80106
Hyper PlayStation Re-mix No. 7 (Japan) (Disc 1)	Japan	SLPM-80113
Hyper PlayStation Re-mix No. 7 (Japan) (Disc 2)	Japan	SLPM-80114
Hyper PlayStation Re-mix No. 8 (Japan)	Japan	SLPM-80122
Hyper PlayStation Re-mix No. 9 (Japan)	Japan	SLPM-80134
Hyper Securities 2 (Japan)	Japan	SLPS-01417
Hyper Tennis - Final Match (Europe)	Europe	SLES-00309
Hyper Value 2800 - Hanafuda (Japan)	Japan	SLPM-86417
Hyper Value 2800 - Hyper Pachinko (Japan)	Japan	SLPM-86418
Hyper Value 2800 - Mahjong (Japan)	Japan	SLPM-86292
I'Max Shougi II (Japan)	Japan	SLPS-01029
I.Q - Intelligent Qube (Japan)	Japan	SCPS-10029
I.Q - Intelligent Qube (Japan)	Japan	SCPS-91068
I.Q - Intelligent Qube (USA)	USA	SCUS-94181
I.Q Final (Japan)	Japan	SCPS-10071
I.Q Final (Japan)	Japan	SCPS-91311
IHRA Drag Racing (USA)	USA	SLUS-01097
ISS Pro Evolution (Asia)	Asia	SCPS-45497
ISS Pro Evolution (Europe) (En,Fr,De)	Europe	SLES-02095
ISS Pro Evolution (Europe) (Es,It)	Europe	SLES-02424
ISS Pro Evolution (USA)	USA	SLUS-01014
ISS Pro Evolution 2 (Europe) (En,Fr,De)	Europe	SLES-03321
ISS Pro Evolution 2 (Europe) (En,Fr,De) (Alt)	Europe	SLES-03321
ISS Pro Evolution 2 (Europe) (Es,It)	Europe	SLES-03322
Ian Livingstone's Deathtrap Dungeon (Europe) (En,Fr,De,Es,It)	Europe	SLES-00746
Ian Livingstone's Deathtrap Dungeon (USA)	USA	SLUS-00566
Iblard - Laputa no Kaeru Machi (Japan)	Japan	SLPS-01027
Iceman - Digital PlayStage (Japan)	Japan	ESPM-70001
Ichigeki - Hagane no Hito (Japan)	Japan	SLPS-02199
Ide Yousuke Meijin no Shin Jissen Mahjong (Japan)	Japan	SLPS-00328
Ide Yousuke no Mahjong Kazoku (Japan)	Japan	SLPS-00058
Ide Yousuke no Mahjong Kazoku (Japan) (Rev 1)	Japan	SLPS-00058
Ide Yousuke no Mahjong Kazoku (Japan) (Rev 2)	Japan	SLPS-00058
Ide Yousuke no Mahjong Kyoushitsu (Japan)	Japan	SLPS-02272
Ide Yousuke no Mahjong Kyoushitsu (Japan)	Japan	SLPS-02942
Idol Janshi Suchie-Pai II Limited (Japan) (Disc 1)	Japan	SLPS-00290
Idol Janshi Suchie-Pai II Limited (Japan) (Disc 2) (Bonus Disc Part 1)	Japan	SLPS-00291
Idol Janshi Suchie-Pai II Limited (Japan) (Disc 3) (Bonus Disc Part 2)	Japan	SLPS-00292
Idol Janshi Suchie-Pai Limited (Japan)	Japan	SLPS-00029
Idol Janshi Suchie-Pai Limited (Japan)	Japan	SLPS-03509
Idol Promotion - Suzuki Yumie (Japan)	Japan	SLPS-00343
Idol Promotion - Suzuki Yumie (Japan) (Yumie Island)	Japan	SLPS-00344
Ikasama Mahjong (Japan)	Japan	SLPS-02606
Ikasama Mahjong (Japan)	Japan	SLPS-03314
Ile LEGO 2, L' - La Revanche de Cassbrik (France)	France	SLES-03303
Imadoki no Vampire - Bloody Bride (Japan)	Japan	SLPS-00526
Impact Racing (Europe)	Europe	SLES-00235
Impact Racing (Japan)	Japan	SLPS-00836
Impact Racing (USA)	USA	SLUS-00225
In Cold Blood (Europe) (Disc 1)	Europe	SCES-02149
In Cold Blood (Europe) (Disc 2)	Europe	SCES-12149
In Cold Blood (USA) (Disc 1)	USA	SLUS-01294
In Cold Blood (USA) (Disc 2)	USA	SLUS-01314
In einem Land vor unserer Zeit - Die Rueckkehr ins Grosse Tal (Germany)	Germany	SLES-02983
In the Hunt (Europe)	Europe	SLES-00342
In the Hunt (USA)	USA	SLUS-00172
Inagawa Junji - Kyoufu no Yashiki (Japan)	Japan	SLPS-02142
Inagawa Junji - Mayonaka no Taxi (Japan)	Japan	SLPS-03244
Incredible Crisis (Europe) (En,Fr,De,Es,It)	Europe	SLES-02933
Incredible Crisis (USA)	USA	SLUS-01225
Incredible Hulk, The - The Pantheon Saga (Europe) (En,Fr,De,Es,It)	Europe	SLES-00109
Incredible Hulk, The - The Pantheon Saga (USA)	USA	SLUS-00150
Independence Day (USA)	USA	SLUS-00221
Independence Day - The Game (Europe) (En,Fr,De,Es,It,Sv)	Europe	SLES-00607
Indy 500 (Europe)	Europe	SLES-00135
Indy 500 (Japan)	Japan	SLPS-00860
Infestation (Europe) (En,Fr,De,Es,It,Nl)	Europe	SLES-01870
Infinity (Japan)	Japan	SLPS-02669
Infinity (Japan) (Rev 1)	Japan	SLPS-02669
Initial D (Japan)	Japan	SLPS-01793
Initial D (Japan)	Japan	SLPS-91181
Initial D (Japan) (Taikenban)	Japan	SLPM-80359
Inspector Gadget - Gadget's Crazy Maze (Europe) (En,Fr,De,Es,It,Nl)	Europe	SLES-03084
Inspector Gadget - Gadget's Crazy Maze (USA) (En,Fr,De,Es,It,Nl)	USA	SLUS-01267
Intellivision Classic Games (USA)	USA	SLUS-00906
Interactive CD Sampler Disc 6 (USA)	USA	PBPX-95004
Interactive CD Sampler Disc 6 (USA)	USA	SCUS-94242
Interactive CD Sampler Disc 6 (USA) (Rev 1)	USA	PBPX-95004
Interactive CD Sampler Disc 6 (USA) (Rev 1)	USA	SCUS-94242
Interactive CD Sampler Disc 6 (USA) (Rev 1)	USA	SCUS-94252
Interactive CD Sampler Disc Vol. 10 (USA)	USA	PBPX-95011
Interactive CD Sampler Disc Vol. 10 (USA)	USA	SCUS-94382
Interactive CD Sampler Disc Vol. 11 (USA)	USA	SCUS-94463
Interactive CD Sampler Disc Vol. 9 (USA)	USA	PBPX-95010
Interactive CD Sampler Disc Vol. 9 (USA)	USA	SCUS-94287
Interactive CD Sampler Disc Vol. 9 (USA) (SCUS-94295)	USA	SCUS-94295
Interactive CD Sampler Disc Volume 4 (USA)	USA	PBPX-95002
Interactive CD Sampler Disc Volume 4 (USA)	USA	SCUS-94418
Interactive CD Sampler Disc Volume 7 (USA)	USA	PBPX-95006
Interactive CD Sampler Disc Volume 7 (USA)	USA	SCUS-94258
Interactive CD Sampler Disc Volume 7 (USA) (Rev 1)	USA	PBPX-95006
Interactive CD Sampler Disc Volume 7 (USA) (Rev 1)	USA	SCUS-94262
Interactive CD Sampler Disc Volume 8 (USA)	USA	PBPX-95009
Interactive CD Sampler Disc Volume 8 (USA)	USA	SCUS-94268
Interactive CD Sampler Disc Volume 8 (USA)	USA	SCUS-94273
Interactive CD Sampler Disk Volume 5 (USA)	USA	PBPX-95003
Interactive CD Sampler Disk Volume 5 (USA)	USA	SCUS-94232
Interactive CD Sampler Disk Volume 5 (USA) (Rev 1)	USA	SCUS-94222
Interactive CD Sampler Disk Volume 5 (USA) (Rev 1)	USA	SCUS-94232
Interactive CD Sampler Disk Volume 5 (USA) (SCUS-94224)	USA	SCUS-94224
Interactive CD Sampler Pack Volume 2 (USA)	USA	SCUS-94957
Interactive CD Sampler Pack Volume One (USA)	USA	SCUS-94955
Interactive CD Sampler Pack Volume One (USA) (SCUS-94956)	USA	SCUS-94956
Interactive CD Sampler Pack Volume Three (USA)	USA	SCUS-94959
Interactive CD Sampler Pack Volume Three (Version 3.5) (USA)	USA	SCUS-94966
Interactive CD Sampler Pack Volume Three (Version 3.5) (USA) (Rev 1)	USA	SCUS-94966
Interactive CD Sampler Pack Volume Three (Version 3.5) (USA) (Rev 2)	USA	SCUS-94966
Interactive CD Sampler Pack Volume Three (Version 3.5) (USA) (Rev 3)	USA	SCUS-94966
Interactive CD Sampler Pack Volume Three (Version 3.5) (USA) (SCUS-94177)	USA	SCUS-94177
Interactive CD Sampler Pack Volume Three (Version 3.5) (USA) (SCUS-94177)	USA	SCUS-94966
International Cricket Captain 2000 (Europe)	Europe	SLES-02404
International Cricket Captain 2001 - Ashes Edition (Europe)	Europe	SLES-03596
International Cricket Captain 2002 (Europe)	Europe	SLES-03881
International Karate + (Europe)	Europe	SLES-04040
International Moto X (Europe) (En,Fr,De,Es,It,Nl)	Europe	SLES-00099
International Moto-X (Japan)	Japan	SLPS-00433
International Soccer - Excite Stage 2000 (Japan)	Japan	SLPS-02868
International Superstar Soccer (Europe) (En,De)	Europe	SLES-02550
International Superstar Soccer (Europe) (Fr,Es,It)	Europe	SLES-03149
International Superstar Soccer Deluxe (Europe)	Europe	SLES-00511
International Superstar Soccer Pro '98 (Asia)	Asia	SCPS-45294
International Superstar Soccer Pro '98 (Europe) (En,Fr,De,Es)	Europe	SLES-01218
International Superstar Soccer Pro '98 (Italy)	Italy	SLES-01264
International Superstar Soccer Pro '98 (USA) (En,Fr,De,Es,It)	USA	SLUS-00674
International Superstar Soccer Pro (Europe)	Europe	SLES-00559
International Superstar Soccer Pro (Europe) (Rev 1)	Europe	SLES-00559
International Track & Field (Asia)	Asia	SCPS-45197
International Track & Field (Europe)	Europe	SLES-00333
International Track & Field (USA)	USA	SLUS-00238
International Track & Field 2 (Europe)	Europe	SLES-02448
International Track & Field 2000 (USA)	USA	SLUS-00987
Interplay Sports Baseball 2000 (Europe)	Europe	SLES-01935
Interplay Sports Baseball 2000 (USA)	USA	SLUS-00850
Inuyasha (Japan)	Japan	SLPS-03374
Inuyasha (Japan) (Rev 1)	Japan	SLPS-03374
Inuyasha (Japan) (Shokai Seisanban)	Japan	SLPS-03361
Inuyasha - A Feudal Fairy Tale (USA)	USA	SLUS-01534
Inuyasha - A Feudal Fairy Tale (USA) (Rev 1)	USA	SLUS-01534
Inuyasha - Sengoku Otogi Gassen (Japan)	Japan	SLPS-03504
Inuyasha - Sengoku Otogi Gassen (Japan) (Shokai Seisan Gentei Shiyou)	Japan	SLPS-03503
Invasion (Europe) (En,Fr,De,Es,It,Nl)	Europe	SLES-00443
Invasion Vient de l'Espace, L' (France)	France	SLES-01573
Invasion from Beyond (USA)	USA	SLUS-00709
Ippatsu Gyakuten - Gamble King Densetsu (Japan)	Japan	SLPS-00551
Irem Arcade Classics (Japan)	Japan	SLPS-00341
Iron Man & X-O Manowar in Heavy Metal (Europe) (En,Fr,De)	Europe	SLES-00281
Iron Man & X-O Manowar in Heavy Metal (Japan)	Japan	SLPS-00455
Iron Man & X-O Manowar in Heavy Metal (USA)	USA	SLUS-00235
Iron Soldier 3 (Europe) (En,Fr,De)	Europe	SLES-03250
Iron Soldier 3 (USA)	USA	SLUS-01061
Irritating Stick (USA)	USA	SLUS-00775
Iru! (Japan)	Japan	SLPS-00965
Ishin no Arashi (Japan)	Japan	SLPS-01158
Ishin no Arashi - Bakumatsu Shishiden (Japan)	Japan	SLPM-86144
Ishin no Arashi - Bakumatsu Shishiden (Japan)	Japan	SLPM-86594
Itadaki Street - Gorgeous King (Japan)	Japan	SLPM-86120
Itadaki Street - Gorgeous King (Japan) (Rev 1)	Japan	SLPM-86120
Italian Job, The (Europe)	Europe	SLES-03489
Italian Job, The (Europe) (Fr,De,Es)	Europe	SLES-03626
Italian Job, The (Italy)	Italy	SLES-03648
Italian Job, The (USA)	USA	SLUS-01457
Itsuka, Kasanariau Ashita e - Sayuri-hen (Japan)	Japan	SLPS-01982
Itsuka, Kasanariau Ashita e - Shirou-hen (Japan)	Japan	SLPS-01957
Iwatobi Penguin Rocky x Hopper (Japan)	Japan	SLPS-00832
Iwatobi Penguin Rocky x Hopper (Japan)	Japan	SLPS-91115
Iwatobi Penguin Rocky x Hopper 2 - Tantei Monogatari (Japan)	Japan	SLPS-01283
Iznogoud (Europe) (En,Fr,De,It,Nl)	Europe	SLES-00480
J's Racin' (Japan)	Japan	SLPS-01007
J. B. Harold - Blue Chicago Blues (Japan) (Disc 1)	Japan	SLPS-00144
J. B. Harold - Blue Chicago Blues (Japan) (Disc 1)	Japan	SLPS-02148
J. B. Harold - Blue Chicago Blues (Japan) (Disc 2)	Japan	SLPS-00145
J. B. Harold - Blue Chicago Blues (Japan) (Disc 2)	Japan	SLPS-02149
J.League Jikkyou Winning Eleven '97 (Japan)	Japan	SLPM-86010
J.League Jikkyou Winning Eleven '98-'99 (Japan)	Japan	SLPM-86154
J.League Jikkyou Winning Eleven (Japan)	Japan	SLPS-00068
J.League Jikkyou Winning Eleven (Japan) (Rev 1)	Japan	SLPS-00068
J.League Jikkyou Winning Eleven 2000 (Japan)	Japan	SLPM-86538
J.League Jikkyou Winning Eleven 2000 2nd (Japan)	Japan	SLPM-86668
J.League Jikkyou Winning Eleven 2001 (Japan)	Japan	SLPM-86835
J.League Jikkyou Winning Eleven 3 (Japan)	Japan	SLPM-86055
J.League Soccer - Jikkyou Survival League (Japan)	Japan	SLPS-02436
J.League Soccer - Prime Goal EX (Japan)	Japan	SLPS-00079
J.League Virtual Stadium '96 (Japan)	Japan	SLPS-00301
JGTC - All Japan Grand Touring Car Championship (Japan)	Japan	SLPS-01428
Jackie Chan Stuntmaster (Europe)	Europe	SCES-01444
Jackie Chan Stuntmaster (Europe) (Recalled)	Europe	SCES-01444
Jackie Chan Stuntmaster (USA)	USA	SLUS-00684
Jade Cocoon - Die Tamamayu Legende (Germany)	Germany	SLES-02203
Jade Cocoon - La Leggenda del Tamamayu (Italy)	Italy	SLES-02206
Jade Cocoon - La Leyenda de Tamamayu (Spain)	Spain	SLES-02205
Jade Cocoon - Story of the Tamamayu (Europe)	Europe	SLES-02201
Jade Cocoon - Story of the Tamamayu (France)	France	SLES-02202
Jade Cocoon - Story of the Tamamayu (USA)	USA	SLUS-00854
JailBreaker (Japan) (Disc 1)	Japan	SLPS-02076
JailBreaker (Japan) (Disc 2)	Japan	SLPS-02077
Jaleco Collection Vol. 1 (Japan)	Japan	SLPS-03562
Jaleco Taikenban Special (Japan)	Japan	SLPM-80276
Jampack Vol. 1 (USA)	USA	SCUS-94176
Jampack Vol. 2 (USA)	USA	SCUS-94197
Jang Jang Koi Shimashow - Lovely Pop 2 in 1 (Japan)	Japan	SLPS-01134
Jang Jang Koi Shimashow Separate 1 - Jang Jang Shimashow (Japan)	Japan	SLPS-02708
Jang Jang Koi Shimashow Separate 2 - Koi Koi Shimashow (Japan)	Japan	SLPS-02709
Janhai Yuugi '99 - Tanuki no Kawazanyou (Japan)	Japan	SLPS-01760
Janhai Yuugi '99 - Tanuki no Kawazanyou (Japan)	Japan	SLPS-02386
Jarrett & Labonte Stock Car Racing (USA)	USA	SLUS-01139
Jeff Wayne's La Guerre des Mondes (France)	France	SLES-01983
Jeff Wayne's The War of the Worlds (Europe)	Europe	SLES-00230
Jeff Wayne's The War of the Worlds (Germany)	Germany	SLES-01984
Jeff Wayne's The War of the Worlds (Italy)	Italy	SLES-01985
Jeff Wayne's The War of the Worlds (Spain)	Spain	SLES-01986
Jellyfish - The Healing Friend (Japan)	Japan	SLPS-02892
Jeopardy! (USA)	USA	SLUS-00682
Jeopardy! 2nd Edition (USA)	USA	SLUS-01173
Jeremy McGrath Supercross 2000 (Europe) (En,Fr,De)	Europe	SLES-01981
Jeremy McGrath Supercross 2000 (USA)	USA	SLUS-00832
Jeremy McGrath Supercross 98 (Europe)	Europe	SLES-01281
Jeremy McGrath Supercross 98 (Japan)	Japan	SLPM-86306
Jeremy McGrath Supercross 98 (USA)	USA	SLUS-00479
Jersey Devil (Europe) (En,Fr,De)	Europe	SLES-00598
Jersey Devil (USA)	USA	SCUS-94907
Jersey Devil no Daibouken (Japan)	Japan	SLPM-86075
Jet Copter X (Japan)	Japan	SLPM-86894
Jet Moto '98 (Japan)	Japan	SCPS-10063
Jet Moto (USA)	USA	SCUS-94309
Jet Moto 2 (USA)	USA	SCUS-94167
Jet Moto 2 - Championship Edition (USA)	USA	SCUS-94167
Jet Moto 3 (USA)	USA	SCUS-94555
Jet Rider (Europe)	Europe	SCES-00566
Jet Rider 2 (Europe)	Europe	SCES-01045
Jet de Go! Let's Go by Airliner (Japan)	Japan	SLPM-86323
Jet de Go! Let's Go by Airliner (Japan)	Japan	SLPM-86812
Jet de Go! Let's Go by Airliner (Japan) (JAL Kinai Hanbai Gentei)	Japan	SLPM-86324
JetMoto (Japan, Asia)	Japan	PCPX-96080
JetMoto (Japan, Asia)	Japan	SCPS-45113
JetMoto (Japan, Asia)	Japan	SIPS-60020
Jetracer (Europe) (En,Fr,De)	Europe	SLES-03328
Jewel Bem Hunter Lime with Paint Maker (Japan)	Japan	SLPS-00589
Jigoku Sensei Nube (Japan)	Japan	SLPS-00802
Jigsaw Island - Japan Graffiti (Japan)	Japan	SLPS-00473
Jigsaw Island - Japan Graffiti (Japan) (Major Wave)	Japan	SLPM-86918
Jigsaw Madness (Europe) (En,Fr,De,Es,It)	Europe	SLES-04089
Jigsaw Madness (USA)	USA	SLUS-01509
Jigsaw World (Japan)	Japan	SLPS-00028
Jigsaw World (Japan) (Honkakuha de 1300)	Japan	SLPS-02251
Jikki Pachi-Slot Tettei Kouryaku - Speed-CR Kinkakuji 3 (Japan)	Japan	SLPS-01538
Jikki Pachi-Slot Tettei Kouryaku - Yamasa Collection (Japan)	Japan	SLPS-01339
Jikkyou American Baseball (Japan)	Japan	SLPM-86046
Jikkyou American Baseball 2 (Japan)	Japan	SLPM-86119
Jikkyou Golf Master 2000 (Japan)	Japan	SLPM-86464
Jikkyou Golf Master 2000 (Japan) (Rev 1)	Japan	SLPM-86736
Jikkyou Golf Master 2000 (Japan) (Taikenban)	Japan	SLPM-80551
Jikkyou J.League 1999 - Perfect Striker (Japan)	Japan	SLPM-86317
Jikkyou Kyousouba Ikusei Simulation Game - Breeding Stud '99 (Japan)	Japan	SLPM-86316
Jikkyou Oshaberi Parodius - Forever with Me (Japan)	Japan	SLPM-86008
Jikkyou Powerful Pro Yakyuu '95 (Japan)	Japan	SLPS-00016
Jikkyou Powerful Pro Yakyuu '95 (Japan) (Rev 1)	Japan	SLPS-00016
Jikkyou Powerful Pro Yakyuu '95 - Kaimakuban (Japan)	Japan	SLPS-00067
Jikkyou Powerful Pro Yakyuu '97 - Kaimakuban (Japan)	Japan	SLPM-86024
Jikkyou Powerful Pro Yakyuu '97 - Kaimakuban (Japan) (Rev 1)	Japan	SLPM-86024
Jikkyou Powerful Pro Yakyuu '98 - Kaimakuban (Japan)	Japan	SLPM-86097
Jikkyou Powerful Pro Yakyuu '98 - Kaimakuban (Japan) (Rev 1)	Japan	SLPM-86097
Jikkyou Powerful Pro Yakyuu '98 - Ketteiban (Japan)	Japan	SLPM-86149
Jikkyou Powerful Pro Yakyuu '99 - Kaimakuban (Japan)	Japan	SLPM-86253
Jikkyou Powerful Pro Yakyuu '99 - Ketteiban (Japan)	Japan	SLPM-86433
Jikkyou Powerful Pro Yakyuu - Premium-ban (Japan)	Japan	SLPM-87216
Jikkyou Powerful Pro Yakyuu 2000 - Kaimakuban (Japan)	Japan	SLPM-86578
Jikkyou Powerful Pro Yakyuu 2000 - Ketteiban (Japan)	Japan	SLPM-86694
Jikkyou Powerful Pro Yakyuu 2001 (Japan)	Japan	SLPM-86807
Jikkyou Powerful Pro Yakyuu 2001 - Ketteiban (Japan)	Japan	SLPM-86990
Jikkyou Powerful Pro Yakyuu 2002 - Haru (Japan)	Japan	SLPM-87033
Jikuu Tantei DD - Maboroshi no Lorelei (Japan) (Disc 1)	Japan	SLPS-00397
Jikuu Tantei DD - Maboroshi no Lorelei (Japan) (Disc 1) (Rev 1)	Japan	SLPS-00397
Jikuu Tantei DD - Maboroshi no Lorelei (Japan) (Disc 2)	Japan	SLPS-00398
Jikuu Tantei DD - Maboroshi no Lorelei (Japan) (Disc 2) (Rev 1)	Japan	SLPS-00398
Jikuu Tantei DD 2 - Hangyaku no Apsalar (Japan) (Disc 1)	Japan	SLPS-01533
Jikuu Tantei DD 2 - Hangyaku no Apsalar (Japan) (Disc 2)	Japan	SLPS-01534
Jim Henson's Bear in the Big Blue House (Europe)	Europe	SLES-03598
Jim Henson's Bear in the Big Blue House (USA)	USA	SLUS-01524
Jim Henson's The Hoobs (Europe)	Europe	SCES-03755
Jim Henson's The Hoobs (France)	France	SCES-03756
Jim Henson's The Hoobs (Germany)	Germany	SCES-03757
Jim Henson's The Hoobs (Spain)	Spain	SCES-03758
Jimmy Johnson's VR Football '98 (USA)	USA	SLUS-00500
Jimmy White's 2 - Cueball (Europe) (En,Fr,De,Es,It)	Europe	SLES-01334
Jimmy White's 2 - Cueball (USA)	USA	SLUS-01313
Jinx (Europe) (En,Fr,De,Es,It)	Europe	SCES-03908
Jishaku de Tonjau! Phix no Daibouken (Japan)	Japan	SLPS-02648
Jissen Pachi-Slot Hisshouhou! 5 (Japan)	Japan	SLPS-00794
Jissen Pachi-Slot Hisshouhou! Disc Up (Japan)	Japan	SLPS-03171
Jissen Pachi-Slot Hisshouhou! Sammy Revolution (Japan)	Japan	SLPS-01437
Jissen Pachi-Slot Hisshouhou! Sammy Revolution 2 (Japan)	Japan	SLPS-01936
Jissen Pachi-Slot Hisshouhou! Single - Epsilon R (Japan)	Japan	SLPM-86333
Jissen Pachi-Slot Hisshouhou! Single - Kamen Rider & Gallop (Japan) (Disc 1) (Kamen Rider)	Japan	SLPM-86342
Jissen Pachi-Slot Hisshouhou! Single - Kamen Rider & Gallop (Japan) (Disc 2) (Gallop)	Japan	SLPM-86343
Jissen Pachi-Slot Hisshouhou! Single - Kamen Rider V3 (Japan)	Japan	SLPM-86335
Jissen Pachi-Slot Hisshouhou! Single - Kung-Fu Lady (Japan)	Japan	SLPM-86434
Jissen Pachi-Slot Hisshouhou! Single - Sea Master X (Japan)	Japan	SLPM-86349
Jissen Pachi-Slot Hisshouhou! Single - Super Star Dust 2 (Japan)	Japan	SLPM-86420
Jissen Pachi-Slot Hisshouhou! Single - The Kongdom (Japan)	Japan	SLPM-86444
Jitsumei Jikkyou Keiba - Dream Classic (Japan)	Japan	SLPS-02727
JoJo's Bizarre Adventure (Europe)	Europe	SLES-02599
JoJo's Bizarre Adventure (USA)	USA	SLUS-01060
Jockey Zero (Japan)	Japan	SLPS-00429
Johnny Bazooka (Japan)	Japan	SLPS-00339
Johnny Bazookatone (Europe)	Europe	SLES-00112
Johnny Bazookatone (USA)	USA	SLUS-00194
Jojo no Kimyou na Bouken (Japan)	Japan	SLPM-86721
Jojo no Kimyou na Bouken (Japan)	Japan	SLPS-02236
Jonah Lomu Rugby (Europe) (En,De,Es,It)	Europe	SLES-00377
Jonah Lomu Rugby (France)	France	SLES-00611
Joshikousei no Houkago... Pukunpa (Japan)	Japan	SLPS-00409
Joue avec les Teletubbies (France)	France	SLES-02772
Jouki Kikansha Unten Simulation - SL de Ikou! (Japan)	Japan	SLPS-01739
Jouki Kikansha Unten Simulation - SL de Ikou! II (Japan)	Japan	SLPS-02478
Jounetsu Nekketsu Athletes - Nakimushi Coach no Diary (Japan)	Japan	SLPS-00936
Joypad Demo 01 (France) (En,Fr)	France	SCED-01138
Judge Dredd (Europe)	Europe	SLES-00755
Judge Dredd (USA)	USA	SLUS-00630
Juega con los Teletubbies (Spain)	Spain	SLES-03171
Juggernaut (USA) (Disc 1)	USA	SLUS-00894
Juggernaut (USA) (Disc 2)	USA	SLUS-00988
Juggernaut (USA) (Disc 3)	USA	SLUS-00989
Juggernaut - Senritsu no Tobira (Japan) (Disc 1)	Japan	SLPS-01671
Juggernaut - Senritsu no Tobira (Japan) (Disc 1)	Japan	SLPS-02916
Juggernaut - Senritsu no Tobira (Japan) (Disc 2)	Japan	SLPS-01672
Juggernaut - Senritsu no Tobira (Japan) (Disc 2)	Japan	SLPS-02917
Juggernaut - Senritsu no Tobira (Japan) (Disc 3)	Japan	SLPS-01673
Juggernaut - Senritsu no Tobira (Japan) (Disc 3)	Japan	SLPS-02918
JumpStart Wildlife Safari - Field Trip (USA)	USA	SLUS-01383
Jumping Flash! (Europe)	Europe	SCES-00003
Jumping Flash! (Japan) (Europe-ban)	Japan	SCPS-10022
Jumping Flash! (USA)	USA	SCUS-94103
Jumping Flash! 2 (Europe)	Europe	SCES-00111
Jumping Flash! 2 (USA)	USA	SCUS-94108
Jumping Flash! 2 - Aloha Danshaku Ooyowari no Maki (Japan)	Japan	SCPS-10021
Jumping Flash! Aloha Danshaku Funky Daisakusen no Maki (Japan)	Japan	SCPS-10007
Jumping Flash! Aloha Danshaku Funky Daisakusen no Maki (Japan) (Taikenban)	Japan	SCPM-85001
Junclassic C.C. & Rope Club (Japan)	Japan	SLPM-86080
Jungla de Cristal Trilogia 2 - Viva Las Vegas (Spain)	Spain	SLES-02750
Jungle Park (Japan)	Japan	SLPS-01086
Junior Sports Football (Europe)	Europe	SLES-03579
Junior Sports Football (France)	France	SLES-03580
Junior Sports Fussball (Germany)	Germany	SLES-03581
Junjou de Karen - Meymay Kishidan - Spectral Force Seishoujo Gaiden (Japan)	Japan	SLPS-02431
Junjou de Karen - Meymay Kishidan - Spectral Force Seishoujo Gaiden (Japan)	Japan	SLPS-03078
Jupiter Strike (Europe)	Europe	SLES-00130
Jupiter Strike (USA)	USA	SLUS-00177
K-1 Grand Prix (Europe)	Europe	SLES-02753
K-1 Grand Prix (USA)	USA	SLUS-00941
K-1 Ouja ni Narou! King of Kings (Japan)	Japan	SLPS-02602
K-1 Revenge (USA)	USA	SLUS-00766
K-1 The Arena Fighters (Europe)	Europe	SLES-00767
K-1 The Arena Fighters (USA)	USA	SLUS-00414
K-1 World Grand Prix 2001 - Kaimakuban (Japan)	Japan	SLPM-86763
K.O. - The Live Boxing (Japan)	Japan	SLPS-01413
K.O. - The Live Boxing (Japan)	Japan	SLPS-02698
KISS Pinball (Europe) (En,Fr,De)	Europe	SLES-03211
KISS Pinball (USA)	USA	SLUS-01366
KKND Krossfire (Europe)	Europe	SLES-01246
KKND Krossfire (France)	France	SLES-01616
KKND Krossfire (Germany)	Germany	SLES-01617
Kaeru no Ehon - Nakushita Kioku o Motomete (Japan)	Japan	SLPS-02332
Kaette Kita Cyborg Kuro-chan (Japan)	Japan	SLPM-87174
Kaette Kita Pachio-kun - Dream Collection (Japan)	Japan	SLPS-01384
Kagayaku Kisetsu e (Japan)	Japan	SLPS-01975
Kagayaku Kisetsu e (Japan) (Disc 1) (Shokai Genteiban)	Japan	SLPS-01972
Kagayaku Kisetsu e (Japan) (Disc 2) (Special Disc) (Shokai Genteiban)	Japan	SLPS-01973
Kagero - Deception II (Europe)	Europe	SLES-01967
Kagero - Deception II (USA)	USA	SLUS-00677
Kagero - Kokumeikan Shinshou (Japan)	Japan	SLPS-01421
Kagero - Kokumeikan Shinshou (Japan)	Japan	SLPS-91148
Kagero - Kokumeikan Shinshou (Japan)	Japan	SLPS-91405
Kahen Soukou Gunbike - Speed Power Gunbike (Japan)	Japan	SLPS-01066
Kaibutsu Para-Dice - Monster Paradise (Japan)	Japan	SLPS-00915
Kaijuu Senki (Japan)	Japan	SLPS-00529
Kaikan Phrase - Datenshi Kourin (Japan)	Japan	SLPM-86438
Kain the Vampire (Japan)	Japan	SLPS-00743
Kaishin!! Derby Analyst (Japan)	Japan	SLPS-03079
Kaisoku Tenshi - The Rapid Angel (Japan)	Japan	SLPS-01553
Kaitei Daisensou - In the Hunt (Japan)	Japan	SLPS-00086
Kaitou Apricot (Japan)	Japan	SLPS-03532
Kaitou Ranma Miyabi (Japan)	Japan	SLPS-01824
Kaitou Ranma Miyabi (Japan)	Japan	SLPS-01825
Kakinoki Shougi (Japan)	Japan	SLPS-00019
Kakinoki Shougi II (Japan)	Japan	SLPS-01344
Kakinoki Shougi II (Japan)	Japan	SLPS-02986
Kakuge Yarou - Fighting Game Creator (Japan)	Japan	SLPS-02595
Kakugo no Susume (Japan)	Japan	SLPS-00799
Kamen Rider (Japan)	Japan	SLPS-01570
Kamen Rider (Japan)	Japan	SLPS-91139
Kamen Rider Agito & Hyakujuu Sentai GaoRanger (Japan) (2-dai Hero Special Disc Taikenban)	Japan	SLPM-80629
Kamen Rider Agito (Japan)	Japan	SLPS-03344
Kamen Rider Kuuga (Japan)	Japan	SLPS-03090
Kamen Rider Kuuga (Japan)	Japan	SLPS-03401
Kamen Rider Ryuuki (Japan)	Japan	SLPS-03495
Kamen Rider V3 (Japan)	Japan	SLPS-03443
Kanazawa Shougi '95 (Japan)	Japan	SLPS-00052
Kanazawa Shougi - Tsuki (Japan)	Japan	SLPS-02059
Kart Challenge (Europe) (En,Fr,De,It)	Europe	SLES-03209
Kart Race - Kimete wa Drift! (Japan)	Japan	SLPS-03041
Kartia - The Word of Fate (USA)	USA	SLUS-00631
Karyuujou (Japan) (Disc 1) (Ryuu Hangan Hen)	Japan	SLPS-00563
Karyuujou (Japan) (Disc 2) (Kou Yuukan Hen)	Japan	SLPS-00564
Kasei Monogatari (Japan)	Japan	SLPS-01630
Kasei Monogatari (Japan) (Genteiban)	Japan	SLPS-01629
Katalog Spezial Demo (Germany)	Germany	SCED-01739
Katou Hifumi Kudan - Shougi Club (Japan)	Japan	SLPM-86045
Katou Hifumi Kudan - Shougi Club (Japan) (Honkakuha de 1300)	Japan	SLPS-02078
Katou Hifumi Kudan - Shougi Club (Japan) (Honkakuha de 1300)	Japan	SLPS-02086
Kattobi Tune (Japan)	Japan	SLPS-01253
Katze von Schroedinger, Die (Japan)	Japan	SLPS-00780
Kawa no Nushi-tsuri - Hikyou o Motomete (Japan)	Japan	SLPS-01536
Kawa no Nushi-tsuri - Hikyou o Motomete (Japan)	Japan	SLPS-91155
Kaze no Klonoa - Door to Phantomile (Japan)	Japan	SLPS-01010
Kaze no Klonoa - Door to Phantomile (Japan) (Rev 1)	Japan	SLPS-91169
Kaze no Oka Kouen Nite (Japan)	Japan	SLPS-01565
Keiba Eight '98 Aki Fuyu (Japan)	Japan	SLPS-01640
Keiba Eight '98 Haru Natsu (Japan)	Japan	SLPS-01372
Keiba Eight '99 Haru Natsu (Japan)	Japan	SLPS-01929
Keiba Saishou no Housoku '95 (Japan)	Japan	SLPS-00063
Keiba Saishou no Housoku '96 Vol. 1 (Japan)	Japan	SLPS-00146
Keiba Saishou no Housoku '96 Vol. 2 - GI-Road (Japan)	Japan	SLPS-00605
Keiba Saishou no Housoku '97 Vol. 1 - Nerae! Manbaken! (Japan)	Japan	SLPS-00808
Keiba Saishou no Housoku '97 Vol. II - To Hit (Japan)	Japan	SLPS-01032
Keiba Saishou no Housoku '99 Shuutou (Japan)	Japan	SLPS-02339
Keitai Eddy (Japan)	Japan	SLPS-02717
Keitai Henshuu (Japan)	Japan	PBPX-95013
Kekkon - Marriage (Japan)	Japan	SLPS-00496
Kellogg Original Waku Waku Doki Doki Ninki Game Chara Daishuugou! (Japan)	Japan	SLPM-84002
Kenkaku Ibunroku - Yomigaerishi Souku no Yaiba - Samurai Spirits Shinshou (Japan, Asia)	Japan	SCPS-45466
Kenkaku Ibunroku - Yomigaerishi Souku no Yaiba - Samurai Spirits Shinshou (Japan, Asia)	Japan	SLPM-86345
Kenki Ippatsu! Crane Master ni Narou! (Japan)	Japan	SLPS-02831
Kenki Ippatsu! Crane Master ni Narou! (Japan) (Major Wave)	Japan	SLPM-87150
Kenki Ippatsu! Shovel Master ni Narou! (Japan)	Japan	SLPS-02830
Kenki Ippatsu! Shovel Master ni Narou! (Japan) (Rev 1)	Japan	SLPS-02830
Kensei - Sacred Fist (Europe)	Europe	SLES-01081
Kensei - Sacred Fist (USA)	USA	SLUS-00600
Kensei - The King of Boxing (Japan)	Japan	SLPS-00502
Kensetsu Kikai Simulator - Kenki Ippai! (Japan)	Japan	SLPS-02605
Kenshou Akou Jiken - Chuushingura - Rekishi Adventure (Japan)	Japan	SLPS-01186
Kero Kero King (Japan)	Japan	SLPM-86621
Kero Kero King (Japan)	Japan	SLPS-91451
Kessen - Demo Video CD-ROM (Japan)	Japan	SLPM-86432
Khamrai (Japan)	Japan	SLPS-02640
Kick Off World (Europe) (Es,Nl)	Europe	SLES-01327
Kick Off World (Europe, Australia) (En,Fr)	Europe	SLES-01061
Kick Off World (Germany)	Germany	SLES-01062
Kick Off World (Greece)	Greece	SLES-01328
Kick Off World Manager (Italy)	Italy	SLES-01063
Kickboxing (USA)	USA	SLUS-01412
Kickboxing Knockout (Europe)	Europe	SLES-03959
Kid Clown no Crazy Chase 2 - Love Love Honey Soudatsusen (Japan)	Japan	SLPS-00454
Kid Mix Section - Character Collection (Japan)	Japan	SLPS-03236
Kidou Senshi Gundam - Gihren no Yabou - Zeon no Keifu (Japan) (Disc 1) (Earth Federation Disc) (Koudansha Rengou Kikaku Tokubetsu Disc)	Japan	SLPM-80553
Kidou Senshi Gundam - Gihren no Yabou - Zeon no Keifu (Japan) (Disc 1) (Earth Federation Disc) (Rev 1)	Japan	SLPS-02570
Kidou Senshi Gundam - Gihren no Yabou - Zeon no Keifu (Japan) (Disc 2) (Zeon Disc) (Koudansha Rengou Kikaku Tokubetsu Disc)	Japan	SLPM-80554
Kidou Senshi Gundam - Gihren no Yabou - Zeon no Keifu (Japan) (Disc 2) (Zeon Disc) (Rev 1)	Japan	SLPS-02571
Kidou Senshi Gundam - Gihren no Yabou - Zeon no Keifu (Japan, Asia) (Disc 1) (Earth Federation Disc)	Japan	SCPS-45481
Kidou Senshi Gundam - Gihren no Yabou - Zeon no Keifu (Japan, Asia) (Disc 1) (Earth Federation Disc)	Japan	SLPS-02570
Kidou Senshi Gundam - Gihren no Yabou - Zeon no Keifu (Japan, Asia) (Disc 2) (Zeon Disc)	Japan	SCPS-45482
Kidou Senshi Gundam - Gihren no Yabou - Zeon no Keifu (Japan, Asia) (Disc 2) (Zeon Disc)	Japan	SLPS-02571
Kidou Senshi Gundam - Gihren no Yabou - Zeon no Keifu - Kimitsu Eizou Disc Tokubetsu-hen (Japan)	Japan	SLPS-02202
Kidou Senshi Gundam - Gihren no Yabou - Zeon no Keifu - Kouryaku Shireisho (Japan)	Japan	SLPS-02820
Kids Demo 01 (Europe) (En,Fr,De,Es,It)	Europe	SCED-02542
Kids Station - Asobou! Hanasou! Guru Guru Town Hanamaru-kun (Japan)	Japan	SLPM-86907
Kids Station - Asobou! Hanasou! Guru Guru Town Hanamaru-kun (Japan) (Controller Set)	Japan	SLPS-03057
Kids Station - Barbapapa (Japan)	Japan	SLPS-03302
Kids Station - Barbapapa (Japan) (Controller Set)	Japan	SLPS-03301
Kids Station - Basic Soft (Japan)	Japan	SLPM-84017
Kids Station - Bishoujo Senshi Sailor Moon World - Chibiusa to Tanoshii Mainichi (Japan)	Japan	SLPS-03318
Kids Station - Bishoujo Senshi Sailor Moon World - Chibiusa to Tanoshii Mainichi (Japan) (Controller Set)	Japan	SLPS-03317
Kids Station - Bokura to Asobou! Ultraman TV (Japan)	Japan	SLPS-02873
Kids Station - Bokura to Asobou! Ultraman TV (Japan) (Controller Set)	Japan	SLPS-02872
Kids Station - Crayon Shin-chan - Ora to Omoide Tsukuru zo! (Japan)	Japan	SLPS-03320
Kids Station - Crayon Shin-chan - Ora to Omoide Tsukuru zo! (Japan) (Controller Set)	Japan	SLPS-03319
Kids Station - Digimon Park (Japan)	Japan	SLPS-03249
Kids Station - Digimon Park (Japan) (Controller Set)	Japan	SLPS-03248
Kids Station - Doraemon - Himitsu no Yojigen Pocket (Japan)	Japan	SLPS-03324
Kids Station - Doraemon - Himitsu no Yojigen Pocket (Japan) (Controller Set)	Japan	SLPS-03323
Kids Station - Gomdori Pooh Hakseup Series - Gomdori Pooh Sinnaneun Yuagyosil (Korea)	Korea	SLPM-88511
Kids Station - Gomdori Pooh Hakseup Series - Gomdori Pooh Yuchiwon Hakseubyeohaeng (Korea) (En,Ko)	Korea	SLPM-88507
Kids Station - Hello Kitty no Oshaberi ABC (Japan)	Japan	SLPM-86905
Kids Station - Hello Kitty no Oshaberi ABC (Japan) (Controller Set)	Japan	SLPM-86904
Kids Station - Hello Kitty no Oshaberi Town (Japan)	Japan	SLPM-86906
Kids Station - Hello Kitty no Oshaberi Town (Japan) (Controller Set)	Japan	SLPS-03060
Kids Station - Hello Kitty no Ouchi e Oide yo! (Japan)	Japan	SLPS-03448
Kids Station - Hello Kitty no Ouchi e Oide yo! (Japan) (Controller Set)	Japan	SLPS-03447
Kids Station - Hello Kitty to Album Nikki o Tsukurimasho! (Japan)	Japan	SLPS-03544
Kids Station - Hello Kitty to Album Nikki o Tsukurimasho! (Japan) (Controller Set)	Japan	SLPS-03543
Kids Station - Hitori de Dekiru mon! (Japan)	Japan	SLPS-03185
Kids Station - Hitori de Dekiru mon! (Japan) (Controller Set)	Japan	SLPS-03169
Kids Station - Kamen Rider Heroes (Japan)	Japan	SLPS-03403
Kids Station - Kamen Rider Heroes (Japan) (Controller Set)	Japan	SLPS-03402
Kids Station - Kikansha Thomas to Nakamatachi (Japan)	Japan	SLPS-02874
Kids Station - Kikansha Thomas to Nakamatachi (Japan) (Controller Set)	Japan	SLPS-02699
Kids Station - Kuma no Pooh-san - Mori no Kyoushitsu (Japan)	Japan	SLPM-87001
Kids Station - Kuma no Pooh-san - Mori no Kyoushitsu (Japan) (Controller Set)	Japan	SLPM-87000
Kids Station - Kuma no Pooh-san - Mori no Nakama to 1, 2, 3 (Japan)	Japan	SLPM-86933
Kids Station - Kuma no Pooh-san - Mori no Nakama to 1, 2, 3 (Japan) (Controller Set)	Japan	SLPM-86932
Kids Station - Kuma no Pooh-san - Mori no Tomodachi (Japan)	Japan	SLPM-86999
Kids Station - Kuma no Pooh-san - Mori no Tomodachi (Japan) (Controller Set)	Japan	SLPM-86979
Kids Station - LEGO no Sekai (Japan)	Japan	SLPS-03322
Kids Station - Magical Music - Eigo de One, Two, Three! (Japan) (En,Ja)	Japan	SLPS-02876
Kids Station - Mickey & Minnie no Magical Kitchen (Japan) (En,Ja)	Japan	SLPM-87003
Kids Station - Mickey & Minnie no Magical Kitchen (Japan) (En,Ja) (Controller Set)	Japan	SLPM-87002
Kids Station - Mickey to Nakamatachi - Kazu Asobi Iro Iro (Japan)	Japan	SLPM-86931
Kids Station - Mickey to Nakamatachi - Kazu Asobi Iro Iro (Japan) (Controller Set)	Japan	SLPM-86930
Kids Station - Mini-Moni. ni Naru no da Pyon! (Japan)	Japan	SLPS-03463
Kids Station - Mini-Moni. ni Naru no da Pyon! (Japan) (Controller Set)	Japan	SLPS-03462
Kids Station - Motto! Oja Majo DoReMi - Maho-dou Smile Party (Japan)	Japan	SLPS-03247
Kids Station - Motto! Oja Majo DoReMi - Maho-dou Smile Party (Japan) (Controller Set)	Japan	SLPS-03246
Kids Station - Oja Majo DoReMi - Maho-dou Dance Carnival! (Japan)	Japan	SLPS-02875
Kids Station - Oja Majo DoReMi - Maho-dou Dance Carnival! (Japan) (Controller Set)	Japan	SLPS-02718
Kids Station - Oja Majo DoReMi Dokkan! Maho-dou Eigo Festival (Japan)	Japan	SLPS-03407
Kids Station - Oja Majo DoReMi Dokkan! Maho-dou Eigo Festival (Japan) (Controller Set)	Japan	SLPS-03406
Kids Station - Oshaberi Oekaki - Kikansha Thomas to Nakamatachi (Japan)	Japan	SLPS-03515
Kids Station - Oshaberi Oekaki - Kikansha Thomas to Nakamatachi (Japan) (Controller Set)	Japan	SLPS-03514
Kids Station - Oshaberi Oekaki - Soreike! Anpanman (Japan)	Japan	SLPS-03513
Kids Station - Oshaberi Oekaki - Soreike! Anpanman (Japan) (Controller Set)	Japan	SLPS-03512
Kids Station - Plarail - Tetsudou Monoshiri Hyakka (Japan)	Japan	SLPM-87166
Kids Station - Plarail - Tetsudou Monoshiri Hyakka (Japan)	Japan	SLPM-87167
Kids Station - Ponkickies 21 - Game no Omocha-bako (Japan)	Japan	SLPS-03359
Kids Station - Ponkickies 21 - Game no Omocha-bako (Japan) (Controller Set)	Japan	SLPS-03358
Kids Station - Soreike! Anpanman (Japan)	Japan	SLPS-02848
Kids Station - Soreike! Anpanman (Japan) (Controller Set)	Japan	SLPS-02700
Kids Station - Soreike! Anpanman 2 - Anpanman to Daibouken! (Japan)	Japan	SLPS-03197
Kids Station - Soreike! Anpanman 2 - Anpanman to Daibouken! (Japan) (Controller Set)	Japan	SLPS-03196
Kids Station - Soreike! Anpanman 3 - Sugoroku Anpanman (Japan)	Japan	SLPS-03405
Kids Station - Soreike! Anpanman 3 - Sugoroku Anpanman (Japan) (Controller Set)	Japan	SLPS-03404
Kids Station - Ugoku Tomica Zukan (Japan)	Japan	SLPM-87169
Kids Station - Ugoku Tomica Zukan (Japan) (Controller Set)	Japan	SLPM-87168
Kids Station - Ultraman Cosmos - Yuusha no Chikai (Japan)	Japan	SLPS-03316
Kids Station - Ultraman Cosmos - Yuusha no Chikai (Japan) (Controller Set)	Japan	SLPS-03315
Kids Station - Unten Daisuki - Doki Doki - Norimono Daibouken (Japan)	Japan	SLPS-03337
Kids Station - Yancharu Moncha (Japan)	Japan	SLPS-03173
Kids Station - Yancharu Moncha (Japan) (Controller Set)	Japan	SLPS-03172
Kiganjou (Japan)	Japan	SLPS-02370
Kikuni Masahiko Jirushi - Warau Fukei-san Pachi-Slot Hunter (Japan)	Japan	SLPS-00021
Kileak - The Blood (Europe)	Europe	SCES-00035
Kileak - The DNA Imperative (USA)	USA	SCUS-94102
Kileak, The Blood (Japan)	Japan	SLPS-00027
Kileak, The Blood 2 - Reason in Madness (Japan)	Japan	SLPS-00170
Killer Bass (Japan)	Japan	SLPS-02747
Killer Bass (Japan)	Japan	SLPS-03113
Killer Loop (Europe) (En,Fr,De,Es,It)	Europe	SLES-01878
Killer Loop (USA)	USA	SLUS-00938
Killing Zone (Europe)	Europe	SLES-00446
Killing Zone (Japan)	Japan	SLPS-00296
Killing Zone (USA)	USA	SLUS-00369
Kimagure My Baby - Musume no Sugoroku Seichouki (Japan)	Japan	SLPS-01177
Kimero!! Hero Gakuen - Eiyuu ni Kotae Nashi (Japan)	Japan	SLPS-02545
Kimi ni Steady (Japan)	Japan	SLPS-02965
Kimi no Kimochi, Boku no Kokoro - I've Possessed Your Body! (Japan)	Japan	SLPS-03072
Kindaichi Shounen no Jikenbo - Hihou-tou Arata naru Sangeki (Japan)	Japan	SLPS-00601
Kindaichi Shounen no Jikenbo - Hihou-tou Arata naru Sangeki (Japan)	Japan	SLPS-91039
Kindaichi Shounen no Jikenbo - Jigoku Yuuen Satsujin Jiken (Japan) (Disc 1)	Japan	SLPS-01340
Kindaichi Shounen no Jikenbo - Jigoku Yuuen Satsujin Jiken (Japan) (Disc 2)	Japan	SLPS-01341
Kindaichi Shounen no Jikenbo 3 - Seiryuu Densetsu Satsujin Jiken (Japan) (Disc 1)	Japan	SLPS-02223
Kindaichi Shounen no Jikenbo 3 - Seiryuu Densetsu Satsujin Jiken (Japan) (Disc 2)	Japan	SLPS-02224
King of Bowling (Japan)	Japan	SLPS-00092
King of Bowling 2 (Europe)	Europe	SLES-02916
King of Bowling 2 - Professional-hen (Japan)	Japan	SLPS-01541
King of Bowling 3 (Europe)	Europe	SLES-04049
King of Fighters '95, The (Europe)	Europe	SCES-00562
King of Fighters '95, The (Japan)	Japan	SLPS-00351
King of Fighters '95, The (Japan)	Japan	SLPS-91026
King of Fighters '95, The (USA)	USA	SCUS-94205
King of Fighters '96, The (Japan, Asia)	Japan	SCPS-45316
King of Fighters '96, The (Japan, Asia)	Japan	SLPM-86110
King of Fighters '96, The (Japan, Asia)	Japan	SLPS-00834
King of Fighters '97, The (Japan)	Japan	SLPM-86084
King of Fighters '97, The (Japan)	Japan	SLPM-86245
King of Fighters '97, The (Japan)	Japan	SLPS-91511
King of Fighters '98, The - Dream Match Never Ends (Japan)	Japan	SLPM-86201
King of Fighters '98, The - Dream Match Never Ends (Japan) (Rev 1)	Japan	SLPM-86435
King of Fighters '99, The (Japan, Asia)	Japan	SCPS-45489
King of Fighters '99, The (Japan, Asia)	Japan	SLPM-86462
King of Fighters '99, The (Japan, Asia)	Japan	SLPM-86784
King of Fighters '99, The (USA)	USA	SLUS-01332
King of Fighters Kyou, The (Japan)	Japan	SLPM-86095
King of Parlor (Japan)	Japan	SLPS-00524
King of Parlor 2 (Japan)	Japan	SLPS-01423
King of Producer (Japan)	Japan	SLPS-01124
King of Stallion (Japan)	Japan	SLPS-00247
King's Field (Europe) (En,Fr,De)	Europe	SCES-00510
King's Field (Japan)	Japan	SLPS-00017
King's Field (Japan)	Japan	SLPS-03578
King's Field (Japan)	Japan	SLPS-91401
King's Field (USA)	USA	SLUS-00158
King's Field II (Japan)	Japan	SLPS-00069
King's Field II (Japan) (PlayStation the Best)	Japan	SLPS-91003
King's Field II (Japan) (PlayStation the Best) (Rev 1)	Japan	SLPS-03579
King's Field II (Japan) (PlayStation the Best) (Rev 1)	Japan	SLPS-91003
King's Field II (Japan) (PlayStation the Best) (Rev 1)	Japan	SLPS-91423
King's Field II (USA)	USA	SLUS-00255
King's Field III (Japan)	Japan	SLPS-00377
King's Field III (Japan) (Rev 1)	Japan	SLPS-03580
King's Field III (Japan) (Rev 1)	Japan	SLPS-91089
King's Field III (Japan) (Rev 1)	Japan	SLPS-91426
King's Field III - Pilot Style (Japan)	Japan	SLPM-80029
Kingsley's Adventure (Europe) (En,Fr,De,Es,It,Nl,Sv,No,Da,Fi)	Europe	SCES-01659
Kingsley's Adventure (USA)	USA	SLUS-00801
Kinniku Banzuke - Road to Sasuke (Japan)	Japan	SLPM-86490
Kinniku Banzuke - Road to Sasuke (Japan)	Japan	SLPM-86737
Kinniku Banzuke Vol. 1 - Ore ga Saikyou no Otoko da! (Japan)	Japan	SLPM-86381
Kinniku Banzuke Vol. 2 - Arata naru Genkai e no Chousen! (Japan)	Japan	SLPM-86457
Kinniku Banzuke Vol. 2 - Arata naru Genkai e no Chousen! (Japan)	Japan	SLPM-86665
Kinniku Banzuke Vol. 3 - Saikyou no Challenger Tanjou! (Japan)	Japan	SLPM-86690
Kinniku Banzuke Vol. 3 - Saikyou no Challenger Tanjou! (Japan)	Japan	SLPM-86950
Kirikou (Europe) (En,Fr,De)	Europe	SLES-03676
Kirikou (Europe) (Es,It,Pt)	Europe	SLES-03677
Kisha de Go! (Japan)	Japan	SLPM-86449
Kita Denshi - Virtua Pachi-Slot (Japan)	Japan	SLPS-01821
Kita Denshi - Virtua Pachi-Slot 2 (Japan)	Japan	SLPS-02746
Kitchen Panic (Japan)	Japan	SLPS-01395
Kitty the Kool! Kabuki de Tanoshiku Odotte ne!! (Japan)	Japan	SLPS-01566
Kiwame Daidougi (Japan) (Major Wave)	Japan	SLPM-87019
Kiwame Daidougi - Tsumuya Tsumazaruya (Japan)	Japan	SLPS-00379
Kizuna toyuu Na no Pendant with Toybox Stories (Japan) (Disc 1)	Japan	SLPS-02681
Kizuna toyuu Na no Pendant with Toybox Stories (Japan) (Disc 2)	Japan	SLPS-02682
Klaymen Gun-Hockey (Japan)	Japan	SLPS-02424
Klaymen Klaymen - Neverhood no Nazo (Japan)	Japan	SLPS-01365
Klaymen Klaymen - Neverhood no Nazo (Japan)	Japan	SLPS-91116
Klaymen Klaymen 2 - Skullmonkey no Gyakushuu (Japan)	Japan	SLPS-01501
Klaymen Klaymen 2 - Skullmonkey no Gyakushuu (Japan)	Japan	SLPS-02147
Klonoa - Door to Phantomile (Europe)	Europe	SCES-00942
Klonoa - Door to Phantomile (France)	France	SCES-01185
Klonoa - Door to Phantomile (Germany)	Germany	SCES-01186
Klonoa - Door to Phantomile (Italy)	Italy	SCES-01187
Klonoa - Door to Phantomile (Spain)	Spain	SCES-01188
Klonoa - Door to Phantomile (USA)	USA	SLUS-00585
Klonoa Beach Volley - Saikyou Team Ketteisen! (Japan, Asia)	Japan	SCPS-45516
Klonoa Beach Volley - Saikyou Team Ketteisen! (Japan, Asia)	Japan	SLPS-03433
Klonoa Beach Volleyball (Europe) (En,Fr,De,Es,It)	Europe	SCES-03922
Knight & Baby (Japan)	Japan	SLPS-01531
Knockout Kings (USA)	USA	SLUS-00737
Knockout Kings 2000 (Europe)	Europe	SLES-02322
Knockout Kings 2000 (France)	France	SLES-02323
Knockout Kings 2000 (USA)	USA	SLUS-00993
Knockout Kings 2001 (Europe)	Europe	SLES-03121
Knockout Kings 2001 (France)	France	SLES-03122
Knockout Kings 2001 (USA)	USA	SLUS-01269
Knockout Kings 99 (Europe)	Europe	SLES-01448
Knockout Kings 99 (France)	France	SLES-01450
Kochira Katsushika-ku Kameari Kouen-mae Hashutsujo - High-Tech Buil Shinkou Soshi Sakusen! no Maki (Japan)	Japan	SLPS-00922
Kogepan - Pan mo Game o Yarurashii... (Japan)	Japan	SLPS-03499
Koguma-chan no Daibouken (Japan)	Japan	SLPM-80195
Koiyohou (Japan)	Japan	SLPM-86847
Kojima Takeo - Mahjong Teiou (Japan)	Japan	SLPS-00362
Kojin Kyouju - La Lecon Particuliere (Japan)	Japan	SLPS-01354
Koko Hore! Pukka (Japan)	Japan	SCPS-10133
Kokumeikan (Japan)	Japan	SLPS-00249
Kokumeikan (Japan) (Rev 1)	Japan	SLPS-91033
Komotchi (Japan)	Japan	SLPS-03121
Kon'ya mo Dorubako!! (Japan)	Japan	SLPS-01894
Kon'ya mo Dorubako!! 2000 (Japan)	Japan	SLPS-02547
Kon'ya mo Dorubako!! 2001 (Japan)	Japan	SLPS-03328
Konami 80's Arcade Gallery (Japan)	Japan	SLPM-86228
Konami Antiques - MSX Collection Vol. 1 (Japan)	Japan	SLPM-86052
Konami Antiques - MSX Collection Vol. 2 (Japan)	Japan	SLPM-86062
Konami Antiques - MSX Collection Vol. 3 (Japan, Asia)	Japan	SCPS-45205
Konami Antiques - MSX Collection Vol. 3 (Japan, Asia)	Japan	SLPM-86072
Konami Arcade Classics (USA)	USA	SLUS-00945
Konami Best Collection - '96 Fuyu-'97 Haru-ban (Japan)	Japan	SLPM-80081
Konami Open Golf (Europe)	Europe	SLES-00337
Koneko mo Issho (Japan)	Japan	SCPS-10127
Konohana - TrueReport (Japan)	Japan	SLPM-86791
Konohana - TrueReport (Japan)	Japan	SLPM-87075
KoroKoro Post nin (Japan)	Japan	SLPS-03479
Kosodate Quiz Motto My Angel (Japan)	Japan	SLPS-01885
Kosodate Quiz My Angel (Japan)	Japan	SLPS-00970
Kosodate Quiz My Angel (Japan) (Rev 1)	Japan	SLPS-00970
Koten Tsumego-shuu - Shijin no Maki (Japan)	Japan	SLPS-00159
Koten Tsumego-shuu - Shijin no Maki (Japan)	Japan	SLPS-02593
Kotobuki Grand Prix (Europe)	Europe	SLES-04007
Kotobuki Grand Prix - Mezase! Genchari King (Japan)	Japan	SLPM-86926
Kotobuki Grand Prix - Mezase! Genchari King (Japan)	Japan	SLPS-01941
Koudelka (Europe) (Disc 1)	Europe	SLES-02897
Koudelka (Europe) (Disc 2)	Europe	SLES-12897
Koudelka (Europe) (Disc 3)	Europe	SLES-22897
Koudelka (Europe) (Disc 4)	Europe	SLES-32897
Koudelka (France) (Disc 1)	France	SLES-02898
Koudelka (France) (Disc 2)	France	SLES-12898
Koudelka (France) (Disc 3)	France	SLES-22898
Koudelka (France) (Disc 4)	France	SLES-32898
Koudelka (Germany) (Disc 1)	Germany	SLES-02899
Koudelka (Germany) (Disc 2)	Germany	SLES-12899
Koudelka (Germany) (Disc 3)	Germany	SLES-22899
Koudelka (Germany) (Disc 4)	Germany	SLES-32899
Koudelka (Italy) (Disc 1)	Italy	SLES-02900
Koudelka (Italy) (Disc 2)	Italy	SLES-12900
Koudelka (Italy) (Disc 3)	Italy	SLES-22900
Koudelka (Italy) (Disc 4)	Italy	SLES-32900
Koudelka (Japan) (Disc 1)	Japan	SLPS-02460
Koudelka (Japan) (Disc 2)	Japan	SLPS-02461
Koudelka (Japan) (Disc 3)	Japan	SLPS-02462
Koudelka (Japan) (Disc 4)	Japan	SLPS-02463
Koudelka (Spain) (Disc 1)	Spain	SLES-02901
Koudelka (Spain) (Disc 2)	Spain	SLES-12901
Koudelka (Spain) (Disc 3)	Spain	SLES-22901
Koudelka (Spain) (Disc 4)	Spain	SLES-32901
Koudelka (USA) (Disc 1)	USA	SLUS-01051
Koudelka (USA) (Disc 2)	USA	SLUS-01100
Koudelka (USA) (Disc 3)	USA	SLUS-01101
Koudelka (USA) (Disc 4)	USA	SLUS-01102
Kougien CD-ROM 2000-nen Natsu-ban (Japan)	Japan	SLPM-80567
Koukai Sarenakatta Shuki (Japan)	Japan	SLPS-00684
Koukaku Kidoutai - Ghost in the Shell (Japan, Asia)	Japan	SCPS-10043
Koukaku Kidoutai - Ghost in the Shell (Japan, Asia)	Japan	SCPS-45092
Koukidou Gensou - Gunparade March (Japan)	Japan	SCPS-10136
Kouklotheatro - Yuukyuu no Hitomi (Japan)	Japan	SLPS-03283
Koukyaku Kikou Shidan - Bein Panzer (Japan)	Japan	SCPS-10137
Kouni Shougun (Japan)	Japan	SLPS-02955
Kouryuu Sangoku Engi (Japan)	Japan	SLPS-00577
Kouryuuki (Japan)	Japan	SLPS-01338
Koushien V (Japan)	Japan	SLPS-00729
Koushien V (Japan)	Japan	SLPS-02565
Koutetsu Reiiki - Steeldom (Japan)	Japan	SLPS-00431
Kouyasai - A Sherd of Youthful Memories (Japan)	Japan	SLPS-01775
Kowai Shashin - Shinrei Shashin Kitan (Japan)	Japan	SLPS-03454
Kowloon's Gate (Japan) (Special Disc)	Japan	SLPM-80080
Kowloon's Gate - Kowloon Fuusuiden (Japan) (Disc 1) (Byakko)	Japan	SLPS-00706
Kowloon's Gate - Kowloon Fuusuiden (Japan) (Disc 1) (Byakko) (Artdink Best Choice)	Japan	SLPS-02975
Kowloon's Gate - Kowloon Fuusuiden (Japan) (Disc 2) (Genbu)	Japan	SLPS-00707
Kowloon's Gate - Kowloon Fuusuiden (Japan) (Disc 2) (Genbu) (Artdink Best Choice)	Japan	SLPS-02976
Kowloon's Gate - Kowloon Fuusuiden (Japan) (Disc 3) (Suzaku)	Japan	SLPS-00708
Kowloon's Gate - Kowloon Fuusuiden (Japan) (Disc 3) (Suzaku) (Artdink Best Choice)	Japan	SLPS-02977
Kowloon's Gate - Kowloon Fuusuiden (Japan) (Disc 4) (Seiryuu)	Japan	SLPS-00709
Kowloon's Gate - Kowloon Fuusuiden (Japan) (Disc 4) (Seiryuu) (Artdink Best Choice)	Japan	SLPS-02978
Kowloon's Gate - Kowloon Fuusuiden (Japan, Asia) (Disc 1) (Byakko) (Shokai Genteiban)	Japan	SCPS-45014
Kowloon's Gate - Kowloon Fuusuiden (Japan, Asia) (Disc 1) (Byakko) (Shokai Genteiban)	Japan	SLPS-00669
Kowloon's Gate - Kowloon Fuusuiden (Japan, Asia) (Disc 2) (Genbu) (Shokai Genteiban)	Japan	SCPS-45015
Kowloon's Gate - Kowloon Fuusuiden (Japan, Asia) (Disc 2) (Genbu) (Shokai Genteiban)	Japan	SLPS-00670
Kowloon's Gate - Kowloon Fuusuiden (Japan, Asia) (Disc 3) (Suzaku) (Shokai Genteiban)	Japan	SCPS-45016
Kowloon's Gate - Kowloon Fuusuiden (Japan, Asia) (Disc 3) (Suzaku) (Shokai Genteiban)	Japan	SLPS-00671
Kowloon's Gate - Kowloon Fuusuiden (Japan, Asia) (Disc 4) (Seiryuu) (Shokai Genteiban)	Japan	SCPS-45017
Kowloon's Gate - Kowloon Fuusuiden (Japan, Asia) (Disc 4) (Seiryuu) (Shokai Genteiban)	Japan	SLPS-00672
Kowloon-jou (Japan)	Japan	SLPS-03063
Krazy Ivan (Europe)	Europe	SLES-00084
Krazy Ivan (France)	France	SLES-00128
Krazy Ivan (Germany)	Germany	SLES-00127
Krazy Ivan (Italy)	Italy	SLES-00125
Krazy Ivan (Japan)	Japan	SLPS-00492
Krazy Ivan (Spain)	Spain	SLES-00126
Krazy Ivan (USA)	USA	SCUS-94303
Kula World (Europe)	Europe	SCES-01000
KulaQuest (Japan)	Japan	SCPS-10064
Kuma no Pooh-tarou - Sora wa Pink da! Zen'in Shuugou!! (Japan)	Japan	SLPS-00115
Kumitate Battle Kuttu Ketto (Japan)	Japan	SLPS-01208
Kunoichi Torimonochou (Japan)	Japan	SLPS-01773
Kuon no Kizuna (Japan)	Japan	SLPS-01676
Kurashi Iki! Iki! PlayStation Welcome Disc (Japan)	Japan	PAPX-90045
Kuro no Juusan (Japan)	Japan	SLPS-00505
Kuro no Juusan (Japan)	Japan	SLPS-02811
Kuro no Ken - Blade of the Darkness (Japan)	Japan	SLPS-01030
Kuroi Hitomi no Noir - Cielgris Fantasm (Japan)	Japan	SLPS-01450
Kurt Warner's Arena Football Unleashed (USA)	USA	SLUS-01125
Kuru Kuru Cube (Japan)	Japan	SLPM-86634
Kuru Kuru Maru Maru (Japan)	Japan	SLPM-86785
Kuru Kuru Panic (Japan)	Japan	SLPS-00651
Kuru Kuru Twinkle - Onegai Ohoshi-sama (Japan)	Japan	SLPS-00432
Kurumi Miracle (Japan)	Japan	SLPS-00786
Kururin Pa! (Japan)	Japan	SLPS-00066
Kurushi (Europe) (En,Fr,De,Es,It)	Europe	SCES-00866
Kurushi Final (Europe)	Europe	SCES-02009
Kurushi Final (France)	France	SCES-02010
Kurushi Final (Germany)	Germany	SCES-02011
Kurushi Final (Italy)	Italy	SCES-02012
Kurushi Final (Spain)	Spain	SCES-02013
Kuubo Senki (Japan)	Japan	SLPS-01854
Kyaiin no Tanoshi Mail - PS. I Love You (Japan)	Japan	SLPM-86447
Kyoro-chan no Prikura Daisakusen (Japan)	Japan	SLPS-01692
Kyoto Maiko Monogatari (Japan)	Japan	SLPS-03193
Kyoufu Shinbun (Japan)	Japan	SLPS-00503
Kyousouba Ikusei Simulation - Derby Stallion (Japan)	Japan	SLPS-00777
Kyousouba Ikusei Simulation - Derby Stallion (Japan) (Rev 1)	Japan	SLPS-00777
Kyousouba Ikusei Simulation - Derby Stallion 99 (Japan)	Japan	SLPS-02299
Kyoutei Wars Makuru 6 (Japan)	Japan	SLPS-03451
Kyuiin (Japan)	Japan	SLPS-00214
Kyuiin (Japan)	Japan	SLPS-02628
Kyuu-bakku (Japan)	Japan	SLPS-00622
Kyuukyoku no Soukoban (Japan)	Japan	SLPS-00475
Kyuutenkai (Japan)	Japan	SLPS-00031
L no Kisetsu - A Piece of Memories (Japan)	Japan	SLPS-02204
L no Kisetsu - A Piece of Memories (Japan) (Shokai Genteiban)	Japan	SLPS-02203
LEGO Eiland 2 - De Wraak van Dondersteen (Netherlands)	Netherlands	SLES-03301
LEGO Insel 2 - Der Steinbrecher kehrt zurueck (Germany)	Germany	SLES-03304
LEGO Island 2 - The Brickster's Revenge (Europe)	Europe	SLES-03299
LEGO Island 2 - The Brickster's Revenge (Norway)	Norway	SLES-03306
LEGO Island 2 - The Brickster's Revenge (Portugal)	Portugal	SLES-03309
LEGO Island 2 - The Brickster's Revenge (Spain)	Spain	SLES-03307
LEGO Island 2 - The Brickster's Revenge (Sweden)	Sweden	SLES-03308
LEGO Island 2 - The Brickster's Revenge (USA)	USA	SLUS-01246
LEGO Isola 2 - La Rivincita del Briccone (Italy)	Italy	SLES-03305
LEGO Oen 2 - Kim Cool's Haevn (Denmark)	Denmark	SLES-03300
LEGO Racers (Europe) (En,Fr,De,Es,It,Nl,Sv,No,Da,Fi)	Europe	SLES-01207
LEGO Racers (USA) (En,Fr,De,Es,It,Nl,Sv,No,Da,Fi)	USA	SLUS-00581
LEGO Rock Raiders (Europe) (En,Fr,De,Es,It,Nl,Sv,No,Da,Fi)	Europe	SLES-01690
LEGO Rock Raiders (Europe) (En,Fr,De,Es,It,Nl,Sv,No,Da,Fi) (Rev 1)	Europe	SLES-01690
LEGO Rock Raiders (USA)	USA	SLUS-00937
LMA Manager (Europe)	Europe	SLES-01016
LMA Manager 2001 (Europe)	Europe	SLES-02975
LMA Manager 2002 (Europe)	Europe	SLES-03603
LNF Stars 2001 (France)	France	SLES-03064
LSD - Dream Emulator (Japan)	Japan	SLPS-01556
Lady Maid (Japan)	Japan	SLPM-87157
Lagnacure (Japan) (Artdink Best Choice)	Japan	SLPS-02833
Lagnacure (Japan, Asia)	Japan	SCPS-45120
Lagnacure (Japan, Asia)	Japan	SLPS-01009
Lagnacure Legend (Japan)	Japan	SLPS-02832
Lake Masters (Japan)	Japan	SLPS-00408
Lake Masters (Japan)	Japan	SLPS-01608
Lake Masters 2 - Bass Fishing in Japan (Japan)	Japan	SLPS-01342
Lake Masters 2 - Bass Fishing in Japan (Japan) (Fukkokuban)	Japan	SLPS-02069
Lake Masters Pro - Nihon Juudan Kuromasu Kikou (Japan)	Japan	SLPS-02177
Lake Masters Pro - Nihon Juudan Kuromasu Kikou (Japan)	Japan	SLPS-91420
Lalala PlayStation Trial Disc - 1998 Summer (Japan)	Japan	PAPX-90052
Land Before Time, The - Big Water Adventure (Europe)	Europe	SLES-04055
Land Before Time, The - Big Water Adventure (USA)	USA	SLUS-01481
Land Before Time, The - Great Valley Racing Adventure (Korea)	Korea	SLPM-88504
Land Before Time, The - Great Valley Racing Adventure (USA)	USA	SLUS-01213
Land Before Time, The - Racing Adventure (Europe) (En,Fr,De,Es,It)	Europe	SLES-03448
Land Before Time, The - Return to the Great Valley (Europe)	Europe	SLES-02981
Land Before Time, The - Return to the Great Valley (USA)	USA	SLUS-01043
Land Maker (Europe)	Europe	SLES-02682
Land Maker (Japan)	Japan	SLPM-86394
Langrisser I & II (Japan)	Japan	SLPM-86798
Langrisser I & II (Japan)	Japan	SLPS-00897
Langrisser I & II (Japan)	Japan	SLPS-01822
Langrisser I & II (Japan) (Shokai Gentei Special Package)	Japan	SLPS-00896
Langrisser IV & V - Final Edition (Japan) (Disc 1) (Langrisser IV Disc)	Japan	SLPS-01818
Langrisser IV & V - Final Edition (Japan) (Disc 2) (Langrisser V Disc)	Japan	SLPS-01819
Largo Winch - Commando SAR (Europe) (En,De,Es,It)	Europe	SLES-03688
Largo Winch - Commando SAR (France)	France	SLES-03687
Largo Winch - Commando SAR (USA)	USA	SLUS-01441
Las Vegas Dream 2 (Japan)	Japan	SLPS-00732
Last Report, The (Europe) (De,Nl)	Europe	SLES-00020
Last Report, The (Europe) (En,Fr)	Europe	SLES-00889
Last Report, The (Europe) (Es,It)	Europe	SLES-00029
Last Report, The (Japan)	Japan	SLPS-00923
Lattice - 200EC7 (Japan)	Japan	SLPM-86491
Le Mans 24 Hours (Europe) (En,Fr,De,Es,It,Pt)	Europe	SLES-01362
Leading Jockey '99 (Japan)	Japan	SLPS-01886
Leading Jockey Highbred (Japan)	Japan	SLPS-00348
Legacy of Kain - Soul Reaver (Europe)	Europe	SLES-01301
Legacy of Kain - Soul Reaver (France)	France	SLES-02024
Legacy of Kain - Soul Reaver (Germany)	Germany	SLES-02025
Legacy of Kain - Soul Reaver (Italy)	Italy	SLES-02027
Legacy of Kain - Soul Reaver (Spain)	Spain	SLES-02026
Legacy of Kain - Soul Reaver (USA)	USA	SLUS-00708
Legaia Densetsu (Japan)	Japan	SCPS-10059
Legend (Europe)	Europe	SLES-00730
Legend of Dragoon, The (Europe) (Disc 1)	Europe	SCES-03043
Legend of Dragoon, The (Europe) (Disc 2)	Europe	SCES-13043
Legend of Dragoon, The (Europe) (Disc 3)	Europe	SCES-23043
Legend of Dragoon, The (Europe) (Disc 4)	Europe	SCES-33043
Legend of Dragoon, The (France) (Disc 1)	France	SCES-03044
Legend of Dragoon, The (France) (Disc 2)	France	SCES-13044
Legend of Dragoon, The (France) (Disc 3)	France	SCES-23044
Legend of Dragoon, The (France) (Disc 4)	France	SCES-33044
Legend of Dragoon, The (Germany) (Disc 1)	Germany	SCES-03045
Legend of Dragoon, The (Germany) (Disc 2)	Germany	SCES-13045
Legend of Dragoon, The (Germany) (Disc 3)	Germany	SCES-23045
Legend of Dragoon, The (Germany) (Disc 4)	Germany	SCES-33045
Legend of Dragoon, The (Italy) (Disc 1)	Italy	SCES-03046
Legend of Dragoon, The (Italy) (Disc 2)	Italy	SCES-13046
Legend of Dragoon, The (Italy) (Disc 3)	Italy	SCES-23046
Legend of Dragoon, The (Italy) (Disc 4)	Italy	SCES-33046
Legend of Dragoon, The (Japan, Asia) (Disc 1)	Japan	SCPS-10119
Legend of Dragoon, The (Japan, Asia) (Disc 1)	Japan	SCPS-45461
Legend of Dragoon, The (Japan, Asia) (Disc 2)	Japan	SCPS-10120
Legend of Dragoon, The (Japan, Asia) (Disc 2)	Japan	SCPS-45462
Legend of Dragoon, The (Japan, Asia) (Disc 3)	Japan	SCPS-10121
Legend of Dragoon, The (Japan, Asia) (Disc 3)	Japan	SCPS-45463
Legend of Dragoon, The (Japan, Asia) (Disc 4)	Japan	SCPS-10122
Legend of Dragoon, The (Japan, Asia) (Disc 4)	Japan	SCPS-45464
Legend of Dragoon, The (Spain) (Disc 1)	Spain	SCES-03047
Legend of Dragoon, The (Spain) (Disc 2)	Spain	SCES-13047
Legend of Dragoon, The (Spain) (Disc 3)	Spain	SCES-23047
Legend of Dragoon, The (Spain) (Disc 4)	Spain	SCES-33047
Legend of Dragoon, The (USA, Canada) (Disc 1)	USA	SCUS-94491
Legend of Dragoon, The (USA, Canada) (Disc 2)	USA	SCUS-94584
Legend of Dragoon, The (USA, Canada) (Disc 3)	USA	SCUS-94585
Legend of Dragoon, The (USA, Canada) (Disc 4)	USA	SCUS-94586
Legend of Foresia - La Contree Interdite (France)	France	SLES-01273
Legend of Heroes I & II, The - Eiyuu Densetsu (Japan)	Japan	SLPS-01323
Legend of Heroes III, The - Shiroki Majo - Mou Hitotsu no Eiyuutachi no Monogatari (Japan)	Japan	SLPS-01201
Legend of Heroes IV, The - Akai Shizuku (Japan)	Japan	SLPS-01540
Legend of Kartia (Europe) (En,Fr,De)	Europe	SLES-01710
Legend of Legaia (Europe)	Europe	SCES-01752
Legend of Legaia (France)	France	SCES-01944
Legend of Legaia (Germany)	Germany	SCES-01945
Legend of Legaia (Italy)	Italy	SCES-01946
Legend of Legaia (Spain)	Spain	SCES-01947
Legend of Legaia (USA)	USA	SCUS-94254
Legend of Mana (USA)	USA	SLUS-01013
Legend of Mulan (Europe) (En,Fr,De)	Europe	SLES-04145
Legend of Pocahontas (Europe) (En,De,Nl)	Europe	SLES-02955
Lemmings & Oh No! More Lemmings (Europe) (En,Fr,De,Es,It)	Europe	SLES-01461
Lemmings & Oh No! More Lemmings (USA)	USA	SLUS-00760
Lethal Enforcers (Europe)	Europe	SLES-00542
Lethal Enforcers Deluxe Pack (Japan)	Japan	SLPM-86025
Lethal Enforcers I & II (USA)	USA	SLUS-00293
LiberoGrande (Europe)	Europe	SCES-01430
LiberoGrande (Japan)	Japan	SLPS-01681
LiberoGrande 2 (Japan)	Japan	SLPS-02950
Liberogrande International (Europe) (En,Fr,De,Es,It)	Europe	SCES-03254
LifeScape - Seimei 40-okunen Haruka na Tabi (Japan) (Disc 1) (Aquasphere)	Japan	SLPS-00185
LifeScape - Seimei 40-okunen Haruka na Tabi (Japan) (Disc 2) (Landsphere)	Japan	SLPS-00186
LifeScape 2 - Body Bionics - Kyoui no Shouuchuu Jintai (Japan)	Japan	SLPS-00629
Lifeforce Tenka (Europe)	Europe	SLES-00613
Lifeforce Tenka (France)	France	SLES-00614
Lifeforce Tenka (Germany)	Germany	SLES-00615
Lifeforce Tenka (Italy)	Italy	SLES-00616
Lifeforce Tenka (Spain)	Spain	SLES-00617
Light Fantasy Gaiden - Nya Nyan ga Nyan (Japan)	Japan	SLPS-02336
Lightning Legend - Daigo no Daibouken (Japan)	Japan	SLPM-86015
Linda^3 Again (Japan)	Japan	SCPS-10039
Linda^3 Again (Japan) (Rev 1)	Japan	SCPS-10039
Linda^3 Again (Japan) (Rev 1)	Japan	SCPS-91142
Ling Rise (Japan)	Japan	SLPS-01769
Lion and the King (Europe) (En,Fr,De)	Europe	SLES-02953
Lion and the King 2 (Europe) (En,Fr,De)	Europe	SLES-04065
Little Big Adventure (Europe) (En,Fr,De,Es,It)	Europe	SLES-00698
Little Big Adventure (Japan)	Japan	SLPS-00376
Little Lovers - She So Game (Japan) (Disc 1)	Japan	SLPM-86757
Little Lovers - She So Game (Japan) (Disc 2)	Japan	SLPM-86758
Little Princess - Marl Oukoku no Ningyou-hime 2 (Japan)	Japan	SLPS-02376
Little Princess - Marl Oukoku no Ningyou-hime 2 (Japan) (Disc 1) (+1 Tasu Ichi)	Japan	SLPS-03012
Little Princess - Marl Oukoku no Ningyou-hime 2 (Japan) (Disc 1) (+1 Tasu Ichi)	Japan	SLPS-91414
Little Princess - Marl Oukoku no Ningyou-hime 2 (Japan) (Disc 2) (+1 Tasu Ichi)	Japan	SLPS-03013
Live Wire! (Europe) (En,Fr,De,Es,It)	Europe	SLES-01332
Livro da Selva, O - Uma Festa Divertida (Portugal)	Portugal	SCES-03031
Loaded (Europe) (En,Fr,De)	Europe	SLES-00013
Loaded (USA) (En,Fr)	USA	SLUS-00076
Lode Runner (USA)	USA	SLUS-00557
Lode Runner - The Legend Returns (Japan)	Japan	SLPS-00182
Lode Runner Extra (Japan)	Japan	SLPS-00641
Logic Mahjong Souryuu - Yonin Uchi, Sannin Uchi (Japan)	Japan	SLPS-02880
Logic Pro Adventure (Japan)	Japan	SLPS-03011
Logic Puzzle Rainbow Town (Japan)	Japan	SLPS-00268
Lomax (Europe) (En,Fr,De,Es,It)	Europe	SLES-00451
Lomax (Japan)	Japan	SLPS-00987
London Racer (Europe)	Europe	SLES-02694
London Racer II (Europe)	Europe	SLES-03822
London Seirei Tanteidan (Japan)	Japan	SLPS-01787
Lone Soldier (Europe)	Europe	SLES-00131
Lone Soldier (Germany)	Germany	SLES-00142
Lone Soldier (Japan)	Japan	SLPS-00322
Lone Soldier + Actua Soccer + Total NBA '96 + Mickey's Wild Adventure + Thunderhawk 2 + Assault Rigs (France)	France	SCES-00277
Looney Tunes - Sheep Raider (USA) (En,Fr,Es,Pt)	USA	SLUS-01369
Looney Tunes Racing (Europe) (En,Fr,De,Es,It)	Europe	SLES-03127
Looney Tunes Racing (USA) (En,Fr,Es)	USA	SLUS-01145
Lord Monarch - Shin Gaia Oukokuki (Japan)	Japan	SLPS-01728
Lord Monarch - Shin Gaia Oukokuki (Japan) (Major Wave)	Japan	SLPM-86524
Lord of Fist (Japan)	Japan	SLPS-02168
Lord of Monsters (Japan)	Japan	SCPS-10086
Lord of the Jungle (Europe) (En,Fr,De,Nl)	Europe	SLES-02951
Lost Children - The City of Lost Children (Japan)	Japan	SLPS-00971
Lost Sword - Ushinawareta Seiken (Japan)	Japan	SLPS-01307
Lost Vikings 2 - Norse by Norsewest (Europe) (En,Fr,De)	Europe	SLES-00057
Lost World, The - Jurassic Park (Europe) (En,Fr,De,Es,It,Nl,Sv)	Europe	SLES-00903
Lost World, The - Jurassic Park (Europe) (En,Fr,De,Es,It,Nl,Sv) (EDC)	Europe	SLES-00903
Lost World, The - Jurassic Park (Japan)	Japan	SLPS-01099
Lost World, The - Jurassic Park (USA)	USA	SLUS-00515
Lost World, The - Jurassic Park - Special Edition (USA)	USA	SLUS-00515
Louvre - A Maldicao (Portugal) (Disc 1)	Portugal	SLES-03159
Louvre - A Maldicao (Portugal) (Disc 2)	Portugal	SLES-13159
Louvre - L'Ultime Malediction (France) (Disc 1)	France	SLES-03174
Louvre - L'Ultime Malediction (France) (Disc 2)	France	SLES-13174
Louvre - La Maldicion Final (Spain) (Disc 1)	Spain	SLES-03161
Louvre - La Maldicion Final (Spain) (Disc 2)	Spain	SLES-13161
Louvre - La Maledizione Finale (Italy) (Disc 1)	Italy	SLES-03160
Louvre - La Maledizione Finale (Italy) (Disc 2)	Italy	SLES-13160
Louvre - The Final Curse (Europe) (Disc 1)	Europe	SLES-03158
Louvre - The Final Curse (Europe) (Disc 2)	Europe	SLES-13158
Love & Destroy (Japan)	Japan	SCPS-10124
Love Game's - Wai Wai Tennis (Japan)	Japan	SLPS-00686
Love Game's - Wai Wai Tennis (Japan) (Major Wave)	Japan	SLPM-86541
Love Game's - Wai Wai Tennis (Japan) (Service Price-ban)	Japan	SLPS-01647
Love Game's - Wai Wai Tennis 2 (Japan)	Japan	SLPS-02510
Love Game's - Wai Wai Tennis 2 (Japan) (Value 1500)	Japan	SLPS-02983
Love Game's - Wai Wai Tennis Plus (Japan)	Japan	SLPM-86899
Love Hina - Ai wa Kotoba no Naka ni (Japan)	Japan	SLPM-86652
Love Hina 2 - Kotoba wa Konayuki no You ni (Japan)	Japan	SLPM-86677
Love Para - Lovely Tokyo Para-Para Musume (Japan)	Japan	SLPS-03097
Love Therapy (Japan)	Japan	SLPS-01370
Love^2 Torokko (Japan)	Japan	SLPS-02112
LuLu - Un Conte Interactif de Romain Victor-Pujebet (Japan)	Japan	SLPS-00560
Lucifer Ring (Japan)	Japan	SLPS-01784
Luciferd (Japan)	Japan	SLPS-00811
Lucky Luke (Europe) (En,Fr,De,Es)	Europe	SLES-00943
Lucky Luke (Japan)	Japan	SLPS-01674
Lucky Luke (USA)	USA	SLUS-00719
Lucky Luke - Western Fever (Europe) (En,Fr,De,Es,It,Nl)	Europe	SLES-03530
Luftwaffe - Deutsch Kuugun o Shiki seyo (Japan)	Japan	SLPS-01832
Lunar - Silver Star Story (Japan, Asia) (Disc 1)	Japan	SCPS-45249
Lunar - Silver Star Story (Japan, Asia) (Disc 1)	Japan	SLPS-01397
Lunar - Silver Star Story (Japan, Asia) (Disc 1)	Japan	SLPS-91129
Lunar - Silver Star Story (Japan, Asia) (Disc 2)	Japan	SCPS-45250
Lunar - Silver Star Story (Japan, Asia) (Disc 2)	Japan	SLPS-01398
Lunar - Silver Star Story (Japan, Asia) (Disc 2)	Japan	SLPS-91130
Lunar - Silver Star Story Complete (USA) (Disc 1)	USA	SLUS-00628
Lunar - Silver Star Story Complete (USA) (Disc 2)	USA	SLUS-00899
Lunar - Silver Star Story Complete (USA) (The Making of)	USA	SLUS-00921
Lunar 2 - Eternal Blue (Japan) (Disc 1)	Japan	SLPS-02081
Lunar 2 - Eternal Blue (Japan) (Disc 1)	Japan	SLPS-02966
Lunar 2 - Eternal Blue (Japan) (Disc 2)	Japan	SLPS-02082
Lunar 2 - Eternal Blue (Japan) (Disc 2)	Japan	SLPS-02967
Lunar 2 - Eternal Blue (Japan) (Disc 3)	Japan	SLPS-02083
Lunar 2 - Eternal Blue (Japan) (Disc 3)	Japan	SLPS-02968
Lunar 2 - Eternal Blue Complete (USA) (Disc 1)	USA	SLUS-01071
Lunar 2 - Eternal Blue Complete (USA) (Disc 2)	USA	SLUS-01239
Lunar 2 - Eternal Blue Complete (USA) (Disc 3)	USA	SLUS-01240
Lunar 2 - Eternal Blue Complete (USA) (The Making of)	USA	SLUS-01257
Lunar Wing - Toki o Koeta Seisen (Japan)	Japan	SLPM-86777
Lunatic Dawn - Odyssey (Japan)	Japan	SLPS-02420
Lunatic Dawn - Odyssey (Japan)	Japan	SLPS-02957
Lunatic Dawn III & Susume! Kaizoku Promotion Disc (Japan)	Japan	SLPM-80353
Lunatic Dawn III (Japan)	Japan	SLPS-01749
Lunatic Dawn III (Japan)	Japan	SLPS-02537
Lupin 3sei (Japan)	Japan	SLPS-01402
Lupin 3sei - Cagliostro no Shiro - Saikai (Japan) (Disc 1)	Japan	SLPS-00535
Lupin 3sei - Cagliostro no Shiro - Saikai (Japan) (Disc 1)	Japan	SLPS-91060
Lupin 3sei - Cagliostro no Shiro - Saikai (Japan) (Disc 2)	Japan	SLPS-00536
Lupin 3sei - Cagliostro no Shiro - Saikai (Japan) (Disc 2)	Japan	SLPS-91061
Lupin 3sei - Cagliostro no Shiro - Saikai (Japan) (Disc 3)	Japan	SLPS-00537
Lupin 3sei - Cagliostro no Shiro - Saikai (Japan) (Disc 3)	Japan	SLPS-91062
Lussan Nathhorst Presenterar Riding Star (Sweden)	Sweden	SLES-02720
M&M's - Shell Shocked (Europe)	Europe	SLES-03999
M&M's - Shell Shocked (France)	France	SLES-04001
M&M's - Shell Shocked (Germany)	Germany	SLES-04002
M&M's - Shell Shocked (USA)	USA	SLUS-01306
M-6 PlayStation Demo (France)	France	SCED-01713
M6 PlayStation - Best of '99 Vol. 1 (France)	France	SCED-02121
M6 PlayStation - Best of '99 Vol. 2 (France)	France	SCED-02419
M6 PlayStation - Special Kids (France)	France	SCED-02570
M6 Turbo Racing (France)	France	SLES-00980
MDK (Europe) (En,Fr,De,Es,It)	Europe	SLES-00599
MDK (Japan)	Japan	SCPS-10052
MDK (USA)	USA	SLUS-00426
MGG - Manic Game Girl (Korea)	Korea	SLPM-88501
MIP Club Demo 01 (Germany)	Germany	SCED-01189
MIP Club Demo 02 (Germany)	Germany	SCED-01190
MLB 2000 (USA)	USA	SCUS-94359
MLB 2001 (USA)	USA	SCUS-94478
MLB 2002 (USA)	USA	SCUS-94638
MLB 2003 (USA)	USA	SCUS-94653
MLB 2004 (USA)	USA	SCUS-94689
MLB 2005 (USA)	USA	SCUS-94692
MLB 98 (USA)	USA	SCUS-94170
MLB 99 (USA)	USA	SCUS-94233
MLB Pennant Race (USA)	USA	SCUS-94507
MTB Dirt Cross (Japan)	Japan	SLPS-01467
MTV Celebrity Deathmatch (Europe) (En,Fr,De,Es,It)	Europe	SLES-03967
MTV Celebrity Deathmatch (USA)	USA	SLUS-01453
MTV Music Generator (USA)	USA	SLUS-01006
MTV Sports - Pure Ride (Europe) (En,Fr,De)	Europe	SLES-03162
MTV Sports - Pure Ride (USA)	USA	SLUS-01231
MTV Sports - Skateboarding featuring Andy Macdonald (Europe)	Europe	SLES-03133
MTV Sports - Skateboarding featuring Andy Macdonald (USA)	USA	SCUS-01232
MTV Sports - Snowboarding (Europe)	Europe	SLES-02353
MTV Sports - Snowboarding (USA)	USA	SLUS-00990
MTV Sports - T.J. Lavin's Ultimate BMX (Europe)	Europe	SLES-03430
MTV Sports - T.J. Lavin's Ultimate BMX (USA)	USA	SLUS-01233
Maboroshi Tsukiyo - Tsukiyono Kitan (Japan) (Disc 1)	Japan	SLPS-02705
Maboroshi Tsukiyo - Tsukiyono Kitan (Japan) (Disc 2)	Japan	SLPS-02706
Mach GoGoGo (Japan)	Japan	SLPS-00295
Machine Head (USA)	USA	SLUS-00383
Machine Hunter (Europe)	Europe	SLES-00630
Machine Hunter (France)	France	SLES-00830
Machine Hunter (Germany)	Germany	SLES-00831
Machine Hunter (Italy)	Italy	SLES-00832
Machine Hunter (Spain)	Spain	SLES-00833
Machine Hunter (USA)	USA	SLUS-00470
Macross Digital Mission VF-X (Japan)	Japan	SLPS-00386
Macross Digital Mission VF-X (Japan) (Rev 1)	Japan	SLPS-91058
Macross Plus - Game Edition (Japan)	Japan	SLPS-02791
Macross VF-X2 (Japan)	Japan	SLPS-02237
Mad Panic Coaster (Japan)	Japan	SLPS-00880
Mad Stalker - FullMetalForce (Japan)	Japan	SLPS-00734
Madden NFL 2000 (Europe)	Europe	SLES-02192
Madden NFL 2000 (USA)	USA	SLUS-00961
Madden NFL 2001 (Europe)	Europe	SLES-03067
Madden NFL 2001 (USA)	USA	SLUS-01241
Madden NFL 2002 (USA, Canada)	USA	SLUS-01402
Madden NFL 2003 (USA)	USA	SLUS-01482
Madden NFL 2004 (USA)	USA	SLUS-01570
Madden NFL 2005 (USA)	USA	SLUS-01584
Madden NFL 97 (Europe)	Europe	SLES-00436
Madden NFL 97 (USA)	USA	SLUS-00018
Madden NFL 98 (Europe)	Europe	SLES-00904
Madden NFL 98 (USA)	USA	SLUS-00516
Madden NFL 98 (USA) (Alt)	USA	SLUS-00516
Madden NFL 99 (Europe)	Europe	SLES-01427
Madden NFL 99 (USA)	USA	SLUS-00729
Maestromusic, The (Japan)	Japan	SLPM-86586
Maestromusic, The (Japan) (Doukonban)	Japan	SLPM-86585
Maestromusic, The - Encore Disc (Japan)	Japan	SLPM-86679
Maestromusic, The - Merry Christmas (Japan)	Japan	SLPM-86684
Magic - The Gathering - BattleMage (Europe)	Europe	SLES-00282
Magic - The Gathering - BattleMage (France)	France	SLES-00787
Magic - The Gathering - BattleMage (Germany)	Germany	SLES-00788
Magic - The Gathering - BattleMage (USA)	USA	SLUS-00247
Magic Carpet (Europe) (En,Fr,De,Es,Sv)	Europe	SLES-00211
Magic Carpet (Japan)	Japan	SLPS-00587
Magic Carpet (USA) (En,Fr,De,Es,Sv)	USA	SLUS-00029
Magic Johnson to Kareem Abdul-Jabbar no Slam 'n Jam '96 (Japan)	Japan	SLPS-00426
Magical Date - Doki Doki Kokuhaku Daisakusen (Japan)	Japan	SLPM-86619
Magical Date - Doki Doki Kokuhaku Daisakusen (Japan)	Japan	SLPS-01091
Magical Dice Kids (Japan)	Japan	SCPS-10135
Magical Drop (Japan)	Japan	SLPS-00201
Magical Drop F - Daibouken mo Rakujanai! (Japan)	Japan	SLPS-02337
Magical Drop F - Daibouken mo Rakujanai! (Japan) (Major Wave)	Japan	SLPM-86805
Magical Drop III (Europe) (En,Fr,De,Es,It,Nl) (Disc 1) (Magical Drop III)	Europe	SLES-02964
Magical Drop III (Europe) (En,Fr,De,Es,It,Nl) (Disc 2) (Magical Drop +1)	Europe	SLES-12964
Magical Drop III - Yokubari Tokudaigou! (Japan)	Japan	SLPM-86051
Magical Drop III - Yokubari Tokudaigou! (Japan)	Japan	SLPS-01917
Magical Drop Plus 1! (Japan)	Japan	SLPS-01918
Magical Hoppers (Japan)	Japan	SLPS-00737
Magical Medical (Japan)	Japan	SLPM-86099
Magical Tetris Challenge (Europe)	Europe	SCES-02154
Magical Tetris Challenge (Germany)	Germany	SCES-02175
Magical Tetris Challenge featuring Mickey (Japan)	Japan	SLPS-01786
Magical World of Disney on PlayStation, The (Europe)	Europe	SCED-03993
Magical Zunou Power!! Party Selection (Japan)	Japan	SLPS-01173
Magische Tetris Uitdaging (Netherlands)	Netherlands	SCES-02178
Mahjong Ganryuu-jima (Japan)	Japan	SLPS-00043
Mahjong Gokuu Tenjiku (Japan)	Japan	SLPS-00014
Mahjong Gokuu Tenjiku 99 (Japan)	Japan	SLPS-02098
Mahjong Senjutsu - Andou Mitsuru Pro no Akuukan Sappou (Japan)	Japan	SLPS-00364
Mahjong Station Mazin (Japan)	Japan	SLPS-00005
Mahjong Station Mazin (Japan) (Rev 1)	Japan	SLPS-00005
Mahjong Station Mazin (Japan) (Rev 1)	Japan	SLPS-01564
Mahjong Station Mazin (Japan) (Rev 1)	Japan	SLPS-02828
Mahjong Taikai II Special (Japan)	Japan	SLPS-00603
Mahjong Taikai II Special (Japan) (Rev 1)	Japan	SLPM-86993
Mahjong Toriatama Kikou (Japan)	Japan	SLPS-03064
Mahjong Uranai Fortuna - Tsuki no Megamitachi (Japan)	Japan	SLPS-03123
Mahjong Yarou ze! (Japan)	Japan	SLPM-86173
Mahjong Youchien Tamago-gumi 2 - Taikai e Ikou! (Japan)	Japan	SLPS-02956
Mahjong de Asobo (Japan)	Japan	SLPS-02995
Mahou Shoujo Fancy CoCo (Japan)	Japan	SLPS-00460
Mahou Shoujo Pretty Samy - Part 1 - In the Earth (Japan) (Disc 1) (Episode 23)	Japan	SLPS-00645
Mahou Shoujo Pretty Samy - Part 1 - In the Earth (Japan) (Disc 2) (Episode 24)	Japan	SLPS-00646
Mahou Shoujo Pretty Samy - Part 2 - In the Julyhelm (Japan) (Disc 1) (Episode 25)	Japan	SLPS-00760
Mahou Shoujo Pretty Samy - Part 2 - In the Julyhelm (Japan) (Disc 2) (Episode 26)	Japan	SLPS-00761
Mahoutsukai ni Naru Houhou (Japan)	Japan	SLPS-01754
Mainichi Nekoyoubi (Japan)	Japan	SLPS-01249
Majokko Daisakusen - Little Witching Mischiefs (Japan)	Japan	SLPS-01850
Makeruna! Makendou 2 (Japan)	Japan	SLPS-00128
Making of Nightruth, The (Japan)	Japan	SLPS-00562
Manager de Liga (Spain)	Spain	SLES-02402
Manager de Liga 2001 (Spain)	Spain	SLES-02979
Manager de Liga 2002 (Spain)	Spain	SLES-03607
Marble Master (USA)	USA	SLUS-01471
Marby Baby Story (Japan)	Japan	SLPS-01738
Marcel Desailly Pro Football (France)	France	SLES-03868
March Madness '98 (USA)	USA	SLUS-00526
Maria - Kimitachi ga Umareta Wake (Japan) (Disc 1)	Japan	SLPS-01136
Maria - Kimitachi ga Umareta Wake (Japan) (Disc 1)	Japan	SLPS-91100
Maria - Kimitachi ga Umareta Wake (Japan) (Disc 2)	Japan	SLPS-01137
Maria - Kimitachi ga Umareta Wake (Japan) (Disc 2)	Japan	SLPS-91101
Maria - Kimitachi ga Umareta Wake (Japan) (Disc 3)	Japan	SLPS-01138
Maria - Kimitachi ga Umareta Wake (Japan) (Disc 3)	Japan	SLPS-91102
Maria 2 - Jutai Kokuchi no Nazo (Japan) (Disc 1)	Japan	SLPS-02240
Maria 2 - Jutai Kokuchi no Nazo (Japan) (Disc 2)	Japan	SLPS-02241
Maria 2 - Jutai Kokuchi no Nazo (Japan) (Disc 3)	Japan	SLPS-02242
Marie no Atelier - Salburg no Renkinjutsushi (Japan)	Japan	SLPS-00856
Marie no Atelier Plus - Salburg no Renkinjutsushi (Japan)	Japan	SLPS-01418
Marie no Atelier Plus - Salburg no Renkinjutsushi (Japan)	Japan	SLPS-91179
Mario Mushano's Hyper Shogi School (Japan)	Japan	SLPS-00964
Marionette Company (Japan)	Japan	SLPM-86810
Marionette Company 2 Chu! (Japan)	Japan	SLPS-02743
Marionette Company 2 Chu! (Japan) (Major Wave)	Japan	SLPM-87004
Marl Jong!! (Japan)	Japan	SLPS-03538
Marl Jong!! (Japan) (Genteiban)	Japan	SLPS-03537
Marl Oukoku no Ningyou-hime - The Adventure of Puppet Princess (Japan)	Japan	SLPS-01734
Marl Oukoku no Ningyou-hime - The Adventure of Puppet Princess (Japan)	Japan	SLPS-02286
Marl Oukoku no Ningyou-hime - The Adventure of Puppet Princess (Japan) (Omake Disc)	Japan	SLPS-02287
Marl Oukoku no Ningyou-hime - The Adventure of Puppet Princess (Japan) (PSone Books)	Japan	SLPS-91415
Marranos en Guerra (Spain)	Spain	SLES-02768
Martialbeat (Japan)	Japan	SLPM-87014
Martialbeat 2 (Japan) (Disc 1) (Disc-B)	Japan	SLPM-87148
Martialbeat 2 (Japan) (Disc 1) (Disc-B) (Controller Doukon Set)	Japan	SLPM-87146
Martialbeat 2 (Japan) (Disc 2) (Disc-F)	Japan	SLPM-87149
Martialbeat 2 (Japan) (Disc 2) (Disc-F) (Controller Doukon Set)	Japan	SLPM-87147
Martian Gothic - Unification (Europe) (En,Fr,Es,It)	Europe	SLES-01350
Martian Gothic - Unification (Germany)	Germany	SLES-02998
Martian Gothic - Unification (USA)	USA	SLUS-01148
Marvel Super Heroes (Europe)	Europe	SLES-00932
Marvel Super Heroes (Japan)	Japan	SLPS-00763
Marvel Super Heroes (USA)	USA	SLUS-00257
Marvel Super Heroes vs. Street Fighter (Europe)	Europe	SLES-01792
Marvel Super Heroes vs. Street Fighter (USA)	USA	SLUS-00793
Marvel Super Heroes vs. Street Fighter - EX Edition (Japan)	Japan	SLPS-01915
Marvel Super Heroes vs. Street Fighter - EX Edition (Japan) (Taikenban)	Japan	SLPM-80376
Marvel Super Heroes vs. Street Fighter - EX Edition (Japan) (Taikenban)	Japan	SLPM-80382
Marvel vs. Capcom - Clash of Super Heroes (Europe)	Europe	SLES-02305
Marvel vs. Capcom - Clash of Super Heroes (USA)	USA	SLUS-01059
Marvel vs. Capcom - Clash of Super Heroes - EX Edition (Japan)	Japan	SLPS-02368
Mary King's Riding Star (Europe) (En,Fr,De,Es,It,Nl,Pt)	Europe	SLES-02379
Mary-Kate and Ashley - Crush Course (Europe)	Europe	SLES-03421
Mary-Kate and Ashley - Crush Course (USA)	USA	SLUS-01386
Mary-Kate and Ashley - Magical Mystery Mall (USA)	USA	SLUS-01121
Mary-Kate and Ashley - Winners Circle (Europe)	Europe	SLES-03378
Mary-Kate and Ashley - Winners Circle (USA)	USA	SLUS-01362
MasMon Kids - The Another World of the Master of Monsters (Japan)	Japan	SLPS-01426
MasMon Kids - The Another World of the Master of Monsters (Japan) (Major Wave)	Japan	SLPM-86520
Mass Destruction (Europe) (En,Fr,De,Es)	Europe	SLES-00098
Mass Destruction (USA)	USA	SLUS-00462
Master of Monsters - Akatsuki no Kenjatachi (Japan)	Japan	SLPS-00916
Master of Monsters - Akatsuki no Kenjatachi (Japan) (Major Wave)	Japan	SLPM-86542
Master of Monsters - Disciples of Gaia (Europe) (En,Fr,De)	Europe	SLES-00244
Master of Monsters - Disciples of Gaia (USA)	USA	SLUS-00595
Masters - Shin Harukanaru Augusta (Japan)	Japan	SLPS-00373
Masters - Shin Harukanaru Augusta (Japan)	Japan	SLPS-00842
Masters Fighter, The (Japan)	Japan	SLPS-00722
Mat Hoffman's Pro BMX (Europe, Australia)	Europe	SLES-03217
Mat Hoffman's Pro BMX (France)	France	SLES-03218
Mat Hoffman's Pro BMX (Germany)	Germany	SLES-03219
Mat Hoffman's Pro BMX (Japan)	Japan	SLPM-87119
Mat Hoffman's Pro BMX (USA)	USA	SLUS-01113
Match Golf, The (Japan)	Japan	SLPS-00178
Matsukata Hiroki no World Fishing (Japan)	Japan	SLPS-00198
Matsukata Hiroki no World Fishing (Japan) (BPS the Choice)	Japan	SLPS-02041
Matsumoto Reiji 999 - Story of Galaxy Express 999 (Japan) (Disc 1)	Japan	SLPS-03220
Matsumoto Reiji 999 - Story of Galaxy Express 999 (Japan) (Disc 2)	Japan	SLPS-03221
Mawatte Mucho! (Japan)	Japan	SLPS-01359
Max Power Racing (Europe)	Europe	SLES-01694
Max Surfing 2000 (Japan)	Japan	SLPS-02398
Max Surfing 2nd (Japan)	Japan	SLPS-02871
MaxRacer (Japan)	Japan	SLPS-00795
Maximum Force (Europe) (En,Fr,Es,It)	Europe	SLES-01001
Maximum Force (USA)	USA	SLUS-00503
Maze Heroes - Meikyuu Densetsu (Japan)	Japan	SLPS-03490
McDonald's - Demo 01 (Europe)	Europe	SCED-03909
McDonald's - Demo 02 (Europe)	Europe	SCED-03910
McDonald's - Demo 03 (Europe)	Europe	SCED-03911
McDonald's - Demo 04 (Europe)	Europe	SCED-03912
MechWarrior 2 - 31st Century Combat - Arcade Combat Edition (Europe)	Europe	SLES-00340
MechWarrior 2 - 31st Century Combat - Arcade Combat Edition (USA)	USA	SLUS-00401
MechWarrior 2 - Arcade Combat Edition (Japan)	Japan	SLPS-00937
MechWarrior 2 - Combat au 31ieme Siecle (France)	France	SLES-00374
MechWarrior 2 - Kampfspiel des 31. Jahrhunderts - Arcade Combat Edition (Germany)	Germany	SLES-00375
Medal of Honor (Europe)	Europe	SLES-02470
Medal of Honor (France)	France	SLES-02471
Medal of Honor (Germany)	Germany	SLES-02472
Medal of Honor (USA)	USA	SLUS-00974
Medal of Honor - Resistance (France)	France	SLES-03125
Medal of Honor - Underground (Europe)	Europe	SLES-03124
Medal of Honor - Underground (Germany)	Germany	SLES-03126
Medal of Honor - Underground (USA)	USA	SLUS-01270
Medarot R (Japan)	Japan	SLPS-02414
Medarot R - Parts Collection (Japan)	Japan	SLPS-02635
MediEvil (Europe)	Europe	SCES-00311
MediEvil (France)	France	SCES-01492
MediEvil (Germany)	Germany	SCES-01493
MediEvil (Italy)	Italy	SCES-01494
MediEvil (Spain)	Spain	SCES-01495
MediEvil (USA)	USA	SCUS-94227
MediEvil - Yomigaetta Gallowmere no Yuusha (Japan)	Japan	SCPS-10081
MediEvil 2 (Europe) (En,Fr,De)	Europe	SCES-02544
MediEvil 2 (Europe) (Es,It,Pt)	Europe	SCES-02545
MediEvil 2 (Russia)	Russia	SCES-02546
MediEvil II (USA)	USA	SCUS-94564
Mega Man - Battle & Chase (Europe)	Europe	SLES-00766
Mega Man 8 (Europe)	Europe	SLES-01064
Mega Man 8 (USA)	USA	SLUS-00453
Mega Man Legends (Europe)	Europe	SLES-01485
Mega Man Legends (USA)	USA	SLUS-00603
Mega Man Legends 2 (Europe)	Europe	SLES-03556
Mega Man Legends 2 (USA)	USA	SLUS-01140
Mega Man X3 (Europe)	Europe	SLES-00503
Mega Man X4 (Europe)	Europe	SLES-01176
Mega Man X4 (USA)	USA	SLUS-00561
Mega Man X5 (Europe)	Europe	SLES-03557
Mega Man X5 (USA)	USA	SLUS-01334
Mega Man X6 (Europe)	Europe	SLES-03778
Mega Man X6 (Korea)	Korea	SLPM-88509
Mega Man X6 (USA)	USA	SLUS-01395
Mega Man X6 (USA) (Rev 1)	USA	SLUS-01395
Megami Ibunroku - Persona - Be Your True Mind (Japan)	Japan	SLPS-00500
Megami Ibunroku - Persona - Be Your True Mind (Japan) (Rev 1)	Japan	SLPS-91029
Megatudo 2096 (Japan)	Japan	SLPS-00435
Meguri Ai shite (Japan)	Japan	SLPS-01714
Meisha Retsuden - Greatest 70's (Japan)	Japan	SLPS-01153
Meisha Retsuden - Greatest 70's (Japan) (Rev 1)	Japan	SLPS-02159
Meitantei Conan (Japan)	Japan	SLPS-01690
Meitantei Conan (Japan)	Japan	SLPS-91170
Meitantei Conan - 3-nin no Meisuiri (Japan)	Japan	SLPS-02804
Meitantei Conan - 3-nin no Meisuiri (Japan)	Japan	SLPS-03456
Meitantei Conan - Saikou no Partner (Japan)	Japan	SLPS-03425
Meitantei Conan - Trick Trick Vol. 0 - Meikyuu no Crossroad Special Disc (Japan)	Japan	SLPM-80640
Meitantei Conan - Trick Trick Vol. 1 (Japan)	Japan	SLPS-03548
Meka Pokeler (Japan)	Japan	SLPS-02649
MeltyLancer - Ginga Shoujo Keisatsu 2086 (Japan)	Japan	SLPS-00282
MeltyLancer - Re-inforce (Japan) (Disc 1)	Japan	SLPS-01147
MeltyLancer - Re-inforce (Japan) (Disc 2)	Japan	SLPS-01148
MeltyLancer - The 3rd Planet (Japan) (Disc 1)	Japan	SLPM-86231
MeltyLancer - The 3rd Planet (Japan) (Disc 2)	Japan	SLPM-86232
Memorial Series - Sunsoft Vol. 1 (Japan)	Japan	SLPS-03135
Memorial Series - Sunsoft Vol. 2 (Japan)	Japan	SLPS-03181
Memorial Series - Sunsoft Vol. 3 (Japan)	Japan	SLPS-03366
Memorial Series - Sunsoft Vol. 4 (Japan)	Japan	SLPS-03382
Memorial Series - Sunsoft Vol. 5 (Japan)	Japan	SLPS-03397
Memorial Series - Sunsoft Vol. 6 (Japan)	Japan	SLPS-03486
Memories Off (Japan)	Japan	SLPS-02296
Memories Off 2nd (Japan) (Disc 1)	Japan	SLPS-03292
Memories Off 2nd (Japan) (Disc 1) (Shokai Genteiban)	Japan	SLPS-03289
Memories Off 2nd (Japan) (Disc 2)	Japan	SLPS-03293
Memories Off 2nd (Japan) (Disc 2) (Shokai Genteiban)	Japan	SLPS-03290
Memories Off 2nd (Japan) (Disc 3) (Making Disc) (Shokai Genteiban)	Japan	SLPS-03291
Memory Card Data Book Vol. 1 (Japan)	Japan	SLPM-80153
Memory Card Data Book Vol. 2 (Japan)	Japan	SLPM-80251
Memory Card Data Book Vol. 3 (Japan)	Japan	SLPM-80395
Memory Card Data Book Vol. 4 (Japan)	Japan	SLPM-80520
Men in Black - The Game (Europe)	Europe	SLES-01047
Men in Black - The Game (France)	France	SLES-01199
Men in Black - The Game (Germany)	Germany	SLES-01200
Men in Black - The Game (Italy)	Italy	SLES-01201
Men in Black - The Series - Crashdown (Europe)	Europe	SLES-03519
Men in Black - The Series - Crashdown (France)	France	SLES-03520
Men in Black - The Series - Crashdown (Germany)	Germany	SLES-03521
Men in Black - The Series - Crashdown (Italy)	Italy	SLES-03522
Men in Black - The Series - Crashdown (Spain)	Spain	SLES-03523
Men in Black - The Series - Crashdown (USA)	USA	SLUS-01387
Menkyo o Torou (Japan)	Japan	SLPS-02685
Menkyo o Torou (Japan)	Japan	SLPS-91235
Meremanoid (Japan)	Japan	SLPS-01664
Mermaid no Kisetsu (Japan) (Disc 1)	Japan	SLPM-86934
Mermaid no Kisetsu (Japan) (Disc 2)	Japan	SLPM-86935
Mermaid no Kisetsu (Japan) (Disc 3)	Japan	SLPM-86936
Mermaid no Kisetsu - Curtain Call (Japan) (Disc 1)	Japan	SLPM-87108
Mermaid no Kisetsu - Curtain Call (Japan) (Disc 2)	Japan	SLPM-87109
Merriment Carrying Caravan (Japan)	Japan	SLPS-01493
Meru Purana (Japan)	Japan	SLPS-00359
Meta-Ph-List Mu.X.2297 (Japan) (Disc 1)	Japan	SLPS-00680
Meta-Ph-List Mu.X.2297 (Japan) (Disc 2)	Japan	SLPS-00681
Metal Angel 3 (Japan) (Disc 1)	Japan	SLPS-00867
Metal Angel 3 (Japan) (Disc 2)	Japan	SLPS-00868
Metal Fist (Japan)	Japan	SLPS-01164
Metal Gear Solid (Europe) (Disc 1)	Europe	SLES-01370
Metal Gear Solid (Europe) (Disc 2)	Europe	SLES-11370
Metal Gear Solid (France) (Disc 1)	France	SLES-01506
Metal Gear Solid (France) (Disc 2)	France	SLES-11506
Metal Gear Solid (Germany) (Disc 1)	Germany	SLES-01507
Metal Gear Solid (Germany) (Disc 2)	Germany	SLES-11507
Metal Gear Solid (Italy) (Disc 1)	Italy	SLES-01508
Metal Gear Solid (Italy) (Disc 2)	Italy	SLES-11508
Metal Gear Solid (Japan) (Disc 1) (Ichi)	Japan	SLPM-86114
Metal Gear Solid (Japan) (Disc 1) (Ichi)	Japan	SLPM-87411
Metal Gear Solid (Japan) (Disc 1) (Ichi)	Japan	SLPM-87413
Metal Gear Solid (Japan) (Disc 2) (Ni)	Japan	SLPM-86115
Metal Gear Solid (Japan) (Disc 2) (Ni)	Japan	SLPM-87412
Metal Gear Solid (Japan) (Disc 2) (Ni)	Japan	SLPM-87414
Metal Gear Solid (Japan, Asia) (Disc 1) (Ichi) (Premium Package)	Japan	SCPS-45317
Metal Gear Solid (Japan, Asia) (Disc 1) (Ichi) (Premium Package)	Japan	SLPM-86111
Metal Gear Solid (Japan, Asia) (Disc 2) (Ni) (Premium Package)	Japan	SCPS-45318
Metal Gear Solid (Japan, Asia) (Disc 2) (Ni) (Premium Package)	Japan	SLPM-86112
Metal Gear Solid (Spain) (Disc 1)	Spain	SLES-01734
Metal Gear Solid (Spain) (Disc 1) (Rev 1)	Spain	SLES-01734
Metal Gear Solid (Spain) (Disc 2)	Spain	SLES-11734
Metal Gear Solid (Spain) (Disc 2) (Rev 1)	Spain	SLES-11734
Metal Gear Solid (USA) (Disc 1)	USA	SLUS-00594
Metal Gear Solid (USA) (Disc 1)	USA	SLUS-80594
Metal Gear Solid (USA) (Disc 1) (Rev 1)	USA	SLUS-00594
Metal Gear Solid (USA) (Disc 2)	USA	SLUS-00776
Metal Gear Solid (USA) (Disc 2) (Rev 1)	USA	SLUS-00776
Metal Gear Solid - Integral (Japan, Asia) (Disc 3) (VR-Disc)	Japan	SCPS-45414
Metal Gear Solid - Integral (Japan, Asia) (Disc 3) (VR-Disc)	Japan	SLPM-86249
Metal Gear Solid - Integral (Japan, Asia) (Disc 3) (VR-Disc)	Japan	SLPM-86472
Metal Gear Solid - Integral (Japan, Asia) (Disc 3) (VR-Disc)	Japan	SLPM-87326
Metal Gear Solid - Integral (Japan, Asia) (En,Ja) (Disc 1)	Japan	SCPS-45412
Metal Gear Solid - Integral (Japan, Asia) (En,Ja) (Disc 1)	Japan	SLPM-86247
Metal Gear Solid - Integral (Japan, Asia) (En,Ja) (Disc 1)	Japan	SLPM-86470
Metal Gear Solid - Integral (Japan, Asia) (En,Ja) (Disc 1)	Japan	SLPM-87324
Metal Gear Solid - Integral (Japan, Asia) (En,Ja) (Disc 2)	Japan	SCPS-45413
Metal Gear Solid - Integral (Japan, Asia) (En,Ja) (Disc 2)	Japan	SLPM-86248
Metal Gear Solid - Integral (Japan, Asia) (En,Ja) (Disc 2)	Japan	SLPM-86471
Metal Gear Solid - Integral (Japan, Asia) (En,Ja) (Disc 2)	Japan	SLPM-87325
Metal Gear Solid - Special Missions (Europe) (En,Fr,De,Es,It)	Europe	SLES-02136
Metal Gear Solid - VR Missions (USA)	USA	SLUS-00957
Metal Jacket (Japan)	Japan	SLPS-00008
Metal Slug - Super Vehicle-001 (Japan, Asia)	Japan	SCPS-45097
Metal Slug - Super Vehicle-001 (Japan, Asia)	Japan	SLPM-86315
Metal Slug - Super Vehicle-001 (Japan, Asia)	Japan	SLPS-00950
Metal Slug - Super Vehicle-001 (Japan, Asia)	Japan	SLPS-91516
Metal Slug X (Europe)	Europe	SLES-03575
Metal Slug X (USA)	USA	SLUS-01212
Metal Slug X - Super Vehicle-001 (Japan, Asia)	Japan	SCPS-45490
Metal Slug X - Super Vehicle-001 (Japan, Asia)	Japan	SLPM-86456
Metal Slug X - Super Vehicle-001 (Japan, Asia)	Japan	SLPS-03449
Metamor Panic - Doki Doki Youma Busters!! (Japan)	Japan	SLPS-00039
Mezase! Meimon Yakyuubu (Japan)	Japan	SLPS-01911
Mezase! Meimon Yakyuubu (Japan)	Japan	SLPS-02584
Mezase! Meimon Yakyuubu (Japan)	Japan	SLPS-91418
Mezase! Senkyuu-ou (Japan)	Japan	SLPS-00313
Mezase! Senkyuu-ou (Japan)	Japan	SLPS-02214
Mezase! Skymark - Challenge Airline Pilot (Japan)	Japan	SLPS-02198
Michael Owen's World League Soccer '99 (Europe) (En,Fr,It)	Europe	SLES-01594
Michael Schumacher Racing World Kart 2002 (Europe) (En,Fr,De,Es,It)	Europe	SLES-03931
Michelin Rally Masters - Race of Champions (Europe) (En,De,Sv)	Europe	SLES-01545
Michelin Rally Masters - Race of Champions (Europe) (Fr,Es,It)	Europe	SLES-02395
Michelin Rally Masters - Race of Champions (USA) (En,Fr,Es)	USA	SLUS-01229
Michinoku Hitou Koi Monogatari Kai (Japan)	Japan	SLPS-02502
Mickey's Wild Adventure (Europe)	Europe	SCES-00163
Mickey's Wild Adventure (Europe) (EDC)	Europe	SCES-00163
Micro Machines (Japan)	Japan	SLPS-01111
Micro Machines V3 (Europe) (En,Fr,De,Es,It)	Europe	SLES-00016
Micro Machines V3 (Europe) (En,Fr,De,Es,It) (EDC)	Europe	SLES-00016
Micro Machines V3 (USA)	USA	SLUS-00559
Micro Maniacs (Europe) (En,Fr,De,Es,It)	Europe	SLES-01921
Midnight Run - Road Fighter 2 (Europe)	Europe	SLES-00590
Midnight Run - Road Fighter 2 (Japan) (En,Ja)	Japan	SLPM-86022
Midnight in Vegas (Europe) (En,Fr,De)	Europe	SLES-02499
Midnight in Vegas (Europe) (En,Fr,De) (Rev 1)	Europe	SLES-02499
Midori no Makibao - Kuroi Inazuma Shiroi Kiseki (Japan)	Japan	SLPS-01312
Mighty Hits (Japan)	Japan	SLPS-00583
Mighty Hits Special (Europe) (En,Fr,De)	Europe	SLES-02244
Mighty Hits Special (Japan)	Japan	SLPS-02165
Mikagura Shoujo Tanteidan (Japan) (Disc 1) (Honpen Disc Ichi)	Japan	SLPS-01611
Mikagura Shoujo Tanteidan (Japan) (Disc 2) (Honpen Disc Ni)	Japan	SLPS-01612
Mikagura Shoujo Tanteidan (Japan) (Disc 3) (Intermission Disc)	Japan	SLPS-01613
Mikagura Shoujo Tanteidan (Japan) (Disc 4) (Special Disc)	Japan	SLPS-01614
Mike Tyson Boxing (Europe) (En,Fr,De,Es,It)	Europe	SLES-02839
Mike Tyson Boxing (USA) (En,Fr,Es)	USA	SLUS-01162
Milano no Arbeit Collection (Japan)	Japan	SLPS-02143
Milky Season (Japan)	Japan	SLPS-03367
Mille Miglia (Europe) (En,Fr,De,Es,It)	Europe	SLES-02826
Millennium Soldier - Expendable (Europe) (En,Fr,De,Es,It)	Europe	SLES-01716
Million Classic (Japan) (Disc 1) (Honpen Game Sen'you)	Japan	SLPS-01609
Million Classic (Japan) (Disc 1) (Honpen Game Sen'you) (Nescafe-ban)	Japan	SLPM-80397
Million Classic (Japan) (Disc 2) (Taisen Game Sen'you)	Japan	SLPS-01610
Million Classic (Japan) (Disc 2) (Taisen Game Sen'you) (Nescafe-ban)	Japan	SLPM-80398
Millionen Show, Die (Austria)	Austria	SLES-03588
Minakata Hakudou Toujou (Japan) (Disc 1)	Japan	SLPS-00951
Minakata Hakudou Toujou (Japan) (Disc 2)	Japan	SLPS-00952
Mini Yonku Bakusou Kyoudai Let's & Go!! WGP Hyper Heat (Japan)	Japan	SLPS-01078
Mini Yonku Bakusou Kyoudai Let's & Go!! WGP Hyper Heat (Japan)	Japan	SLPS-91091
Mini-Moni. Dice de Pyon! (Japan)	Japan	SLPM-87015
Mini-Moni. Shakatto Tambourine! da Pyon! (Japan)	Japan	SLPM-87132
Mini-Moni. Shakatto Tambourine! da Pyon! (Japan) (Doukonban)	Japan	SLPM-87079
Mini-Moni. Step Pyon Pyon Pyon (Japan)	Japan	SLPM-87195
Minna Atsumare! Igo Kyoushitsu (Japan)	Japan	SLPS-03554
Minna no Golf (Japan, Asia)	Japan	SCPS-10042
Minna no Golf (Japan, Asia)	Japan	SCPS-45096
Minna no Golf (Japan, Asia)	Japan	SCPS-91126
Minna no Golf 2 (Japan) (Rev 1)	Japan	SCPS-91197
Minna no Golf 2 (Japan, Asia)	Japan	SCPS-10093
Minna no Golf 2 (Japan, Asia)	Japan	SCPS-45421
Minna no Kanji Kyoushitsu - Chousen! Kanji Kentei (Japan)	Japan	SLPS-03186
Minna no Shiiku Kyoushitsu - Kuwagata-hen (Japan)	Japan	SLPS-03279
Minna no Takaramono - Watashi no Licca-chan - Otetsudai o Shiyou (Japan)	Japan	SLPM-87025
Minnya de Ghost Hunter (Japan)	Japan	SLPS-03491
Minton Keibu no Sousa File - Doukeshi Satsujin Jiken (Japan)	Japan	SLPS-01132
Minton Keibu no Sousa File - Doukeshi Satsujin Jiken (Japan)	Japan	SLPS-02150
Miracle Jim no Bassing Beat (Japan)	Japan	SLPS-01227
Miracle Jumpers (Japan)	Japan	SLPS-01224
Miracle Space Race (Europe)	Europe	SLES-04057
Miracle Space Race (USA)	USA	SLUS-01556
Miracle World - Fushigi no Kuni no IQ Meiro (Japan)	Japan	SLPS-00110
MiruMiru PlayStation Vol. 1 (Japan) (Disc 2)	Japan	PCPX-96040
MiruMiru PlayStation Vol. 10 (Japan)	Japan	PCPX-96071
MiruMiru PlayStation Vol. 2 (Japan) (Disc 1)	Japan	PCPX-96043
MiruMiru PlayStation Vol. 2 (Japan) (Disc 2)	Japan	PCPX-96044
MiruMiru PlayStation Vol. 23 (Japan)	Japan	PCPX-96117
MiruMiru PlayStation Vol. 24 (Japan)	Japan	PCPX-96120
MiruMiru PlayStation Vol. 25 (Japan)	Japan	PCPX-96123
MiruMiru PlayStation Vol. 26 (Japan)	Japan	PCPX-96124
MiruMiru PlayStation Vol. 27 (Japan)	Japan	PCPX-96131
MiruMiru PlayStation Vol. 28 (Japan)	Japan	PCPX-96132
MiruMiru PlayStation Vol. 29 (Japan)	Japan	PCPX-96139
MiruMiru PlayStation Vol. 3 (Japan) (Disc 1)	Japan	PCPX-96045
MiruMiru PlayStation Vol. 3 (Japan) (Disc 2)	Japan	PCPX-96046
MiruMiru PlayStation Vol. 30 (Japan)	Japan	PCPX-96141
MiruMiru PlayStation Vol. 31 (Japan)	Japan	PCPX-96144
MiruMiru PlayStation Vol. 33 (Japan)	Japan	PCPX-96151
MiruMiru PlayStation Vol. 34 (Japan)	Japan	PCPX-96155
MiruMiru PlayStation Vol. 35 (Japan)	Japan	PCPX-96158
MiruMiru PlayStation Vol. 36 (Japan)	Japan	PCPX-96162
MiruMiru PlayStation Vol. 37 (Japan)	Japan	PCPX-96169
MiruMiru PlayStation Vol. 38 (Japan)	Japan	PCPX-96172
MiruMiru PlayStation Vol. 39 (Japan)	Japan	PCPX-96175
MiruMiru PlayStation Vol. 4 (Japan) (Disc 1)	Japan	PCPX-96051
MiruMiru PlayStation Vol. 4 (Japan) (Disc 2)	Japan	PCPX-96052
MiruMiru PlayStation Vol. 4 (Japan) (Disc 3)	Japan	PCPX-96053
MiruMiru PlayStation Vol. 40 (Japan)	Japan	PCPX-96181
MiruMiru PlayStation Vol. 42 (Japan)	Japan	PCPX-96192
MiruMiru PlayStation Vol. 43 (Japan)	Japan	PCPX-96196
MiruMiru PlayStation Vol. 44 (Japan)	Japan	PCPX-96197
MiruMiru PlayStation Vol. 9 (Japan)	Japan	PCPX-96069
Misa no Mahou Monogatari (Japan) (Disc 1)	Japan	SLPS-01276
Misa no Mahou Monogatari (Japan) (Disc 1) (Shokai Genteiban)	Japan	SLPS-01274
Misa no Mahou Monogatari (Japan) (Disc 2)	Japan	SLPS-01277
Misa no Mahou Monogatari (Japan) (Disc 2) (Shokai Genteiban)	Japan	SLPS-01275
Misadventures of Tron Bonne, The (Europe)	Europe	SLES-02795
Misadventures of Tron Bonne, The (USA)	USA	SLUS-00896
Misaki Aggressive! (Japan)	Japan	SLPS-01474
Miss Spider's Tea Party (USA)	USA	SLUS-01123
Missile Command (Europe) (En,It)	Europe	SLES-02245
Missile Command (Europe) (Fr,De)	Europe	SLES-02482
Missile Command (USA)	USA	SLUS-00992
Mission - Impossible (Europe) (En,Fr,De,Es,It)	Europe	SLES-01906
Mission - Impossible (USA) (En,Fr,Es)	USA	SLUS-01016
Mission, The (Europe) (En,Fr,De,Es,It,Nl,Pt)	Europe	SLES-03234
Missland (Japan)	Japan	SLPS-00047
Missland (Japan)	Japan	SLPS-02104
Missland 2 (Japan)	Japan	SLPS-01715
Mitsumete Knight (Japan)	Japan	SLPM-86068
Mitsumete Knight R - Daibouken-hen (Japan)	Japan	SLPM-86134
Miyake Yuji Produce - Kiseki no Maya Uranai (Japan)	Japan	SLPS-02215
Mizuki Shigeru no Youkai Butouden (Japan)	Japan	SLPS-00806
Mizzurna Falls (Japan)	Japan	SLPS-01783
MoHo (Europe) (En,Fr,De,Es,It)	Europe	SLES-02830
Mobil 1 Rally Championship (Europe) (En,Fr,De,Es,It)	Europe	SLES-02574
Mobil 1 Rally Championship (USA)	USA	SLUS-01103
Mobile Armor (USA)	USA	SLUS-01469
Mobile Light Force (Europe) (En,Fr,De,Es,It)	Europe	SLES-04087
Mobile Light Force (USA)	USA	SLUS-01525
Mobile Police Patlabor - Game Edition (Japan)	Japan	SLPS-02239
Mobile Suit Gundam (Japan)	Japan	SLPS-00035
Mobile Suit Gundam (Japan)	Japan	SLPS-91011
Mobile Suit Gundam - Char's Counterattack (Asia)	Asia	SCPS-45362
Mobile Suit Gundam - Char's Counterattack (Japan)	Japan	SLPS-01724
Mobile Suit Gundam - Char's Counterattack (Japan)	Japan	SLPS-03259
Mobile Suit Gundam - Char's Counterattack (Japan) (Tokubetsuban)	Japan	SLPM-80375
Mobile Suit Gundam - Perfect One Year War (Japan)	Japan	SLPS-00920
Mobile Suit Gundam - Version 2.0 (Japan)	Japan	SLPS-00280
Mobile Suit Gundam - Version 2.0 (Japan)	Japan	SLPS-91048
Mobile Suit Gundam - Version 2.0 (Japan) (Limited Edition)	Japan	SLPS-00280
Mobile Suit Gundam - Version 2.0 (Japan) (Limited Edition)	Japan	SLPS-00281
Mobile Suit Z-Gundam (Japan) (Disc 1)	Japan	SLPS-01142
Mobile Suit Z-Gundam (Japan) (Disc 1) (Bandai the Best)	Japan	SLPS-03232
Mobile Suit Z-Gundam (Japan) (Disc 2)	Japan	SLPS-01143
Mobile Suit Z-Gundam (Japan) (Disc 2) (Bandai the Best)	Japan	SLPS-03233
Mobile Tomodachi (Japan)	Japan	SLPM-87151
Moebius Link 3D (Japan)	Japan	SLPS-01281
Moero!! Pro Yakyuu '95 - Double Header (Japan)	Japan	SLPS-00099
Momotarou Densetsu (Japan)	Japan	SLPS-01785
Momotarou Densetsu (Japan)	Japan	SLPS-91171
Momotarou Dentetsu 7 (Japan)	Japan	SLPS-01156
Momotarou Dentetsu 7 (Japan) (Rev 1)	Japan	SLPS-01156
Momotarou Dentetsu 7 (Japan) (Rev 1)	Japan	SLPS-91193
Momotarou Dentetsu V (Japan)	Japan	SLPS-02456
Momotarou Dentetsu V (Japan) (Rev 1)	Japan	SLPS-02458
Momotarou Dentetsu V (Japan) (Rev 2)	Japan	SLPM-87032
Momotarou Dentetsu V (Japan) (Rev 2)	Japan	SLPM-87347
Momotarou Matsuri - Ishikawa Rokuemon no Maki (Japan)	Japan	SLPM-86888
Monaco Grand Prix (USA)	USA	SLUS-00834
Monaco Grand Prix Racing Simulation 2 (Europe) (En,Fr,Es,It)	Europe	SLES-01691
Monaco Grand Prix Racing Simulation 2 (Japan)	Japan	SLPS-02106
Monde des Bleus 2, Le (France)	France	SCES-03073
Monde des Bleus, Le - Le Jeu Officiel de l'Equipe de France (France)	France	SCES-01701
Money Idol Exchanger (Japan)	Japan	SLPS-00963
Money Idol Exchanger (Japan) (Rev 1)	Japan	SLPS-02644
Monkey Hero (Europe) (En,Fr,De,It)	Europe	SLES-00979
Monkey Hero (Europe) (En,Fr,De,It)	Europe	SLES-01965
Monkey Hero (Europe) (En,Fr,De,It)	Europe	SLES-01966
Monkey Hero (USA)	USA	SLUS-00765
Monkey Magic (Japan)	Japan	SLPS-02583
Monkey Magic (USA)	USA	SLUS-00930
Monopoly (Europe) (En,Fr,De,Es,Nl)	Europe	SLES-00945
Monopoly (Japan)	Japan	SLPS-00741
Monopoly (Japan)	Japan	SLPS-01682
Monopoly (USA)	USA	SLUS-00507
Monopoly (USA) (Alt)	USA	SLUS-00507
Monster Bass (USA)	USA	SLUS-01490
Monster Collection - Kamen no Madoushi (Japan)	Japan	SLPS-02245
Monster Complete World (Japan)	Japan	SLPS-01870
Monster Complete World (Japan)	Japan	SLPS-02783
Monster Farm (Japan)	Japan	SLPS-00910
Monster Farm (Japan)	Japan	SLPS-91109
Monster Farm 2 (Japan)	Japan	SLPS-01906
Monster Farm 2 (Japan) (Rev 1)	Japan	SLPS-01906
Monster Farm 2 (Japan) (Rev 1)	Japan	SLPS-91199
Monster Farm Battle Card (Japan)	Japan	SLPS-02653
Monster Farm Jump (Japan)	Japan	SLPS-03160
Monster Punish (Japan)	Japan	SLPS-02491
Monster Race (Japan)	Japan	SLPM-86143
Monster Racer (Europe) (En,Fr,De,Es,It,Pt)	Europe	SLES-03246
Monster Rancher (Europe)	Europe	SCES-02872
Monster Rancher (USA)	USA	SLUS-00568
Monster Rancher 2 (USA)	USA	SLUS-00917
Monster Rancher Battle Card - Episode II (USA)	USA	SLUS-01178
Monster Rancher Hop-A-Bout (USA)	USA	SLUS-01325
Monster Trucks (Europe)	Europe	SLES-00314
MonsterSeed (Europe) (En,Fr,De)	Europe	SLES-01540
MonsterSeed (Japan)	Japan	SLPS-01572
MonsterSeed (USA)	USA	SLUS-00743
Monsters, Inc. - Monsters Academy (Japan)	Japan	SLPS-03396
Monte Carlo Games Compendium (Europe) (Disc 1)	Europe	SLES-03813
Monte Carlo Games Compendium (Europe) (Disc 1) (Rev 1)	Europe	SLES-03813
Monte Carlo Games Compendium (Europe) (Disc 2)	Europe	SLES-13813
Monte Carlo Games Compendium (Europe) (Disc 2) (Rev 1)	Europe	SLES-13813
Moon - Remix RPG Adventure (Japan)	Japan	SLPS-01031
Moon - Remix RPG Adventure (Japan) (Rev 1)	Japan	SLPS-91112
Moonlight Syndrome (Japan) (Disc 1)	Japan	SLPS-01001
Moonlight Syndrome (Japan) (Disc 1)	Japan	SLPS-91076
Moonlight Syndrome (Japan) (Disc 2)	Japan	SLPS-01002
Moonlight Syndrome (Japan) (Disc 2)	Japan	SLPS-91077
Moorhen 3 - Chicken Chase (Europe) (En,Fr,De)	Europe	SLES-03846
Moorhen 3 - Chicken Chase (Europe) (Es,It)	Europe	SLES-03898
Moorhuhn 2 - Die Jagd Geht Weiter (Germany)	Germany	SLES-03278
Mori no Oukoku (Japan)	Japan	SLPS-01861
Morita Kazurou no Chess (Japan)	Japan	SLPS-02488
Morita Kazurou no Gomoku Narabe to Renju (Japan)	Japan	SLPS-02487
Morita Kazurou no Hanafuda (Japan)	Japan	SLPS-02486
Morita Kazurou no Mahjong (Japan)	Japan	SLPS-02588
Morita Kazurou no Reversi (Japan)	Japan	SLPS-02278
Morita Kazurou no Shougi Doujou (Japan)	Japan	SLPS-02277
Morita Shougi (Japan)	Japan	SLPS-01119
Moritaka Chisato - Safari Tokyo (Japan) (Disc 1)	Japan	SLPM-86130
Moritaka Chisato - Safari Tokyo (Japan) (Disc 2)	Japan	SLPM-86131
Mort the Chicken (Europe)	Europe	SLES-02712
Mort the Chicken (USA)	USA	SLUS-01021
Mortal Kombat - Special Forces (Europe) (En,Fr,De)	Europe	SLES-02338
Mortal Kombat - Special Forces (USA)	USA	SLUS-00824
Mortal Kombat 3 (Europe)	Europe	SCES-00060
Mortal Kombat 3 (Japan)	Japan	SIPS-60006
Mortal Kombat 3 (USA)	USA	SCUS-94201
Mortal Kombat 4 (Europe)	Europe	SLES-01349
Mortal Kombat 4 (USA)	USA	SLUS-00605
Mortal Kombat II (Japan)	Japan	SLPS-00444
Mortal Kombat Mythologies - Sub-Zero (Europe)	Europe	SLES-01020
Mortal Kombat Mythologies - Sub-Zero (USA)	USA	SLUS-00476
Mortal Kombat Trilogy (Europe)	Europe	SLES-00528
Mortal Kombat Trilogy (Europe) (Midway Classics)	Europe	SLES-02509
Mortal Kombat Trilogy (Japan)	Japan	SLPS-00791
Mortal Kombat Trilogy (USA)	USA	SLUS-00330
Mortal Kombat Trilogy (USA) (Rev 1)	USA	SLUS-00330
Moses - Prince of Egypt (Europe) (En,Fr,De,Nl)	Europe	SLES-02954
Moto Racer (Europe) (En,Fr,De,Es,It,Sv)	Europe	SLES-00469
Moto Racer (Europe) (En,Fr,De,Es,It,Sv) (EDC)	Europe	SLES-00469
Moto Racer (Japan)	Japan	SLPS-01163
Moto Racer (USA)	USA	SLUS-00498
Moto Racer 2 (Europe) (En,Fr,De,Es,It,Sv)	Europe	SLES-01184
Moto Racer 2 (Japan)	Japan	SLPS-02040
Moto Racer 2 (USA)	USA	SLUS-00738
Moto Racer World Tour (Europe) (En,Fr,De,Es,It,Sv)	Europe	SCES-03037
Moto Racer World Tour (USA)	USA	SLUS-01321
Motocross Mania (Europe) (En,Fr,De,Es,It)	Europe	SLES-03325
Motocross Mania (USA)	USA	SLUS-01357
Motocross Mania 2 (Europe) (En,Fr,De,Es,It)	Europe	SLES-04098
Motocross Mania 2 (USA)	USA	SLUS-01531
Motor Mash (Europe) (En,Fr,De)	Europe	SLES-00310
Motor Toon Grand Prix (Japan)	Japan	SCPS-10001
Motor Toon Grand Prix (Japan) (Rev 1)	Japan	SCPS-10001
Motor Toon Grand Prix (USA)	USA	SCUS-94355
Motor Toon Grand Prix - USA Edition (Japan)	Japan	SCPS-91027
Motor Toon Grand Prix 2 (Europe)	Europe	SCES-00245
Motor Toon Grand Prix 2 (Japan) (Disc 1)	Japan	SCPS-10018
Motor Toon Grand Prix 2 (Japan) (Disc 2) (Taisen Sen'you Disc)	Japan	SCPS-10019
Motorhead (Europe)	Europe	SLES-00556
Motorhead (USA)	USA	SLUS-00717
Motteke Tamago with Ganbare! Kamonohashi (Japan)	Japan	SLPS-01242
Motto Trump Shiyou yo! i-Mode de Grand Prix (Japan)	Japan	SLPS-03321
Motto! Nyan to Wonderful 2 (Japan)	Japan	SLPS-01796
Mouja (Japan)	Japan	SLPS-00674
Mouja (Japan) (Honkakuha de 1300)	Japan	SLPS-02252
Mouri Motonari - Chikai no Sanshi (Japan)	Japan	SLPS-01285
Mr. Driller (Europe) (En,Fr,De,Es,It)	Europe	SCES-02771
Mr. Driller (Japan)	Japan	SLPS-02600
Mr. Driller (Korea)	Korea	SCPS-46002
Mr. Driller (USA)	USA	SLUS-01111
Mr. Driller G (Japan)	Japan	SLPS-03336
Mr. Prospector - Horiate-kun (Japan)	Japan	SLPS-02226
Ms. Pac-Man Maze Madness (Europe) (En,Fr,De,Es,It)	Europe	SCES-03085
Ms. Pac-Man Maze Madness (Japan)	Japan	SLPS-03000
Ms. Pac-Man Maze Madness (USA)	USA	SLUS-01018
Ms. Pac-Man Maze Madness (USA) (Rev 1)	USA	SLUS-01018
Mummy, The (Europe) (En,Fr,De,Es,It)	Europe	SLES-02973
Mummy, The (USA)	USA	SLUS-01187
Mundial 2002 Challenge (Portugal)	Portugal	SLES-03870
Muppet Monster Adventure (Europe)	Europe	SCES-02403
Muppet Monster Adventure (France)	France	SCES-03090
Muppet Monster Adventure (Germany)	Germany	SCES-03091
Muppet Monster Adventure (Italy)	Italy	SCES-03092
Muppet Monster Adventure (Spain)	Spain	SCES-03093
Muppet Monster Adventure (USA)	USA	SLUS-01238
Muppet RaceMania (Europe)	Europe	SCES-02008
Muppet RaceMania (France)	France	SCES-02483
Muppet RaceMania (Germany)	Germany	SCES-02484
Muppet RaceMania (Italy)	Italy	SCES-02485
Muppet RaceMania (Spain)	Spain	SCES-02486
Muppet RaceMania (USA)	USA	SLUS-01237
Murakoshi Seikai no Bakuchou Nihon Rettou (Japan)	Japan	SLPS-01392
Murakoshi Seikai no Bakuchou Nihon Rettou (Japan) (TsuriCon Taiouban)	Japan	SLPS-02279
Murakoshi Seikai no Bakuchou Nihon Rettou 2 (Japan)	Japan	SLPS-02890
Murakoshi Seikai no Bakuchou SeaBass Fishing (Japan) (Disc 1)	Japan	SLPS-01988
Murakoshi Seikai no Bakuchou SeaBass Fishing (Japan) (Disc 2)	Japan	SLPS-01989
Mushi no Idokoro (Japan)	Japan	SLPS-00375
Mushitarou (Japan)	Japan	SLPS-02816
Music - Music Creation for the PlayStation (Europe) (En,Fr,De,Es,It)	Europe	SLES-01356
Music 2000 (Europe) (En,Fr,De,Es,It)	Europe	SLES-02224
Music Inspired by Wild 9 (Europe)	Europe	SLUS-00425
Muteki-ou Tri-Zenon (Japan)	Japan	SLPM-86790
My Disney Kitchen (USA)	USA	SLUS-01512
My Dream - On Air ga Matenakute (Japan) (Disc 1)	Japan	SLPS-00996
My Dream - On Air ga Matenakute (Japan) (Disc 2)	Japan	SLPS-00997
My Garden (Japan)	Japan	SLPS-02213
My Home Dream (Japan)	Japan	SLPS-00931
My Home Dream (Japan)	Japan	SLPS-91085
My Home Dream (Japan)	Japan	SLPS-91520
My Home Dream 2 - Niwatsuki Ikkodate de, Ikou! (Japan)	Japan	SLPS-02470
My Home Dream 2 - Niwatsuki Ikkodate de, Ikou! (Japan) (Taikenban)	Japan	SLPM-80529
Myaon o Sagase (Japan)	Japan	SLPM-80194
Myst (Europe) (En,Fr,De,Es,It)	Europe	SLES-00218
Myst (Japan)	Japan	SLPS-00024
Myst (Japan) (Rev 1)	Japan	SLPS-00024
Myst (Japan) (Rev 2)	Japan	SLPS-00024
Myst (Japan) (Rev 2)	Japan	SLPS-02924
Myst (Japan) (Rev 2)	Japan	SLPS-91023
Myst (Japan) (Rev 2)	Japan	SLPS-91123
Myst (USA)	USA	SCUS-94602
Mystic Ark - Maboroshi Gekijou (Japan)	Japan	SLPM-86147
Mystic Dragoons, The (Japan)	Japan	SLPS-02072
Mystic Dragoons, The (Japan)	Japan	SLPS-02103
Mystic Dragoons, The (Japan)	Japan	SLPS-02845
Mystic Mind - Yureru Omoi (Japan) (Disc 1)	Japan	SLPS-01562
Mystic Mind - Yureru Omoi (Japan) (Disc 2)	Japan	SLPS-01563
N Gauge Unten Kibun Game - Gatan Goton (Japan)	Japan	SLPM-86217
N Gauge Unten Kibun Game - Gatan Goton (Japan) (Major Wave)	Japan	SLPM-86766
N-Gen Racing (Europe) (En,Fr,De,Es,It)	Europe	SLES-02086
N-Gen Racing (USA)	USA	SLUS-01155
N2O (Europe) (En,Fr,De,Es,It,Pt)	Europe	SLES-00809
N2O - Nitrous Oxide (USA)	USA	SLUS-00637
NASCAR 2000 (Europe)	Europe	SLES-02191
NASCAR 2000 (USA)	USA	SLUS-00962
NASCAR 2001 (USA)	USA	SLUS-01263
NASCAR 98 (Europe)	Europe	SLES-00905
NASCAR 98 (France)	France	SLES-00765
NASCAR 98 (Germany)	Germany	SLES-00880
NASCAR 98 (Japan)	Japan	SLPS-01295
NASCAR 98 (USA)	USA	SLUS-00521
NASCAR 98 Collector's Edition (USA)	USA	SLUS-00647
NASCAR 99 (Europe)	Europe	SLES-01447
NASCAR 99 (France)	France	SLES-01452
NASCAR 99 (Germany)	Germany	SLES-01453
NASCAR 99 (USA)	USA	SLUS-00740
NASCAR 99 Legacy (USA)	USA	SLUS-00883
NASCAR Heat (USA)	USA	SLUS-01166
NASCAR Racing (USA)	USA	SLUS-00374
NASCAR Racing - Season 96 (Japan)	Japan	SLPS-00884
NASCAR Rumble (USA, Canada)	USA	SLUS-01068
NASCAR Thunder 2002 (USA, Canada)	USA	SLUS-01403
NASCAR Thunder 2003 (USA)	USA	SLUS-01502
NASCAR Thunder 2004 (USA)	USA	SLUS-01571
NBA Basketball 2000 (Europe) (En,Fr,De,Es,It)	Europe	SLES-02299
NBA Basketball 2000 (USA)	USA	SLUS-00926
NBA Fastbreak '98 (Europe)	Europe	SLES-01003
NBA Fastbreak '98 (USA)	USA	SLUS-00492
NBA Hangtime (USA)	USA	SLUS-00329
NBA Hoopz (Europe) (En,Fr,De)	Europe	SLES-03362
NBA Hoopz (USA)	USA	SLUS-01331
NBA Jam - Tournament Edition (Europe)	Europe	SLES-00068
NBA Jam - Tournament Edition (Japan)	Japan	SLPS-00199
NBA Jam - Tournament Edition (USA)	USA	SLUS-00002
NBA Jam Extreme (Europe)	Europe	SLES-00529
NBA Jam Extreme (Japan)	Japan	SLPS-00699
NBA Jam Extreme (USA)	USA	SLUS-00388
NBA Live 2000 (Europe)	Europe	SLES-02358
NBA Live 2000 (France)	France	SLES-02359
NBA Live 2000 (Germany)	Germany	SLES-02360
NBA Live 2000 (Italy)	Italy	SLES-02361
NBA Live 2000 (Japan)	Japan	SLPS-02603
NBA Live 2000 (Spain)	Spain	SLES-02362
NBA Live 2000 (USA)	USA	SLUS-00998
NBA Live 2001 (Europe)	Europe	SLES-03128
NBA Live 2001 (France)	France	SLES-03129
NBA Live 2001 (Germany)	Germany	SLES-03130
NBA Live 2001 (Italy)	Italy	SLES-03131
NBA Live 2001 (Spain)	Spain	SLES-03132
NBA Live 2001 (USA)	USA	SLUS-01271
NBA Live 2002 (Europe)	Europe	SLES-03718
NBA Live 2002 (France)	France	SLES-03719
NBA Live 2002 (Germany)	Germany	SLES-03720
NBA Live 2002 (Italy)	Italy	SLES-03721
NBA Live 2002 (Spain)	Spain	SLES-03722
NBA Live 2002 (USA, Canada)	USA	SLUS-01416
NBA Live 2003 (Europe)	Europe	SLES-03982
NBA Live 2003 (France)	France	SLES-03969
NBA Live 2003 (Germany)	Germany	SLES-03968
NBA Live 2003 (Italy)	Italy	SLES-03970
NBA Live 2003 (Spain)	Spain	SLES-03971
NBA Live 2003 (USA)	USA	SLUS-01483
NBA Live 96 (Europe)	Europe	SLES-00225
NBA Live 96 (Japan)	Japan	SLPS-00389
NBA Live 96 (USA)	USA	SLUS-00060
NBA Live 97 (Europe) (En,Fr,De)	Europe	SLES-00517
NBA Live 97 (Japan)	Japan	SLPS-00736
NBA Live 97 (USA)	USA	SLUS-00267
NBA Live 98 (Europe) (En,Es,It)	Europe	SLES-00906
NBA Live 98 (France)	France	SLES-00951
NBA Live 98 (Germany)	Germany	SLES-00952
NBA Live 98 (Japan)	Japan	SLPS-01296
NBA Live 98 (USA)	USA	SLUS-00523
NBA Live 99 (Europe)	Europe	SLES-01446
NBA Live 99 (France)	France	SLES-01454
NBA Live 99 (Germany)	Germany	SLES-01455
NBA Live 99 (Italy)	Italy	SLES-01456
NBA Live 99 (Japan)	Japan	SLPS-02033
NBA Live 99 (Spain)	Spain	SLES-01457
NBA Live 99 (USA)	USA	SLUS-00736
NBA Power Dunkers (Japan)	Japan	SLPS-00188
NBA Power Dunkers 2 (Japan)	Japan	SLPM-86011
NBA Power Dunkers 3 (Japan, Asia)	Japan	SCPS-45156
NBA Power Dunkers 3 (Japan, Asia)	Japan	SLPM-86060
NBA Power Dunkers 4 (Japan)	Japan	SLPM-86176
NBA Power Dunkers 5 (Japan)	Japan	SLPM-86397
NBA Pro 98 (Europe)	Europe	SLES-00882
NBA Pro 99 (Europe)	Europe	SLES-01970
NBA Shoot Out '97 (USA)	USA	SCUS-94552
NBA Shoot Out (USA)	USA	SCUS-94500
NBA ShootOut 2000 (USA)	USA	SCUS-94561
NBA ShootOut 2001 (USA)	USA	SCUS-94581
NBA ShootOut 2002 (USA)	USA	SCUS-94641
NBA ShootOut 2003 (USA)	USA	SCUS-94673
NBA ShootOut 2004 (USA)	USA	SCUS-94691
NBA ShootOut 98 (USA)	USA	SCUS-94171
NBA Showtime - NBA on NBC (Europe)	Europe	SLES-02336
NBA Showtime - NBA on NBC (USA)	USA	SLUS-00948
NBA in the Zone '98 (USA)	USA	SLUS-00445
NBA in the Zone '98 (USA) (Rev 1)	USA	SLUS-00445
NBA in the Zone '99 (USA)	USA	SLUS-00791
NBA in the Zone (Europe)	Europe	SLES-00171
NBA in the Zone (USA)	USA	SLUS-00048
NBA in the Zone 2 (Europe)	Europe	SLES-00560
NBA in the Zone 2 (USA)	USA	SLUS-00294
NBA in the Zone 2000 (Europe)	Europe	SLES-02513
NBA in the Zone 2000 (USA)	USA	SLUS-01028
NCAA Basketball Final Four 97 (USA)	USA	SLUS-00142
NCAA Final Four 2000 (USA)	USA	SCUS-94562
NCAA Final Four 2001 (USA)	USA	SCUS-94579
NCAA Final Four 99 (USA)	USA	SCUS-94264
NCAA Final Four 99 (USA)	USA	SCUS-94361
NCAA Football 2000 (USA)	USA	SLUS-00932
NCAA Football 2000 (USA) (Rev 1)	USA	SLUS-00932
NCAA Football 2001 (USA)	USA	SLUS-01219
NCAA Football 98 (USA)	USA	SLUS-00514
NCAA Football 99 (USA)	USA	SLUS-00688
NCAA Football GameBreaker (USA)	USA	SCUS-94509
NCAA GameBreaker 2000 (USA)	USA	SCUS-94557
NCAA GameBreaker 2001 (USA)	USA	SCUS-94573
NCAA GameBreaker 98 (USA)	USA	SCUS-94172
NCAA GameBreaker 99 (USA)	USA	SCUS-94246
NCAA March Madness 2000 (USA)	USA	SLUS-01023
NCAA March Madness 2001 (USA)	USA	SLUS-01320
NCAA March Madness 99 (USA)	USA	SLUS-00805
NFL Blitz (USA)	USA	SLUS-00617
NFL Blitz 2000 (Europe)	Europe	SLES-02335
NFL Blitz 2000 (USA)	USA	SLUS-00861
NFL Blitz 2001 (USA)	USA	SLUS-01146
NFL Full Contact (USA)	USA	SLUS-00047
NFL GameDay (Europe)	Europe	SCES-00219
NFL GameDay (USA)	USA	SCUS-94505
NFL GameDay 2000 (USA)	USA	SCUS-94556
NFL GameDay 2001 (USA)	USA	SCUS-94575
NFL GameDay 2002 (USA)	USA	SCUS-94639
NFL GameDay 2003 (USA, Canada)	USA	SCUS-94665
NFL GameDay 2004 (USA)	USA	SCUS-94690
NFL GameDay 2005 (USA)	USA	SCUS-94695
NFL GameDay 97 (USA)	USA	SCUS-94510
NFL GameDay 98 (USA)	USA	SCUS-94173
NFL GameDay 99 (USA)	USA	SCUS-94234
NFL GameDay 99 (USA)	USA	SCUS-94274
NFL GameDay 99 (USA) (Rev 1)	USA	SCUS-94234
NFL Quarterback Club '97 (Europe)	Europe	SLES-00449
NFL Quarterback Club '97 (USA)	USA	SLUS-00011
NFL Xtreme (Europe)	Europe	SCES-01490
NFL Xtreme (USA)	USA	SCUS-94245
NFL Xtreme 2 (USA)	USA	SCUS-94420
NHL 2000 (Europe) (En,Sv,Fi)	Europe	SLES-02225
NHL 2000 (Europe) (Fr,Cs)	Europe	SLES-02226
NHL 2000 (Germany)	Germany	SLES-02227
NHL 2000 (USA)	USA	SLUS-00965
NHL 2001 (Europe) (En,Sv,Fi)	Europe	SLES-03139
NHL 2001 (Europe) (Fr,Cs)	Europe	SLES-03155
NHL 2001 (Germany)	Germany	SLES-03154
NHL 2001 (USA)	USA	SLUS-01264
NHL 97 (Europe)	Europe	SLES-00492
NHL 97 (Germany)	Germany	SLES-00533
NHL 97 (Japan)	Japan	SLPS-00861
NHL 97 (USA)	USA	SLUS-00030
NHL 98 (Europe) (En,Sv,Fi)	Europe	SLES-00907
NHL 98 (Germany)	Germany	SLES-00512
NHL 98 (USA)	USA	SLUS-00519
NHL 99 (Europe) (En,Fr,Sv,Fi)	Europe	SLES-01445
NHL 99 (Germany)	Germany	SLES-01458
NHL 99 (USA)	USA	SLUS-00735
NHL Blades of Steel 2000 (Europe)	Europe	SLES-02514
NHL Blades of Steel 2000 (Japan)	Japan	SLPM-86193
NHL Blades of Steel 2000 (USA)	USA	SLUS-00825
NHL Breakaway 98 (Europe)	Europe	SLES-00624
NHL Breakaway 98 (USA)	USA	SLUS-00391
NHL Championship 2000 (Europe) (En,Fr,De,Sv)	Europe	SLES-02298
NHL Championship 2000 (USA)	USA	SLUS-00925
NHL Face Off '97 (Europe)	Europe	SCES-00392
NHL Face Off '97 (USA)	USA	SCUS-94550
NHL Face Off (Europe)	Europe	SCES-00220
NHL Face Off (USA)	USA	SCUS-94504
NHL FaceOff 2000 (Europe)	Europe	SCES-02451
NHL FaceOff 2000 (USA)	USA	SCUS-94558
NHL FaceOff 2001 (USA)	USA	SCUS-94577
NHL FaceOff 98 (Europe)	Europe	SCES-01022
NHL FaceOff 98 (USA)	USA	SCUS-94174
NHL FaceOff 99 (Europe)	Europe	SCES-01736
NHL FaceOff 99 (USA)	USA	SCUS-94235
NHL Open Ice - 2 on 2 Challenge (USA)	USA	SLUS-00327
NHL PowerRink '97 (Japan)	Japan	SIPS-60018
NHL Powerplay '96 (Japan)	Japan	SLPS-00595
NHL Powerplay '96 (USA)	USA	SLUS-00227
NHL Powerplay (Europe)	Europe	SLES-00313
NHL Powerplay 98 (Europe) (En,Fr,De)	Europe	SLES-00418
NHL Powerplay 98 (USA) (En,Fr,De)	USA	SLUS-00528
NHL Rock the Rink (Europe)	Europe	SLES-02794
NHL Rock the Rink (USA)	USA	SLUS-01085
Nagano Winter Olympics '98 (Europe)	Europe	SLES-00999
Nagano Winter Olympics '98 (USA)	USA	SLUS-00591
Nage Libre - Rasen no Soukoku (Japan)	Japan	SLPS-00692
Nainai no Meitantei (Japan)	Japan	SLPS-02500
Najavu no Daibouken - My Favorite Namjatown (Japan)	Japan	SLPM-86601
Nakajima Miyuki - Namiromu (Japan)	Japan	SLPS-01625
Namco Anthology 1 (Japan)	Japan	SLPS-01220
Namco Anthology 2 (Japan)	Japan	SLPS-01221
Namco Demo (Europe)	Europe	SCED-00789
Namco Demo CD (USA)	USA	SLUS-90008
Namco Museum Encore (Japan)	Japan	SLPS-01050
Namco Museum Encore (Japan) (Shokai Gentei Special Box)	Japan	SLPS-00765
Namco Museum Encore (Japan) (Shokai Gentei Special Box) (Rev 1)	Japan	SLPS-91163
Namco Museum Vol. 1 (Europe)	Europe	SCES-00243
Namco Museum Vol. 1 (Japan)	Japan	SLPS-00107
Namco Museum Vol. 1 (Japan)	Japan	SLPS-91158
Namco Museum Vol. 1 (USA)	USA	SLUS-00215
Namco Museum Vol. 1 (USA) (Rev 1)	USA	SLUS-00215
Namco Museum Vol. 2 (Europe)	Europe	SCES-00267
Namco Museum Vol. 2 (Japan)	Japan	SLPS-00210
Namco Museum Vol. 2 (Japan)	Japan	SLPS-91159
Namco Museum Vol. 2 (Japan) (Gentei Box)	Japan	SLPS-00209
Namco Museum Vol. 2 (USA)	USA	SLUS-00216
Namco Museum Vol. 3 (Europe)	Europe	SCES-00268
Namco Museum Vol. 3 (Japan)	Japan	SLPS-00390
Namco Museum Vol. 3 (Japan)	Japan	SLPS-91160
Namco Museum Vol. 3 (USA)	USA	SLUS-00398
Namco Museum Vol. 4 (Europe)	Europe	SCES-00701
Namco Museum Vol. 4 (Japan)	Japan	SLPS-00540
Namco Museum Vol. 4 (Japan)	Japan	SLPS-91161
Namco Museum Vol. 4 (USA)	USA	SLUS-00416
Namco Museum Vol. 5 (Europe)	Europe	SCES-00702
Namco Museum Vol. 5 (Japan)	Japan	SLPS-00705
Namco Museum Vol. 5 (Japan)	Japan	SLPS-91162
Namco Museum Vol. 5 (USA)	USA	SLUS-00417
Namco Soccer Prime Goal (Europe)	Europe	SCES-00266
Namco Tennis Smash Court (Europe)	Europe	SCES-00263
Nanatsu no Hikan (Japan) (Disc 1)	Japan	SLPM-86179
Nanatsu no Hikan (Japan) (Disc 1)	Japan	SLPS-00410
Nanatsu no Hikan (Japan) (Disc 2)	Japan	SLPM-86180
Nanatsu no Hikan (Japan) (Disc 2)	Japan	SLPS-00411
Nanatsu no Hikan (Japan) (Disc 3)	Japan	SLPM-86181
Nanatsu no Hikan (Japan) (Disc 3)	Japan	SLPS-00412
Naniwa Kinyuudou - Aoki Yuji no Seken Munazanyou (Japan)	Japan	SLPS-03049
Naniwa Wangan Battle - Tarzan Yamada & AutoSelect Sawa Kyoudai (Japan)	Japan	SLPS-01206
Naniwa Wangan Battle - Tarzan Yamada & AutoSelect Sawa Kyoudai (Japan)	Japan	SLPS-02535
Naniwa no Akindo - Futte Nanbo no Saikoro Jinsei (Japan)	Japan	SLPS-00768
NanoTek Warrior (Europe)	Europe	SLES-00329
NanoTek Warrior (Japan)	Japan	SLPS-00835
NanoTek Warrior (USA)	USA	SLUS-00325
Naruto - Shinobi no Sato no Jintori Gassen (Japan)	Japan	SLPS-03553
Natsuiro Kenjutsu Komachi (Japan)	Japan	SLPS-02667
Natsuiro Kenjutsu Komachi (Japan)	Japan	SLPS-03565
Natsuiro Kenjutsu Komachi (Japan) (Disc 1) (Shokai Gentei Seisanban)	Japan	SLPS-02665
Natsuiro Kenjutsu Komachi (Japan) (Disc 2) (Special Disc) (Shokai Gentei Seisanban)	Japan	SLPS-02666
Navit (Japan)	Japan	SLPS-01530
Navit (Japan)	Japan	SLPS-02525
Nazoou (Japan)	Japan	SLPS-00447
Necronomicon - Das Mysterium der Daemmerung (Germany) (Disc 1)	Germany	SLES-03495
Necronomicon - Das Mysterium der Daemmerung (Germany) (Disc 2)	Germany	SLES-13495
Necronomicon - El Alba de las Tinieblas (Spain) (Disc 1)	Spain	SLES-03497
Necronomicon - El Alba de las Tinieblas (Spain) (Disc 2)	Spain	SLES-13497
Necronomicon - Ispirato alle opere di H.P. Lovecraft (Italy) (Disc 1)	Italy	SLES-03496
Necronomicon - Ispirato alle opere di H.P. Lovecraft (Italy) (Disc 2)	Italy	SLES-13496
Necronomicon - L'Aube des Tenebres (France) (Disc 1)	France	SLES-03494
Necronomicon - L'Aube des Tenebres (France) (Disc 2)	France	SLES-13494
Necronomicon - O Despertar das Trevas (Portugal) (Disc 1)	Portugal	SLES-03498
Necronomicon - O Despertar das Trevas (Portugal) (Disc 2)	Portugal	SLES-13498
Necronomicon - The Dawning of Darkness (Europe) (Disc 1)	Europe	SLES-03493
Necronomicon - The Dawning of Darkness (Europe) (Disc 2)	Europe	SLES-13493
Nectaris (Japan)	Japan	SLPS-01245
Nectaris - Military Madness (USA)	USA	SLUS-00764
Need for Speed - High Stakes (Australia)	Australia	SLES-01876
Need for Speed - High Stakes (USA)	USA	SLUS-00826
Need for Speed - Porsche 2000 (Europe) (En,De,Sv)	Europe	SLES-02689
Need for Speed - Porsche 2000 (Europe) (Fr,Es,It)	Europe	SLES-02700
Need for Speed - Porsche Unleashed (USA)	USA	SLUS-01104
Need for Speed - Road Challenge (Europe) (En,Es,It)	Europe	SLES-01790
Need for Speed - Road Challenge (Europe) (En,Sv)	Europe	SLES-01788
Need for Speed - Road Challenge (Europe) (Fr,De)	Europe	SLES-01789
Need for Speed - V-Rally (USA)	USA	SLUS-00590
Need for Speed - V-Rally 2 (USA)	USA	SLUS-01003
Need for Speed II (Europe) (En,Fr,De,Es,It,Sv)	Europe	SLES-00658
Need for Speed II (USA)	USA	SLUS-00276
Need for Speed III - Hot Pursuit (Europe) (En,Fr,De,Es,It,Sv)	Europe	SLES-01154
Need for Speed III - Hot Pursuit (USA)	USA	SLUS-00620
Nekketsu Oyako (Japan)	Japan	SLPS-00006
Neko Zamurai (Japan) (Disc 1)	Japan	SLPS-01543
Neko Zamurai (Japan) (Disc 2)	Japan	SLPS-01544
Neko Zamurai (Japan) (Disc 3)	Japan	SLPS-01545
Neko na Ka-N-Ke-I (Japan)	Japan	SLPS-01616
Nemuru Mayu (Japan)	Japan	SLPS-02597
Neo Atlas (Japan)	Japan	SLPS-01212
Neo Atlas (Japan)	Japan	SLPS-91117
Neo Atlas II (Japan)	Japan	SLPS-02238
Neo Atlas II (Japan)	Japan	SLPS-02974
Neo Planet (Japan)	Japan	SLPS-00323
Neon Genesis Evangelion - Original Screen Saver (Japan)	Japan	PAPX-90051
Neorude (Japan) (Disc 1) (Game Disc)	Japan	SLPS-00823
Neorude (Japan) (Disc 2) (Special Disc)	Japan	SLPS-00824
Neorude - Kizamareta Monshou (Japan)	Japan	SLPS-02417
Neorude 2 (Japan)	Japan	SLPS-01112
Nessa no Hoshi (Japan) (Disc 1)	Japan	SLPS-00913
Nessa no Hoshi (Japan) (Disc 2)	Japan	SLPS-00914
Nestle Disney Demo (Europe)	Europe	SCED-03913
Netz Magazine - Altezza (Japan)	Japan	SLPM-86163
Netz Magazine - Vitz (Japan)	Japan	SLPM-80377
Neues (Japan)	Japan	SLPS-02559
Newcomer - Be a Popstar (Germany)	Germany	SLES-03659
Newman Haas Racing (Europe) (En,Fr,De,It)	Europe	SLES-00933
Newman Haas Racing (USA)	USA	SLUS-00602
Next Demo 4 (Italy) (En,It)	Italy	SLED-02022
Next Demo 5 (Italy) (En,It)	Italy	SLED-02076
Next Demo 6 (Italy) (En,It)	Italy	SLED-02041
Next Demo 7 (Italy) (En,It)	Italy	SLED-02156
Next Demo 9 (Italy) (En,It)	Italy	SLED-02157
Next King - Koi no Sennen Oukoku (Japan)	Japan	SLPS-00859
Next King - Koi no Sennen Oukoku (Japan) (Genteiban)	Japan	SLPS-00858
Next Station 1 (Italy) (En,It)	Italy	SLED-01750
Next Station 2 (Italy) (En,It)	Italy	SLED-01873
Next Station 3 (Italy) (En,It)	Italy	SLED-01953
Next Tetris DLX, The (Japan)	Japan	SLPS-02507
Next Tetris, The (Europe) (En,Fr,De,Es,It,Nl)	Europe	SLES-01987
Next Tetris, The (Japan)	Japan	SLPS-01774
Next Tetris, The (Japan)	Japan	SLPS-02701
Next Tetris, The (USA)	USA	SLUS-00862
Next Wave Herbst '98 (Germany)	Germany	SLED-01512
Nibiiro no Koubou - 32-nin no Senshachou (Japan)	Japan	SLPS-00721
Nibiiro no Koubou - 32-nin no Senshachou (Japan)	Japan	SLPS-02321
Nice Cats (Europe) (En,Fr,De,Nl)	Europe	SLES-02960
Nice Price Series Vol. 01 - Nihon Pro Mahjong Renmei Kounin - Honkaku Pro Mahjong (Japan)	Japan	SLPS-03351
Nice Price Series Vol. 02 - Honkaku Shougi Shinan (Japan)	Japan	SLPS-03352
Nice Price Series Vol. 03 - Hanafuda & Card Game (Japan)	Japan	SLPS-03369
Nice Price Series Vol. 04 - Billiard King (Japan)	Japan	SLPS-03368
Nice Price Series Vol. 05 - Chess & Reversi (Japan)	Japan	SLPS-03383
Nice Price Series Vol. 06 - Quiz de Battle (Japan)	Japan	SLPS-03384
Nice Price Series Vol. 07 - World Tournament Bowling (Japan)	Japan	SLPS-03398
Nice Price Series Vol. 08 - Elemental Pinball (Japan)	Japan	SLPS-03399
Nice Price Series Vol. 09 - Paradise Casino (Japan)	Japan	SLPS-03409
Nice Price Series Vol. 10 - Igo o Utou! (Japan)	Japan	SLPS-03410
Nice Price Series Vol. 11 - Nikakudori Deluxe (Japan)	Japan	SLPS-03431
Nichibutsu Arcade Classics (Japan)	Japan	SLPS-00184
Nichibutsu Mahjong - Joshikou Meijinsen (Japan)	Japan	SLPS-00038
Nick Jr. Dora the Explorer - Barnyard Buddies (Europe)	Europe	SLES-04173
Nick Jr. Dora the Explorer - Barnyard Buddies (USA)	USA	SLUS-01576
Nickelodeon Les Razmoket - 100% Angelica (France)	France	SLES-03545
Nickelodeon Les Razmoket - A la Recherche de Reptar (France)	France	SLES-01669
Nickelodeon Les Razmoket - Font leur Cinema (France)	France	SLES-02524
Nickelodeon Rocket Power - Sauvetage Extreme (France)	France	SLES-03732
Nickelodeon Rocket Power - Team Rocket Rescue (Europe)	Europe	SLES-03702
Nickelodeon Rocket Power - Team Rocket Rescue (USA)	USA	SLUS-01353
Nickelodeon Rugrats - Alla Ricerca di Reptar (Italy)	Italy	SLES-01671
Nickelodeon Rugrats - Auf der Suche nach Reptar (Germany)	Germany	SLES-01670
Nickelodeon Rugrats - De Speurtocht naar Reptar (Netherlands)	Netherlands	SLES-01672
Nickelodeon Rugrats - Excursion al estudio (Spain)	Spain	SLES-02911
Nickelodeon Rugrats - La Busqueda de Reptar (Spain)	Spain	SLES-02049
Nickelodeon Rugrats - Search for Reptar (Europe)	Europe	SLES-01538
Nickelodeon Rugrats - Search for Reptar (USA)	USA	SLUS-00650
Nickelodeon Rugrats - Studio Tour (Europe)	Europe	SLES-02525
Nickelodeon Rugrats - Studio Tour (Germany)	Germany	SLES-02523
Nickelodeon Rugrats - Studio Tour (Italy)	Italy	SLES-02912
Nickelodeon Rugrats - Studio Tour (USA)	USA	SLUS-00880
Nickelodeon Rugrats - Totally Angelica (Europe)	Europe	SLES-03544
Nickelodeon Rugrats - Totally Angelica (USA)	USA	SLUS-01364
Nickelodeon Rugrats en Paris - La pelicula (Spain)	Spain	SLES-03344
Nickelodeon Rugrats in Paris - The Movie (Europe)	Europe	SLES-03342
Nickelodeon Rugrats in Paris - The Movie (USA)	USA	SLUS-01116
Nickelodeon SpongeBob SquarePants - SuperSponge (Europe)	Europe	SLES-03704
Nickelodeon SpongeBob SquarePants - SuperSponge (USA)	USA	SLUS-01352
Nicktoons Racing (Europe) (En,Fr,De,Es,It,Pt)	Europe	SLES-03153
Nicktoons Racing (USA)	USA	SLUS-01047
Night Head - The Labyrinth (Japan)	Japan	SLPS-00111
Night Raid (Japan)	Japan	SLPM-87048
Night Striker (Japan)	Japan	SLPS-00050
Nightmare Creatures (Europe)	Europe	SCES-00582
Nightmare Creatures (Germany)	Germany	SCES-00684
Nightmare Creatures (Japan)	Japan	SIPS-60027
Nightmare Creatures (USA)	USA	SLUS-00582
Nightmare Creatures II (Europe) (En,Fr,De)	Europe	SLES-02751
Nightmare Creatures II (USA)	USA	SLUS-01112
Nightmare Project - Yakata (Japan) (Disc 1)	Japan	SLPS-01045
Nightmare Project - Yakata (Japan) (Disc 2)	Japan	SLPS-01046
Nightmare Project - Yakata (Japan) (Disc 3)	Japan	SLPS-01047
Nightruth - Explanation of the Paranormal - 'Yami no Tobira' (Japan)	Japan	SLPS-00561
Nihon Pro Golf Kyoukai Kanshuu - Double Eagle (Japan)	Japan	SLPS-00658
Nihon Pro Golf Kyoukai Kanshuu - Double Eagle (Japan)	Japan	SLPS-01667
Nihon Pro Golf Kyoukai Kanshuu - Double Eagle (Japan)	Japan	SLPS-02796
Nihon Pro Mahjong Renmei Kounin - Doujou Yaburi (Japan)	Japan	SLPS-00793
Nihon Pro Mahjong Renmei Kounin - Doujou Yaburi 2 (Japan)	Japan	SLPS-03128
Nihon Pro Mahjong Renmei Kounin - Honkaku Pro Mahjong - Shin Tetsuman (Japan)	Japan	SLPS-01653
Nihon Pro Mahjong Renmei Kounin - Honkaku Pro Mahjong - Shin Tetsuman (Japan)	Japan	SLPS-02802
Nihon Pro Mahjong Renmei Kounin - Tehodoki Mahjong Nyuumon-hen (Japan)	Japan	SLPS-01826
Nihon Pro Mahjong Renmei Kounin - Tehodoki Mahjong Nyuumon-hen (Japan)	Japan	SLPS-02853
Nihon Sumou Kyoukai Kounin - Nihon Oozumou (Japan)	Japan	SLPM-86575
Nijiiro Dodgeball - Otometachi no Seishun (Japan)	Japan	SLPM-87039
Nijiiro Twinkle - Guru Guru Daisakusen (Japan)	Japan	SLPS-01506
Ningyo no Rakuin (Japan)	Japan	SLPS-02854
Ninja - L'Ombre des Tenebres (France)	France	SLES-00757
Ninja - Shadow of Darkness (Europe)	Europe	SLES-01554
Ninja - Shadow of Darkness (Europe) (Es,It)	Europe	SLES-00756
Ninja - Shadow of Darkness (Germany)	Germany	SLES-00758
Ninja - Shadow of Darkness (USA)	USA	SLUS-00435
Ninja Jajamaru-kun - Onigiri Ninpouchou (Japan)	Japan	SLPS-00494
Ninkuu (Japan)	Japan	SLPS-00172
Ninpuu Sentai Hurricanger & Kamen Rider Ryuuki (Japan) (2-dai Hero Special Disc Taikenban)	Japan	SLPM-80639
Ninpuu Sentai Hurricanger (Japan)	Japan	SLPS-03493
Ninteiou - Zen Nihon Tsume Shougi Renmei Kaichou Okada Toshi no Tsume Shougi Kyoushitsu (Japan)	Japan	SLPS-01757
Nippon Ichi Mahjong - Souryuu (Japan) (Major Wave)	Japan	SLPM-86917
Nise Flopon-kun P! Famitsuu Nottori Version (Japan)	Japan	SLPM-80003
Nishijin Pachinko Tengoku EX (Japan)	Japan	SLPS-02175
Nishijin Pachinko Tengoku Vol. 1 (Japan)	Japan	SLPS-00614
Nishijin Pachinko Tengoku Vol. 2 (Japan)	Japan	SLPS-00886
Nishijin Pachinko Tengoku Vol. 3 (Japan)	Japan	SLPS-01761
Nishijin Pachinko Tettei Kouryaku - CR Hanaman Sokuhou & CR Obake Land (Japan)	Japan	SLPS-03268
Nissan Presents - Over Drivin' - Skyline Memorial (Japan)	Japan	SLPS-01024
No Fear Downhill Mountain Bike Racing (USA)	USA	SLUS-01000
No Fear Downhill Mountain Biking (Europe) (En,Fr,De,Es,It,Sv)	Europe	SLES-00849
No One Can Stop Mr. Domino (Europe)	Europe	SLES-01354
No One Can Stop Mr. Domino (USA)	USA	SLUS-00804
No-appointment Gals Olympos - Apo Nashi Gals Olympos (Japan)	Japan	SLPS-00493
Nobunaga Hiroku - Geten no Yume (Japan)	Japan	SLPS-00862
Nobunaga Shippuuki - Kirameki (Japan)	Japan	SLPS-00337
Nobunaga no Yabou - Bushou Fuuunroku (Japan)	Japan	SLPM-86604
Nobunaga no Yabou - Haouden (Japan)	Japan	SLPM-86992
Nobunaga no Yabou - Haouden (Japan)	Japan	SLPS-00106
Nobunaga no Yabou - Haouden (Japan)	Japan	SLPS-91022
Nobunaga no Yabou - Reppuuden (Japan)	Japan	SLPM-86300
Nobunaga no Yabou - Reppuuden (Japan) (Rev 1)	Japan	SLPM-86887
Nobunaga no Yabou - Reppuuden with Power-Up Kit (Japan)	Japan	SLPM-86483
Nobunaga no Yabou - Returns (Japan)	Japan	SLPS-00423
Nobunaga no Yabou - Sengoku Gunyuuden (Japan)	Japan	SLPS-01247
Nobunaga no Yabou - Shouseiroku (Japan)	Japan	SLPS-01115
Nobunaga no Yabou - Shouseiroku (Japan) (Rev 1)	Japan	SLPM-86376
Nobunaga no Yabou - Shouseiroku with Power-Up Kit (Japan)	Japan	SLPM-86194
Nobunaga no Yabou - Tenshouki (Japan)	Japan	SLPM-86152
Nobunaga no Yabou - Tenshouki (Japan)	Japan	SLPS-00319
Nobunaga no Yabou - Tenshouki with Power-Up Kit (Japan)	Japan	SLPS-00980
Nobunaga no Yabou - Zenkokuban (Japan)	Japan	SLPM-86605
Noddy - Una Aventura Magica (Spain)	Spain	SLES-03529
Noddy's Magic Adventure (Europe) (En,Fr)	Europe	SLES-02878
Noel - La Neige (Japan) (Disc 1)	Japan	SLPS-01193
Noel - La Neige (Japan) (Disc 1) (Special Edition)	Japan	SLPS-01190
Noel - La Neige (Japan) (Disc 2)	Japan	SLPS-01194
Noel - La Neige (Japan) (Disc 2) (Special Edition)	Japan	SLPS-01191
Noel - La Neige (Japan) (Disc 3)	Japan	SLPS-01195
Noel - La Neige (Japan) (Disc 3) (Special Edition)	Japan	SLPS-01192
Noel - La Neige Special (Japan)	Japan	SLPS-01515
Noel - Not Digital (Japan) (Disc 1)	Japan	SLPS-00304
Noel - Not Digital (Japan) (Disc 1)	Japan	SLPS-00316
Noel - Not Digital (Japan) (Disc 1) (Rev 1)	Japan	SLPS-00316
Noel - Not Digital (Japan) (Disc 1) (Rev 1)	Japan	SLPS-91043
Noel - Not Digital (Japan) (Disc 2)	Japan	SLPS-00305
Noel - Not Digital (Japan) (Disc 2)	Japan	SLPS-00317
Noel - Not Digital (Japan) (Disc 2)	Japan	SLPS-91044
Noel 3 - Mission on the Line (Japan) (Disc 1)	Japan	SLPS-01895
Noel 3 - Mission on the Line (Japan) (Disc 1) (Major Wave)	Japan	SLPM-86609
Noel 3 - Mission on the Line (Japan) (Disc 2)	Japan	SLPS-01896
Noel 3 - Mission on the Line (Japan) (Disc 2) (Major Wave)	Japan	SLPM-86610
Noel 3 - Mission on the Line (Japan) (Disc 3)	Japan	SLPS-01897
Noel 3 - Mission on the Line (Japan) (Disc 3) (Major Wave)	Japan	SLPM-86611
Noon (Japan)	Japan	SLPM-86063
Norse by Norsewest - The Return of the Lost Vikings (USA)	USA	SLUS-00466
Not Treasure Hunter (Japan)	Japan	SLPS-00274
Notam of Wind (Japan, Asia)	Japan	SCPS-45111
Notam of Wind (Japan, Asia)	Japan	SLPS-00912
Note, The (Europe) (En,Fr,De,Es,It)	Europe	SLES-00749
Novastorm (Europe) (Disc 1)	Europe	SCES-00011
Novastorm (Europe) (Disc 2)	Europe	SCES-10011
Novastorm (Japan) (Disc 1)	Japan	SLPS-00314
Novastorm (Japan) (Disc 2)	Japan	SLPS-00315
Novastorm (USA) (Disc 1)	USA	SCUS-94404
Novastorm (USA) (Disc 2)	USA	SCUS-94407
Novels - Game Center Arashi R (Japan)	Japan	SLPS-02009
NuPa - Numeric Paint Puzzle (Japan)	Japan	SLPS-00294
Nuclear Strike (Europe)	Europe	SLES-00919
Nuclear Strike (France)	France	SLES-00920
Nuclear Strike (Germany)	Germany	SLES-00921
Nuclear Strike (USA)	USA	SLUS-00518
Nukumori no Naka de - In the Warmth (Japan)	Japan	SLPM-86880
Nurse Story (Japan)	Japan	SLPS-01939
Nyan to Wonderful (Japan)	Japan	SLPS-00442
Nyan to Wonderful (Japan)	Japan	SLPS-91047
O.D.T. (Europe)	Europe	SLES-01391
O.D.T. (France)	France	SLES-01409
O.D.T. (Germany)	Germany	SLES-01410
O.D.T. (Italy)	Italy	SLES-01411
O.D.T. (Spain)	Spain	SLES-01412
O.D.T. (USA)	USA	SLUS-00698
OPSM Best Ever Ever Games Demo (Europe)	Europe	SCED-02851
OPSM Best Games Ever 2000 (Europe)	Europe	SCED-03375
OPSM Best PS One Games Ever (Europe, Australia)	Europe	SCED-03239
OPSM Best Racing Game Ever (Europe)	Europe	SCED-02492
OPSM Platinum Special Demo All (Europe)	Europe	SCED-02122
Oasis Road (Japan)	Japan	SLPS-01899
Ocha no Ma Battle (Japan)	Japan	SLPM-86681
Oda Nobunaga Den (Japan)	Japan	SLPM-86337
Oda Nobunaga Den (Japan)	Japan	SLPS-01595
Oddworld - Abe's Exoddus (Europe) (Disc 1)	Europe	SLES-01480
Oddworld - Abe's Exoddus (Europe) (Disc 2)	Europe	SLES-11480
Oddworld - Abe's Exoddus (Germany) (Disc 1)	Germany	SLES-01503
Oddworld - Abe's Exoddus (Germany) (Disc 2)	Germany	SLES-11503
Oddworld - Abe's Exoddus (Italy) (Disc 1)	Italy	SLES-01504
Oddworld - Abe's Exoddus (Italy) (Disc 2)	Italy	SLES-11504
Oddworld - Abe's Exoddus (Spain) (Disc 1)	Spain	SLES-01505
Oddworld - Abe's Exoddus (Spain) (Disc 2)	Spain	SLES-11505
Oddworld - Abe's Exoddus (USA) (Disc 1)	USA	SLUS-00710
Oddworld - Abe's Exoddus (USA) (Disc 2)	USA	SLUS-00731
Oddworld - Abe's Exoddus + Duke Nukem - Time to Kill + Duke Nukem - 3D (France) (En,Fr)	France	SLED-01655
Oddworld - Abe's Oddysee (Europe)	Europe	SLES-00664
Oddworld - Abe's Oddysee (Germany)	Germany	SLES-00839
Oddworld - Abe's Oddysee (Italy)	Italy	SLES-00840
Oddworld - Abe's Oddysee (Spain)	Spain	SLES-00841
Oddworld - Abe's Oddysee (USA)	USA	SLUS-00190
Oddworld - Abe's Oddysee (USA) (Rev 1)	USA	SLUS-00190
Oddworld - Abe's Oddysee (USA) (Rev 2)	USA	SLUS-00190
Oddworld - L'Exode d'Abe (France) (Disc 1)	France	SLES-01502
Oddworld - L'Exode d'Abe (France) (Disc 2)	France	SLES-11502
Oddworld - L'Odyssee d'Abe (France)	France	SLES-00838
Odo Odo Oddity (Japan)	Japan	SLPS-00754
Oehlins Hyper-Rally (Japan)	Japan	SLPS-00462
Off-World Interceptor Extreme (Europe)	Europe	SLES-00047
Off-World Interceptor Extreme (Japan)	Japan	SLPS-00122
Off-World Interceptor Extreme (USA)	USA	SLUS-00020
Official Fan Book - Circadia - Special CD-ROM (Japan)	Japan	SCZS-94106
Official U.S. PlayStation Magazine Demo Disc 01 (USA)	USA	SCUS-94189
Official U.S. PlayStation Magazine Demo Disc 02 (USA)	USA	SCUS-94198
Official U.S. PlayStation Magazine Demo Disc 03 (USA)	USA	SCUS-94210
Official U.S. PlayStation Magazine Demo Disc 04 (USA)	USA	SCUS-94211
Official U.S. PlayStation Magazine Demo Disc 05 (USA)	USA	SCUS-94212
Official U.S. PlayStation Magazine Demo Disc 06 (USA)	USA	SCUS-94213
Official U.S. PlayStation Magazine Demo Disc 07 (USA)	USA	SCUS-94214
Official U.S. PlayStation Magazine Demo Disc 08 (USA)	USA	SCUS-94215
Official U.S. PlayStation Magazine Demo Disc 09 (USA)	USA	SCUS-94216
Official U.S. PlayStation Magazine Demo Disc 10 (USA)	USA	SCUS-94217
Official U.S. PlayStation Magazine Demo Disc 11 (USA)	USA	SCUS-94218
Official U.S. PlayStation Magazine Demo Disc 12 (USA)	USA	SCUS-94219
Official U.S. PlayStation Magazine Demo Disc 13 (USA)	USA	SCUS-94275
Official U.S. PlayStation Magazine Demo Disc 14 (USA)	USA	SCUS-94276
Official U.S. PlayStation Magazine Demo Disc 15 (USA)	USA	SCUS-94277
Official U.S. PlayStation Magazine Demo Disc 16 (USA)	USA	SCUS-94278
Official U.S. PlayStation Magazine Demo Disc 17 (USA)	USA	SCUS-94279
Official U.S. PlayStation Magazine Demo Disc 18 (USA)	USA	SCUS-94280
Official U.S. PlayStation Magazine Demo Disc 19 (USA)	USA	SCUS-94281
Official U.S. PlayStation Magazine Demo Disc 20 (USA)	USA	SCUS-94282
Official U.S. PlayStation Magazine Demo Disc 21 (USA)	USA	SCUS-94429
Official U.S. PlayStation Magazine Demo Disc 22 (USA)	USA	SCUS-94430
Official U.S. PlayStation Magazine Demo Disc 23 (USA)	USA	SCUS-94431
Official U.S. PlayStation Magazine Demo Disc 24 (USA)	USA	SCUS-94432
Official U.S. PlayStation Magazine Demo Disc 25 (USA)	USA	SCUS-94433
Official U.S. PlayStation Magazine Demo Disc 26 (USA)	USA	SCUS-94434
Official U.S. PlayStation Magazine Demo Disc 27 (USA)	USA	SCUS-94435
Official U.S. PlayStation Magazine Demo Disc 28 (USA)	USA	SCUS-94436
Official U.S. PlayStation Magazine Demo Disc 29 (USA)	USA	SCUS-94437
Official U.S. PlayStation Magazine Demo Disc 30 (USA)	USA	SCUS-94438
Official U.S. PlayStation Magazine Demo Disc 31 (USA)	USA	SCUS-94499
Official U.S. PlayStation Magazine Demo Disc 32 (USA)	USA	SCUS-94583
Official U.S. PlayStation Magazine Demo Disc 33 (USA)	USA	SCUS-94591
Official U.S. PlayStation Magazine Demo Disc 34 (USA)	USA	SCUS-94593
Official U.S. PlayStation Magazine Demo Disc 35 (USA)	USA	SCUS-94596
Official U.S. PlayStation Magazine Demo Disc 36 (USA)	USA	SCUS-94599
Official U.S. PlayStation Magazine Demo Disc 37 (USA)	USA	SCUS-94614
Official U.S. PlayStation Magazine Demo Disc 38 (USA)	USA	SCUS-94617
Official U.S. PlayStation Magazine Demo Disc 39 (USA)	USA	SCUS-94622
Official U.S. PlayStation Magazine Demo Disc 40 (USA)	USA	SCUS-94628
Official U.S. PlayStation Magazine Demo Disc 41 (USA)	USA	SCUS-94630
Official U.S. PlayStation Magazine Demo Disc 42 (USA)	USA	SCUS-94631
Official U.S. PlayStation Magazine Demo Disc 43 (USA)	USA	SCUS-94634
Official U.S. PlayStation Magazine Demo Disc 43 (USA) (EDC)	USA	SCUS-94634
Official U.S. PlayStation Magazine Demo Disc 44 (USA)	USA	SCUS-94637
Official U.S. PlayStation Magazine Demo Disc 45 (USA)	USA	SCUS-94645
Official U.S. PlayStation Magazine Demo Disc 46 (USA)	USA	SCUS-94649
Official U.S. PlayStation Magazine Demo Disc 47 (USA)	USA	SCUS-94652
Official U.S. PlayStation Magazine Demo Disc 48 (USA)	USA	SCUS-94655
Official U.S. PlayStation Magazine Demo Disc 50 (USA)	USA	SCUS-94658
Official U.S. PlayStation Magazine Demo Disc 52 (USA)	USA	SCUS-94662
Official U.S. PlayStation Magazine Demo Disc 54 (USA)	USA	SCUS-94664
Official Yarudora Fan Book - Double Cast - CD-ROM Special Data-shuu (Japan)	Japan	SCZS-94101
Official Yarudora Fan Book - Kisetsu o Dakishimete (Japan)	Japan	SCZS-94102
Official Yarudora Fan Book - Sampaguita (Japan)	Japan	SCZS-94103
Official Yarudora Fan Book - Yukiwari no Hana - CD-ROM Special Data-shuu (Japan)	Japan	SCZS-94104
Ogre Battle - Limited Edition (USA)	USA	SLUS-00467
Oh No! (Japan)	Japan	SLPS-02764
Oh! Bakyuuun (Japan)	Japan	SLPS-02680
Oh-chan no Oekaki Logic (Japan)	Japan	SLPS-00093
Oh-chan no Oekaki Logic (Japan)	Japan	SLPS-01568
Oh-chan no Oekaki Logic (Japan)	Japan	SLPS-03116
Oh-chan no Oekaki Logic 2 (Japan)	Japan	SLPS-00345
Oh-chan no Oekaki Logic 2 (Japan) (Rev 1)	Japan	SLPS-02145
Oh-chan no Oekaki Logic 2 (Japan) (Rev 1)	Japan	SLPS-03117
Oh-chan no Oekaki Logic 3 (Japan)	Japan	SLPS-03134
Oha Suta Dance Dance Revolution (Japan)	Japan	SLPM-86603
Oja Majo DoReMi Dokkan! Nijiiro ParaDice (Japan)	Japan	SLPS-03497
Ojousama Express (Japan) (Disc 1)	Japan	SLPS-01495
Ojousama Express (Japan) (Disc 2)	Japan	SLPS-01496
Okappari-ou (Japan)	Japan	SLPS-01524
Olympia, Takasago - Virtua Pachi-Slot III (Japan)	Japan	SLPS-01386
Olympia, Yamasa - Virtua Pachi-Slot II - Jissen! Bishoujo Kouryakuhou (Japan)	Japan	SLPS-00714
Olympic Games (Europe) (En,Fr,De,Es,It)	Europe	SLES-00110
Olympic Soccer (Europe) (En,Fr,De,Es,It)	Europe	SLES-00113
Olympic Soccer (Germany)	Germany	SLES-00294
Olympic Soccer (Japan)	Japan	SLPS-00523
Olympic Soccer (USA)	USA	SLUS-00156
Olympic Summer Games (USA)	USA	SLUS-00148
Omega Assault (Europe)	Europe	SLES-04051
Omega Boost (Europe) (En,Fr,De,Es,It)	Europe	SCES-02120
Omega Boost (Japan) (En,Ja)	Japan	SCPS-10020
Omega Boost (USA)	USA	SCUS-94449
Omiai Commando - Ba-Couple ni Tsukkomi o (Japan)	Japan	SLPM-86439
Omise de Tenshu (Japan)	Japan	SLPS-01876
Omizu no Hanamichi (Japan)	Japan	SLPS-02815
One (Europe) (En,Fr,De,Es,It)	Europe	SLES-00944
One (Japan)	Japan	SLPS-01812
One (USA)	USA	SLUS-00469
One Piece Mansion (Europe)	Europe	SLES-03723
One Piece Mansion (Japan)	Japan	SLPM-86837
One Piece Mansion (USA)	USA	SLUS-01406
One Two Smash - Tanoshii Tennis (Japan)	Japan	SLPS-02585
Ongaku Tkool - Kanadeeru 2 (Japan)	Japan	SLPS-00903
Ongaku Tkool - Kanadeeru 2 (Japan) (Rerelease)	Japan	SLPS-02684
Ongaku Tkool 3 (Japan)	Japan	SLPS-03161
Oni Taiji!!, The - Mezase! Nidaime Momotarou (Japan)	Japan	SLPS-00089
Oni Taiji!!, The - Mezase! Nidaime Momotarou (Japan) (Major Wave)	Japan	SLPM-86989
Onside Complete Soccer (Europe) (En,Fr,De,Es)	Europe	SLES-00079
Onside Complete Soccer (Europe) (En,Fr,De,Es) (Rev 1)	Europe	SLES-00079
Ooedo Fuusui Ingaritsu - Hanabi 2 (Japan)	Japan	SLPS-02814
Ooumi Nobunaga Den - Geten II (Japan)	Japan	SLPS-00874
Open Golf, The - History of Turnberry (Japan)	Japan	SLPS-00418
Option - Tuning Car Battle (Japan)	Japan	SLPS-01207
Option - Tuning Car Battle (Japan) (Rev 1)	Japan	SLPS-91037
Option - Tuning Car Battle 2 (Japan)	Japan	SLPS-01857
Option - Tuning Car Battle Spec R (Japan)	Japan	SLPS-02587
Oracle no Houseki - Jewels of the Oracle (Japan) (En,Ja,Fr,De)	Japan	SLPS-00240
Ore no Ryouri (Japan)	Japan	SCPS-10099
Ore no Ryouri (Japan)	Japan	SCPS-91207
Ore no Shikabane o Koete Yuke (Japan)	Japan	SCPS-10074
Ore no Shikabane o Koete Yuke (Japan)	Japan	SCPS-91130
Ore no Shikabane o Koete Yuke (Japan)	Japan	SCPS-91198
Ore no Shikabane o Koete Yuke (Japan)	Japan	SCPS-91330
Ore no Shikabane o Koete Yuke (Japan) (Tentou-you Movie Disc)	Japan	PCPX-96160
Ore no Yotto - Ganbare! Nippon Challenge (Japan) (En,Ja)	Japan	SLPS-02132
Ore! Tomba (Japan)	Japan	SLPS-01144
Oro e Gloria - La Strada per El Dorado (Italy)	Italy	SLES-03186
Oro y Gloria - La Ruta hacia El Dorado (Spain)	Spain	SLES-03187
Osaka Naniwa Matenrou (Japan)	Japan	SLPS-02013
Oshigoto-shiki Jinsei Game - Mezase Shokugyou King (Japan)	Japan	SLPM-87316
Oshigoto-shiki Jinsei Game - Mezase Shokugyou King (Japan)	Japan	SLPS-03056
Otenki Kororin (Japan)	Japan	SLPM-87047
Othello World II - Yume to Michi e no Chousen (Japan)	Japan	SLPS-00136
Othello World II - Yume to Michi e no Chousen (Japan)	Japan	SLPS-01174
Other Life Azure Dreams (Japan, Asia)	Japan	SCPS-45126
Other Life Azure Dreams (Japan, Asia)	Japan	SLPM-86047
Otogi Story - Tenshi no Shippo (Japan)	Japan	SLPS-03531
Otona no Asobi (Japan)	Japan	SLPS-02459
Oujisama Lv1 (Japan)	Japan	SLPS-03412
Oujisama Lv1.5 - Oujisama no Tamago (Japan)	Japan	SLPS-03534
Oukyuu no Hihou Tension (Japan)	Japan	SLPS-00438
Oukyuu no Hihou Tension (Japan)	Japan	SLPS-02594
Oumagatoki (Japan)	Japan	SLPS-03235
Oumagatoki (Japan)	Japan	SLPS-91521
Oumagatoki (Japan) (Premium Fan Disc)	Japan	SLPM-80623
Oumagatoki 2 (Japan)	Japan	SLPS-03272
Our Graduation - Mahjong de Pon! Hanafuda de Koi! (Japan) (Disc 1) (Mahjong de Pon!)	Japan	SLPS-02576
Our Graduation - Mahjong de Pon! Hanafuda de Koi! (Japan) (Disc 2) (Hanafuda de Koi!)	Japan	SLPS-02577
Out Live - Be Eliminate Yesterday (Japan)	Japan	SLPS-00746
Over Drivin' DX (Japan)	Japan	SLPS-00327
Over Drivin' DX - Rally Edition (Japan)	Japan	SLPM-80032
Over Drivin' II (Japan)	Japan	SLPS-00895
Over Drivin' III - Hot Pursuit (Japan)	Japan	SLPS-01593
Over Drivin' IV (Japan)	Japan	SLPS-02099
OverBlood (Europe)	Europe	SLES-00768
OverBlood (France)	France	SLES-00769
OverBlood (Germany)	Germany	SLES-00770
OverBlood (Japan)	Japan	SLPS-00392
OverBlood (Japan)	Japan	SLPS-91032
OverBlood (Japan) (Major Wave)	Japan	SLPM-86641
OverBlood (USA)	USA	SLUS-00464
OverBlood 2 (Europe) (Disc 1)	Europe	SLES-01879
OverBlood 2 (Europe) (Disc 1) (Rev 1)	Europe	SLES-01879
OverBlood 2 (Europe) (Disc 2)	Europe	SLES-11879
OverBlood 2 (Europe) (Disc 2) (Rev 1)	Europe	SLES-11879
OverBlood 2 (Germany) (Disc 1) (Rev 1)	Germany	SLES-02187
OverBlood 2 (Germany) (Disc 2) (Rev 1)	Germany	SLES-12187
OverBlood 2 (Italy) (Disc 1)	Italy	SLES-01880
OverBlood 2 (Italy) (Disc 2)	Italy	SLES-11880
OverBlood 2 (Japan) (Disc 1)	Japan	SLPS-01261
OverBlood 2 (Japan) (Disc 2)	Japan	SLPS-01262
OverBlood 2 - The East Edge File (Japan)	Japan	SLPM-80270
Overboard! (Europe)	Europe	SLES-00865
Oyaji no Jikan - Nee-chan Hanafuda de Shoubu ya! (Japan)	Japan	SLPS-02591
Oyaji no Jikan - Nee-chan Mahjong de Shoubu ya! (Japan)	Japan	SLPS-03262
Oyaji no Jikan - Nee-chan Tsuri Iku de! (Japan)	Japan	SLPS-02590
Oyako Entertainment Series - TV Kamishibai Vol. 1 (Japan)	Japan	SLPM-86393
Oz no Mahoutsukai - Another World - Rung Rung (Japan)	Japan	SLPS-02335
PAQA (Japan)	Japan	SCPS-10097
PD Ultraman Invader (Japan)	Japan	SLPS-00195
PGA European Tour Golf (Europe) (En,De)	Europe	SLES-02061
PGA European Tour Golf (Europe) (Fr,Es,It)	Europe	SLES-02396
PGA Tour 96 (Europe)	Europe	SLES-00073
PGA Tour 96 (Japan)	Japan	SLPS-00245
PGA Tour 96 (USA)	USA	SLUS-00016
PGA Tour 97 (Europe)	Europe	SLES-00437
PGA Tour 97 (Japan)	Japan	SLPS-00758
PGA Tour 97 (USA)	USA	SLUS-00261
PGA Tour 98 (Europe)	Europe	SLES-00908
PGA Tour 98 (USA)	USA	SLUS-00517
PO'ed (Europe) (En,Fr,De,Es,It)	Europe	SLES-00168
PO'ed (Japan)	Japan	SLPS-00437
PO'ed (USA)	USA	SLUS-00097
PS One Demo Disc 02 (Europe) (En,Fr,De,Es,It)	Europe	SCED-03675
PS One Demo Disc 2002 (Europe) (En,Fr,De,Es,It)	Europe	SCED-03920
PS One Kids Autumn 2000 (Europe) (En,Fr,De,Es,It)	Europe	SCED-03238
PS One Kids Autumn 2000 (France) (En,Fr,De,Es,It)	France	SCED-03340
PS One Special Demo 01 (Europe) (En,Fr,De,Es,It)	Europe	SCED-03175
PS One Winter 03 Kiosk Version 1.21 (USA)	USA	SCUS-94696
PSone - Wherever, Whenever, Forever. (USA)	USA	SCUS-94799
PSone - Wherever, Whenever, Forever. (USA) (EDC)	USA	SCUS-94799
PSone Xmas Special (France)	France	SCED-04019
PaRappa the Rapper (Asia) (En,Ja,Fr,De,Es,It,Zh)	Asia	SCPS-45051
PaRappa the Rapper (Japan)	Japan	SCPS-18002
PaRappa the Rapper (Japan)	Japan	SCPS-91070
PaRappa the Rapper (Japan)	Japan	SCPS-91307
PaRappa the Rapper (USA) (En,Fr,De,Es,It)	USA	SCUS-94183
PaRappa the Rapper - The Hip Hop Hero (Europe) (En,Fr,De,Es,It)	Europe	SCES-00743
Pac-Man World - 20th Anniversary (Europe)	Europe	SCES-00934
Pac-Man World - 20th Anniversary (France)	France	SCES-02277
Pac-Man World - 20th Anniversary (Germany)	Germany	SCES-02278
Pac-Man World - 20th Anniversary (Italy)	Italy	SCES-02279
Pac-Man World - 20th Anniversary (Japan)	Japan	SLPS-02345
Pac-Man World - 20th Anniversary (Spain)	Spain	SCES-02280
Pac-Man World - 20th Anniversary (USA)	USA	SLUS-00439
Paca Paca Passion (Japan)	Japan	SLPS-02122
Paca Paca Passion 2 (Japan)	Japan	SLPS-02720
Paca Paca Passion 2 (Japan) (Taikenban)	Japan	SLPM-80546
Paca Paca Passion Special (Japan)	Japan	SLPS-03420
Pachi Pachi Saga (Japan)	Japan	SLPS-00288
Pachi Slot Teiou - Big Wave, Pika Gorou, BB Junky 7 (Japan)	Japan	SLPS-01848
Pachi Slot Teiou W - Arabesque R, Hot Rod Queen (Japan)	Japan	SLPS-02782
Pachi-Slot Aruze Oukoku (Japan)	Japan	SLPS-01968
Pachi-Slot Aruze Oukoku 2 (Japan)	Japan	SLPS-02416
Pachi-Slot Aruze Oukoku 2 (Japan) (PSone Books)	Japan	SLPS-91493
Pachi-Slot Aruze Oukoku 3 (Japan)	Japan	SLPS-02846
Pachi-Slot Aruze Oukoku 4 (Japan)	Japan	SLPS-03089
Pachi-Slot Aruze Oukoku 4 (Japan) (Deluxe Pack)	Japan	SLPS-03088
Pachi-Slot Aruze Oukoku 4 (Japan) (PSone Books)	Japan	SLPS-91499
Pachi-Slot Aruze Oukoku 5 (Japan)	Japan	SLPS-03280
Pachi-Slot Aruze Oukoku 7 (Japan) (Disc 2) (4th Reel Disc)	Japan	SLPS-03440
Pachi-Slot Kanzen Kaiseki - Wai Wai Pulsar 2 & 77 2 (Japan)	Japan	SLPS-01308
Pachi-Slot Kanzen Kouryaku - Aruze Koushiki Guide Volume 4 (Japan)	Japan	SLPS-02127
Pachi-Slot Kanzen Kouryaku - Cranky Pro (Japan)	Japan	SLPS-01023
Pachi-Slot Kanzen Kouryaku - Takasago Super Project (Japan)	Japan	SLPS-03110
Pachi-Slot Kanzen Kouryaku - Takasago Super Project 2 (Japan)	Japan	SLPM-86962
Pachi-Slot Kanzen Kouryaku - Universal Koushiki Guide Volume 1 (Japan)	Japan	SLPS-00752
Pachi-Slot Kanzen Kouryaku - Universal Koushiki Guide Volume 2 (Japan)	Japan	SLPS-00943
Pachi-Slot Kanzen Kouryaku - Universal Koushiki Guide Volume 3 (Japan)	Japan	SLPS-01550
Pachi-Slot Kanzen Kouryaku - Universal Koushiki Guide Volume 3 (Japan)	Japan	SLPS-91186
Pachi-Slot Master - Sammy SP (Japan)	Japan	SLPS-01927
Pachi-Slot Teiou - Battle Knight, Atlantis Doom (Japan)	Japan	SLPS-03108
Pachi-Slot Teiou - Beat the Dragon 2 (Japan)	Japan	SLPS-03029
Pachi-Slot Teiou - Beat the Dragon 2 (Japan)	Japan	SLPS-03475
Pachi-Slot Teiou - Bunny Girl SP (Japan)	Japan	SLPS-03265
Pachi-Slot Teiou - Dateline Pegasus (Japan)	Japan	SLPS-03455
Pachi-Slot Teiou - Golgo 13, Las Vegas (Japan)	Japan	SLPS-03441
Pachi-Slot Teiou - Maker Suishou Manual Vol. 2 - Ice Story (Japan)	Japan	SLPS-03158
Pachi-Slot Teiou - Maker Suishou Manual Vol. 2 - Ice Story (Japan)	Japan	SLPS-03478
Pachi-Slot Teiou - Maker Suishou Manual Vol. 3 - I'm Angel - White 2 & Blue 2 (Japan)	Japan	SLPS-03130
Pachi-Slot Teiou - Maker Suishou Manual Vol. 3 - I'm Angel - White 2 & Blue 2 (Japan)	Japan	SLPS-03477
Pachi-Slot Teiou - Maker Suishou Manual Vol. 4 - Exhaust, Ooedo Sakura Fubuki 2 (Japan)	Japan	SLPS-03217
Pachi-Slot Teiou - Maker Suishou Manual Vol. 5 - Race Queen 2, Tomcat (Japan)	Japan	SLPS-03245
Pachi-Slot Teiou - Maker Suishou Manual Vol. 6 - Takarabune (Japan)	Japan	SLPS-03329
Pachi-Slot Teiou - Maker Suishou Manual Vol. 7 - Trick Monster 2 (Japan)	Japan	SLPS-03391
Pachi-Slot Teiou - Naniwa Sakura Fubuki (Japan)	Japan	SLPS-03423
Pachi-Slot Teiou - Shimauta-30, Twist, Nangoku Monogatari-30 (Japan)	Japan	SLPS-03442
Pachi-Slot Teiou - Yamasa Remix (Japan)	Japan	SLPS-02905
Pachi-Slot Teiou 2 - Kagetsu, Two Pair, Beaver X (Japan)	Japan	SLPS-02217
Pachi-Slot Teiou 3 - Sea Master X, Epsilon R, Wai Wai Pulsar 2 (Japan)	Japan	SLPS-02413
Pachi-Slot Teiou 4 - Oicho Kaba X, Magical Pops, LequiO-30 (Japan)	Japan	SLPS-02564
Pachi-Slot Teiou 4 - Oicho Kaba X, Magical Pops, LequiO-30 (Japan) (Best of the Best)	Japan	SLPS-02888
Pachi-Slot Teiou 5 - Kongdom, Super Star Dust 2, Flying Momonga (Japan)	Japan	SLPS-02627
Pachi-Slot Teiou 5 - Kongdom, Super Star Dust 2, Flying Momonga (Japan) (Best of the Best)	Japan	SLPS-03149
Pachi-Slot Teiou 6 - Kung-Fu Lady, BangBang, Prelude 2 (Japan)	Japan	SLPS-02657
Pachi-Slot Teiou 7 - Maker Suishou Manual Vol. 1 - Beat the Dragon 2, Lupin Sansei, Hot Rod Queen (Japan)	Japan	SLPS-02991
Pachi-Slot Teiou Mini - Dr. A7 (Japan)	Japan	SLPS-02114
Pachinko & Pachi-Slot - Parlor! Pro Extra - CR Inakappe Taishou A & Pachi-Slot Lupin Sansei (Japan)	Japan	SLPS-02860
Pachinko Dream (Japan)	Japan	SLPM-86006
Pachinko Hall - Shinsou Daikaiten (Japan)	Japan	SLPS-01089
Pachinko Teiou - CR Sore Ute Hama-chan 2 & CR Sore Yuke Matchan S (Japan)	Japan	SLPS-03254
Pachio-kun - Pachinko Land Daibouken (Japan)	Japan	SLPS-00037
Pachitte Chonmage - Ouendan & C. C. Girls (Japan)	Japan	SLPS-02419
Pachitte Chonmage 2 - Kyoraku Kounin Tanukichi 2000 & Jungle P (Japan)	Japan	SLPS-02575
Pachitte Chonmage 3 - Kyoraku Kounin Gladiator & Tama-chan (Japan)	Japan	SLPS-03422
Pajama Sam - You Are What You Eat from Your Head to Your Feet (Europe)	Europe	SLES-03576
Pajama Sam - You Are What You Eat from Your Head to Your Feet (USA)	USA	SLUS-01389
Pal - Shinken Densetsu (Japan)	Japan	SLPS-00346
Pal - Shinken Densetsu (Japan)	Japan	SLPS-91067
Palm Town (Japan)	Japan	SLPS-01820
Palm Town (Japan) (Major Wave)	Japan	SLPM-87018
Pandemonium 2 (Europe)	Europe	SLES-00965
Pandemonium 2 (USA)	USA	SLUS-00578
Pandemonium! (Europe)	Europe	SLES-00526
Pandemonium! (USA)	USA	SLUS-00232
Pandemonium! (USA) (Rev 1)	USA	SLUS-00232
Pandora Max Series Vol. 1 - Dragon Knights Glorious (Japan)	Japan	SLPS-02391
Pandora Max Series Vol. 2 - Shisha no Yobu Yakata (Japan)	Japan	SLPS-02551
Pandora Max Series Vol. 2 - Shisha no Yobu Yakata (Japan) (Rev 1)	Japan	SLPS-02551
Pandora Max Series Vol. 3 - Rubbish Blazon (Japan)	Japan	SLPS-02637
Pandora Max Series Vol. 4 - Catch! Kimochi Sensation (Japan)	Japan	SLPS-02712
Pandora Max Series Vol. 5 - Gochachiru (Japan)	Japan	SLPS-02944
Pandora Max Series Vol. 6 - Oni Zero - Fukkatsu (Japan)	Japan	SLPS-03106
Pandora Project - The Logic Master (Japan)	Japan	SLPS-00347
Panekit - Infinitive Crafting Toy Case (Japan)	Japan	SCPS-10096
Panekit - Infinitive Crafting Toy Case (Japan) (Rev 1)	Japan	SCPS-10096
Panel Quiz Attack 25 (Japan)	Japan	SLPS-01162
Panzer Bandit (Japan)	Japan	SLPS-00899
Panzer Front (Europe) (En,Fr,De)	Europe	SLES-03339
Panzer Front (Japan)	Japan	SLPS-02503
Panzer Front (USA)	USA	SLUS-01399
Panzer Front bis. (Japan)	Japan	SLPS-03111
Panzer General (Europe)	Europe	SLES-00041
Panzer General (Japan)	Japan	SLPS-00552
Panzer General (USA)	USA	SLUS-00132
Pao Leeming Kanshuu - Fuusui Nyuumon (Japan)	Japan	SLPM-86695
Paradise Casino (Europe)	Europe	SLES-04048
Paranoia Scape (Japan)	Japan	SLPS-01375
Parasite Eve (Japan) (Disc 1)	Japan	SLPS-01230
Parasite Eve (Japan) (Disc 2)	Japan	SLPS-01231
Parasite Eve (USA) (Disc 1)	USA	SLUS-00662
Parasite Eve (USA) (Disc 2)	USA	SLUS-00668
Parasite Eve - Special CD-ROM (Japan)	Japan	SLPM-80300
Parasite Eve II (Europe) (Disc 1)	Europe	SLES-02558
Parasite Eve II (Europe) (Disc 2)	Europe	SLES-12558
Parasite Eve II (France) (Disc 1)	France	SLES-02559
Parasite Eve II (France) (Disc 2)	France	SLES-12559
Parasite Eve II (Germany) (Disc 1)	Germany	SLES-02560
Parasite Eve II (Germany) (Disc 2)	Germany	SLES-12560
Parasite Eve II (Italy) (Disc 1)	Italy	SLES-02562
Parasite Eve II (Italy) (Disc 2)	Italy	SLES-12562
Parasite Eve II (Japan, Asia) (Disc 1)	Japan	SCPS-45467
Parasite Eve II (Japan, Asia) (Disc 1)	Japan	SLPS-02480
Parasite Eve II (Japan, Asia) (Disc 2)	Japan	SCPS-45468
Parasite Eve II (Japan, Asia) (Disc 2)	Japan	SLPS-02481
Parasite Eve II (Spain) (Disc 1)	Spain	SLES-02561
Parasite Eve II (Spain) (Disc 2)	Spain	SLES-12561
Parasite Eve II (USA, Canada) (Disc 1)	USA	SLUS-01042
Parasite Eve II (USA, Canada) (Disc 2)	USA	SLUS-01055
Paris-Marseille Racing (France)	France	SLES-03108
Paris-Marseille Racing II (France)	France	SLES-03918
Parlor Station (Japan)	Japan	SLPS-01539
Parlor Station (Japan) (Rerelease)	Japan	SLPS-02732
Parlor! Pro (Japan)	Japan	SLPS-00838
Parlor! Pro (Japan)	Japan	SLPS-91183
Parlor! Pro 2 (Japan)	Japan	SLPS-01043
Parlor! Pro 2 (Japan) (Rev 1)	Japan	SLPS-01043
Parlor! Pro 3 (Japan)	Japan	SLPS-01453
Parlor! Pro 4 (Japan)	Japan	SLPS-01646
Parlor! Pro 4 (Japan)	Japan	SLPS-91185
Parlor! Pro 5 (Japan)	Japan	SLPS-01828
Parlor! Pro 6 (Japan)	Japan	SLPS-01859
Parlor! Pro 7 (Japan)	Japan	SLPS-01971
Parlor! Pro 8 (Japan)	Japan	SLPS-02483
Parlor! Pro Collection (Japan)	Japan	SLPS-02949
Parlor! Pro Jr. Collection (Japan)	Japan	SLPS-02781
Parlor! Pro Jr. Vol. 1 - CR Dera Maitta J-3 (Japan)	Japan	SLPS-02092
Parlor! Pro Jr. Vol. 2 - CR Lupin Sansei K (Japan)	Japan	SLPS-02357
Parlor! Pro Jr. Vol. 3 - CR Shin Pikaichi Tengoku T (Japan)	Japan	SLPS-02426
Parlor! Pro Jr. Vol. 4 - Thunder Skeleton X (Japan)	Japan	SLPS-02519
Parlor! Pro Jr. Vol. 5 - CR Fruit World X (Japan)	Japan	SLPS-02562
Parlor! Pro Jr. Vol. 6 - CR Tsumo Tsumo Tengoku Nan 2-kyoku (Japan)	Japan	SLPS-02690
Parlor! Pro Special - CR Harenchi Gakuen & CR Toukon (Japan)	Japan	SLPS-02996
Paro Wars (Japan)	Japan	SLPM-86016
Parodius (Europe)	Europe	SLES-00036
Pastel Muses (Japan)	Japan	SLPS-00959
Patlabor - The Game - Taikenban Ver. 1.0 (Japan)	Japan	SLPS-01804
Patriotic Pinball (Europe) (En,Fr,De,It)	Europe	SLES-04092
Patriotic Pinball (USA)	USA	SLUS-01539
Pax Corpus (Europe) (En,Fr,De)	Europe	SLES-00953
Peak Performance (Europe)	Europe	SLES-00727
Peak Performance (USA)	USA	SLUS-00400
Pebble Beach no Hatou Plus (Japan)	Japan	SLPS-00632
Penny Racers (Europe)	Europe	SCES-00391
Pepsiman (Japan)	Japan	SLPS-01762
Pequenos Guerreros (Spain)	Spain	SLES-01583
Perfect Assassin (Europe) (En,Fr,De,Es,It)	Europe	SLES-00805
Perfect Fishing - Bass Tsuri (Japan)	Japan	SLPS-02409
Perfect Fishing - Isozuri (Japan)	Japan	SLPS-02410
Perfect Golf 2 (Japan)	Japan	SLPS-01394
Perfect Golf, The (Japan)	Japan	SLPS-00087
Perfect Performer - The Yellow Monkey (Japan)	Japan	SLPS-02135
Perfect Weapon (Europe)	Europe	SLES-00581
Perfect Weapon (France)	France	SLES-00685
Perfect Weapon (Germany)	Germany	SLES-00686
Perfect Weapon (Italy)	Italy	SLES-00687
Perfect Weapon (USA)	USA	SLUS-00341
Persona (USA)	USA	SLUS-00339
Persona 2 - Batsu - Eternal Punishment (Japan) (Disc 1)	Japan	SLPM-86967
Persona 2 - Batsu - Eternal Punishment (Japan) (Disc 1)	Japan	SLPS-02825
Persona 2 - Batsu - Eternal Punishment (Japan) (Disc 1) (Deluxe Pack)	Japan	SLPS-02785
Persona 2 - Batsu - Eternal Punishment (Japan) (Disc 2) (Sumaru TV Special Preview Disc)	Japan	SLPS-02826
Persona 2 - Batsu - Eternal Punishment (Japan) (Disc 2) (Sumaru TV Special Preview Disc) (Deluxe Pack)	Japan	SLPS-02786
Persona 2 - Eternal Punishment (USA)	USA	SLUS-01158
Persona 2 - Eternal Punishment (USA) (Bonus Disc)	USA	SLUS-01339
Persona 2 - Tsumi - Innocent Sin (Japan)	Japan	SLPS-02100
Persona 2 - Tsumi - Innocent Sin (Japan) (Rev 1)	Japan	SLPS-91211
Pet Pet Pet (Japan)	Japan	SLPS-03082
Pet in TV (Europe)	Europe	SCES-00981
Pet in TV (France)	France	SCES-01357
Pet in TV (Germany)	Germany	SCES-01358
Pet in TV - With My Dear Dog (Japan)	Japan	SCPS-10111
Peter Jacobsen's Golden Tee Golf (USA)	USA	SLUS-01130
Peter Pan in Disney's Return to Never Land (USA)	USA	SCUS-94643
Petit Dinosaure, Le - Retour vers la Grande Vallee (France)	France	SLES-02982
Phat Air - Extreme Snowboarding (Europe)	Europe	SLES-01178
Philosoma (Europe) (En,Fr,De)	Europe	SCES-00059
Philosoma (Japan)	Japan	SCPS-10009
Philosoma (USA)	USA	SCUS-94403
Philosoma Art Book Movie CD-ROM (Japan)	Japan	SCPM-85002
Philosoma Ver. 0 - Movie CD-ROM (Japan)	Japan	PCPX-96012
Phix - The Adventure (USA)	USA	SLUS-01523
Photo Genic (Japan)	Japan	SLPS-01116
Photo Genic (Japan) (Genteiban)	Japan	SLPS-01092
Pi to Mail (Japan)	Japan	SLPS-01866
Pierrafeu, Les - Bedrock Bowling (France)	France	SLES-03319
Pikiinya! Excellent (Japan)	Japan	SLPS-01345
Pikupiku Sentaro - Puzzle de Gohan! (Japan)	Japan	SLPS-01847
Pilot ni Narou! (Japan)	Japan	SLPS-01600
Pilot ni Narou! (Japan)	Japan	SLPS-91165
Pilot ni Narou! (Japan)	Japan	SLPS-91498
Pinball Fantasies Deluxe (Japan)	Japan	SLPS-00482
Pinball Power (Europe)	Europe	SLES-02922
Pink Panther - Pinkadelic Pursuit (Europe) (En,Fr,De,Es,It)	Europe	SLES-03932
Pink Panther - Pinkadelic Pursuit (USA)	USA	SLUS-01451
Pinobee (USA)	USA	SLUS-01494
Pinobee no Daibouken (Japan)	Japan	SLPM-87110
Pinocchia no Miru Yume (Japan)	Japan	SLPS-01587
Pipe Dreams 3D (USA)	USA	SLUS-01409
Pipe Mania 3D (Europe) (En,Fr,De,Es,It)	Europe	SLES-03400
Pitball (Europe) (En,Fr,De,Es,It)	Europe	SLES-00201
Pitball (Japan)	Japan	SLPS-00607
Pitball (USA)	USA	SLUS-00146
Pitfall 3D - Beyond the Jungle (Europe)	Europe	SLES-00481
Pitfall 3D - Beyond the Jungle (France)	France	SLES-00836
Pitfall 3D - Beyond the Jungle (Germany)	Germany	SLES-00837
Pitfall 3D - Beyond the Jungle (Japan)	Japan	SLPS-01669
Pitfall 3D - Beyond the Jungle (USA)	USA	SLUS-00254
Pixygarden (Japan) (Disc 1) (Game Disc)	Japan	SLPS-02290
Pixygarden (Japan) (Disc 2) (Extra Disc)	Japan	SLPS-02291
Pizza Hut Demo 01 (Europe)	Europe	SCED-02520
Pizza Hut Demo 01 (France)	France	SCED-02833
Pizza Hut Demo 02 (Europe)	Europe	SCED-02521
Pizza Hut Demo CD (USA)	USA	SCUS-94292
Pizza Hut Disc 1 (USA)	USA	SCUS-94480
Pizza Hut Disc 2 (USA)	USA	SCUS-94481
Pizza Hut Disc 2 (USA) (EDC)	USA	SCUS-94481
Planet Dob (Japan)	Japan	SLPS-02111
Planet Laika (Japan)	Japan	SLPM-86264
Planet of the Apes (Europe) (En,Fr,De,Es,It)	Europe	SLES-03844
Planet of the Apes (USA)	USA	SLUS-01468
Play Fun 01-00 (Germany)	Germany	SLED-02519
Play Fun 02-00 (Germany)	Germany	SLED-02309
Play Fun 04-00 (Germany)	Germany	SLED-02594
Play Fun 06-99 (Germany)	Germany	SLED-02065
Play Fun 07-99 (Germany)	Germany	SLED-02110
Play Fun 09-99 (Germany)	Germany	SLED-02188
Play Fun 10-99 (Germany)	Germany	SLED-02291
Play Fun 11-99 (Germany)	Germany	SLED-02311
Play Fun 12-99 (Germany)	Germany	SLED-02414
Play Fun 3-00 (Germany)	Germany	SLED-02593
Play Fun 8-99 (Germany)	Germany	SLED-02155
Play It (Europe)	Europe	SLES-00221
Play Power 5 (Spain)	Spain	SLED-02138
Play Zone Vol. 18 (Germany)	Germany	SLED-02721
Play Zone Vol. 19 (Germany)	Germany	SLED-02832
Play Zone Vol. 20 (Germany)	Germany	SLED-02880
Play Zone Vol. 21 (Germany)	Germany	SLED-02987
Play Zone Vol. 22 (Germany)	Germany	SLED-03049
Play Zone Vol. 23 (Germany)	Germany	SLED-03106
Play Zone Vol. 24 (Germany)	Germany	SLED-03165
Play Zone Vol. 25 (Germany)	Germany	SLED-03255
Play de Oboeru Chuugaku Eitango Deruderu 1200 (Japan)	Japan	SLPS-02543
Play de Oboeru Chuugaku Eitango Deruderu 1200 (Japan) (Shotenban)	Japan	SLPM-89004
Play de Oboeru Eijukugo Deruderu 750 (Japan)	Japan	SLPS-02907
Play de Oboeru Eijukugo Deruderu 750 (Japan) (Shotenban)	Japan	SLPM-89008
Play de Oboeru Eitango Deruderu 1700 - Center Shiken Level Taiou (Japan)	Japan	SLPM-89001
Play de Oboeru Eitango Deruderu 1700 - Center Shiken Level Taiou (Japan) (Rerelease)	Japan	SLPS-02544
Play de Oboeru Eitango Deruderu 1700 - Center Shiken Level Taiou (Japan) (Shotenban)	Japan	SLPM-89002
Play de Oboeru Series - Nihonshi Keyword Deruderu 1800 (Japan)	Japan	SLPS-02697
Play de Oboeru Series - Nihonshi Keyword Deruderu 1800 (Japan) (Shotenban)	Japan	SLPM-89006
Play de Oboeru Series - Sekaishi Keyword Deruderu 1800 (Japan)	Japan	SLPS-02696
Play de Oboeru Series - Sekaishi Keyword Deruderu 1800 (Japan) (Shotenban)	Japan	SLPM-89005
Play de Oboeru Series 6 - Play de Oboeru Kanji Kentei Deruderu 1100 (Japan)	Japan	SLPS-03099
Play de Oboeru Series 6 - Play de Oboeru Kanji Kentei Deruderu 1100 (Japan) (Rev 1)	Japan	SLPS-03099
Play de Oboeru Series 6 - Play de Oboeru Kanji Kentei Deruderu 1100 (Japan) (Shotenban)	Japan	SLPM-89009
Play de Oboeru Series 7 - Play de Oboeru TOEIC Test - Goku Deruderu 1700 (Japan)	Japan	SLPS-03168
Play with the Teletubbies (Europe)	Europe	SLES-02374
Play with the Teletubbies (USA)	USA	SLUS-00959
Play! '98 Fuyu Taikenban (Japan) (Green Disc)	Japan	PAPX-90062
Play! '98 Fuyu Taikenban (Japan) (Red Disc)	Japan	PAPX-90061
Play-Pre PlayStation Soukan Junbigou (Japan)	Japan	PCPD-99501
Play-Pre Plus 001 - 1999 October (Japan) (Disc 1)	Japan	PCPX-96173
Play-Pre Plus 001 - 1999 October (Japan) (Disc 2) (What's Next)	Japan	PCPX-96174
Play-Pre Plus 002 - 1999 December (Japan) (Disc 1)	Japan	PCPX-96186
Play-Pre Plus 002 - 1999 December (Japan) (Disc 2) (What's Next)	Japan	PCPX-96187
Play-Pre Plus 003 - 2000 February (Japan)	Japan	PCPX-96190
Play-Pre Plus 004 - 2000 June (Japan) (Disc 1)	Japan	PCPX-96198
Play-Pre Plus 005 - 2000 August (Japan)	Japan	PCPX-96199
Play-Pre Plus 006 - 2000 October (Japan)	Japan	PCPX-96201
Play-Pre Plus 007 - 2000 December (Japan)	Japan	PCPX-96203
Play-Pre Vol. 1 (Japan)	Japan	PCPX-96017
Play-Pre Vol. 10 (Japan) (Disc 1)	Japan	PCPX-96103
Play-Pre Vol. 10 (Japan) (Disc 2) (CM Collection III)	Japan	PCPX-96104
Play-Pre Vol. 11 (Japan)	Japan	PCPX-96108
Play-Pre Vol. 12 (Japan)	Japan	PCPX-96114
Play-Pre Vol. 13 (Japan) (Disc 1)	Japan	PCPX-96118
Play-Pre Vol. 13 (Japan) (Disc 2) (Yarudora Trial Version)	Japan	PCPX-96119
Play-Pre Vol. 14 (Japan) (Disc 1)	Japan	PCPX-96126
Play-Pre Vol. 14 (Japan) (Disc 2) (Legaia Densetsu Trial Version)	Japan	PAPX-90040
Play-Pre Vol. 14 (Japan) (Disc 2) (Legaia Densetsu Trial Version)	Japan	PCPX-96127
Play-Pre Vol. 15 (Japan) (Disc 1)	Japan	PCPX-96133
Play-Pre Vol. 15 (Japan) (Disc 2)	Japan	PCPX-96134
Play-Pre Vol. 16 (Japan) (Disc 1)	Japan	PCPX-96142
Play-Pre Vol. 16 (Japan) (Disc 2) (CM Collection IV)	Japan	PCPX-96143
Play-Pre Vol. 17 (Japan) (Disc 1)	Japan	PCPX-96148
Play-Pre Vol. 17 (Japan) (Disc 2) (Omega Boost Trial Version)	Japan	PCPX-96149
Play-Pre Vol. 18 (Japan) (Disc 1)	Japan	PCPX-96156
Play-Pre Vol. 18 (Japan) (Disc 2) (What's Next)	Japan	PCPX-96157
Play-Pre Vol. 19 (Japan) (Disc 1)	Japan	PCPX-96167
Play-Pre Vol. 19 (Japan) (Disc 2) (What's Next 1999 Aug)	Japan	PCPX-96168
Play-Pre Vol. 2 (Japan)	Japan	PCPX-96023
Play-Pre Vol. 3 (Japan)	Japan	PCPX-96028
Play-Pre Vol. 4 (Japan)	Japan	PCPX-96039
Play-Pre Vol. 5 (Japan) (Disc 1)	Japan	PCPX-96054
Play-Pre Vol. 5 (Japan) (Disc 2) (CM Collection)	Japan	PCPX-96055
Play-Pre Vol. 6 (Japan) (Disc 1)	Japan	PCPX-96063
Play-Pre Vol. 6 (Japan) (Disc 2) (CM Collection II)	Japan	PCPX-96064
Play-Pre Vol. 7 (Japan)	Japan	PCPX-96075
Play-Pre Vol. 8 (Japan)	Japan	PCPX-96084
Play-Pre Vol. 9 (Japan) (Disc 1)	Japan	PCPX-96093
Play-Pre Vol. 9 (Japan) (Disc 2) (Official Catalog CD-ROM)	Japan	PCPX-96094
PlayStadium (Japan)	Japan	SLPS-00239
PlayStadium 2 (Japan)	Japan	SLPS-00807
PlayStadium 3 (Japan)	Japan	SLPS-01369
PlayStadium 4 - Fumetsu no Dai League Ball (Japan)	Japan	SLPS-02121
PlayStation Comic - 2999-nen no Game Kids (Japan)	Japan	SCPS-19004
PlayStation Comic - Buzzer Beater - Kouhen (Japan)	Japan	SCPS-19007
PlayStation Comic - Buzzer Beater - Zenpen (Japan)	Japan	SCPS-19006
PlayStation Comic - Carol the DarkAngel (Japan)	Japan	SCPS-19003
PlayStation Comic - Space Adventure Cobra - Galaxy Nights (Japan)	Japan	SCPS-19005
PlayStation Comic - Space Adventure Cobra - The Psychogun Vol. 1 (Japan)	Japan	SCPS-19001
PlayStation Comic - Space Adventure Cobra - The Psychogun Vol. 2 (Japan)	Japan	SCPS-19002
PlayStation Demo Disc - Shock Your System! (USA) (SCUS-94482)	USA	SCUS-94482
PlayStation Demo Disc - Shock Your System! (USA) (SCUS-94483)	USA	SCUS-94483
PlayStation Demo Disc - Shock Your System! (USA) (SCUS-94496)	USA	SCUS-94496
PlayStation Demo Disc - Spring 2000 (USA) (SCUS-94594)	USA	SCUS-94594
PlayStation Demo Disc - Spring 2000 (USA, Canada) (SCUS-94595)	USA	SCUS-94595
PlayStation Demo Disc Ver. 1.15 (USA)	USA	SCUS-94619
PlayStation Demo Disc Version 1.3 (USA)	USA	SCUS-94618
PlayStation Demo Disc Version 1.4 (USA)	USA	SCUS-94650
PlayStation Demo Disc Version 1.5 (USA)	USA	SCUS-94674
PlayStation Demo Disc Winter 1999 - Shock Your System! (USA)	USA	SCUS-94497
PlayStation Developer's Demo Disc (USA) (SCUS-94950)	USA	SCUS-94950
PlayStation Developer's Demo Disc (USA) (SCUS-94954)	USA	SCUS-94954
PlayStation Kids (Europe)	Europe	SCED-01229
PlayStation Kiosk Demo Disc 2004-2005 (USA)	USA	SCUS-94705
PlayStation Kiosk Demo Disc Version 1.16 (USA)	USA	SCUS-94651
PlayStation Kiosk Demo Disc Version 1.17 (USA)	USA	SCUS-94663
PlayStation Kiosk Demo Disc Version 1.18 (USA)	USA	SCUS-94667
PlayStation Kiosk Demo Disc Version 1.19 (USA)	USA	SCUS-94675
PlayStation Kiosk Demo Disc Version 1.20 (USA)	USA	SCUS-94678
PlayStation Official Catalog CD-ROM (Japan)	Japan	PCPX-96095
PlayStation Picks (USA) (SCUS-94952)	USA	SPUS-94951
PlayStation Picks (USA) (SCUS-94960)	USA	SCUS-94960
PlayStation Power (Spain)	Spain	SLED-02040
PlayStation Power (Spain) (GT Interactive)	Spain	SLED-01933
PlayStation Power (Spain) (Virgin Interactive)	Spain	SLED-01989
PlayStation Sampler (Europe)	Europe	SCED-01049
PlayStation Speziale Italia (Italy)	Italy	SCED-03103
PlayStation Underground 3.1 (USA) (Disc 1)	USA	SCUS-94440
PlayStation Underground 3.1 (USA) (Disc 2)	USA	SCUS-94441
PlayStation Underground 3.2 (USA) (Disc 1)	USA	SCUS-94442
PlayStation Underground 3.2 (USA) (Disc 2)	USA	SCUS-94443
PlayStation Underground 3.3 (USA) (Disc 1)	USA	SCUS-94444
PlayStation Underground 3.3 (USA) (Disc 2)	USA	SCUS-94445
PlayStation Underground 3.4 (USA) (Disc 1)	USA	SCUS-94446
PlayStation Underground 3.4 (USA) (Disc 2)	USA	SCUS-94447
PlayStation Underground 4.1 (USA) (Disc 1)	USA	SCUS-94565
PlayStation Underground 4.1 (USA) (Disc 2)	USA	SCUS-94566
PlayStation Underground 4.2 (USA) (Disc 1)	USA	SCUS-94612
PlayStation Underground 4.2 (USA) (Disc 2)	USA	SCUS-94613
PlayStation Underground 4.3 (USA) (Disc 1)	USA	SCUS-94620
PlayStation Underground 4.3 (USA) (Disc 2)	USA	SCUS-94621
PlayStation Underground 4.4 (USA) (Disc 1)	USA	SCUS-97120
PlayStation Underground Jampack (USA)	USA	SCUS-94267
PlayStation Underground Jampack (USA)	USA	SCUS-94287
PlayStation Underground Jampack - Fall 2001 (USA)	USA	SCUS-94657
PlayStation Underground Jampack - Summer '99 (USA)	USA	SCUS-94428
PlayStation Underground Jampack - Summer 2K (USA)	USA	SCUS-94587
PlayStation Underground Jampack - Winter '98 (USA)	USA	SCUS-94293
PlayStation Underground Jampack - Winter '99 (USA)	USA	SCUS-94475
PlayStation Underground Jampack - Winter 2000 (USA)	USA	SCUS-94624
PlayStation Underground Number 1 (USA) (Disc 1)	USA	SCUS-94161
PlayStation Underground Number 1 (USA) (Disc 2)	USA	SCUS-94161
PlayStation Underground Number 2 (USA) (Disc 1)	USA	SCUS-94178
PlayStation Underground Number 3 (USA) (Disc 1)	USA	SCUS-94191
PlayStation Underground Number 3 (USA) (Disc 2)	USA	SCUS-94192
PlayStation Underground Number 4 (USA) (Disc 1)	USA	SCUS-94225
PlayStation Underground Number 4 (USA) (Disc 2)	USA	SCUS-94226
PlayStation Underground Volume 2 Issue 1 (USA) (Disc 1)	USA	SCUS-94237
PlayStation Underground Volume 2 Issue 1 (USA) (Disc 2)	USA	SCUS-94238
PlayStation Underground Volume 2 Issue 2 (USA) (Disc 1)	USA	SCUS-94259
PlayStation Underground Volume 2 Issue 2 (USA) (Disc 2)	USA	SCUS-94260
PlayStation Underground Volume 2 Issue 4 (USA) (Disc 1)	USA	SCUS-94298
PlayStation Underground Volume 2 Issue 4 (USA) (Disc 2)	USA	SCUS-94299
PlayStation Underground Volume 2.3 (USA) (Disc 1)	USA	SCUS-94269
PlayStation Underground Volume 2.3 (USA) (Disc 2)	USA	SCUS-94270
PlayStation Zone CD Vol. 1 (Germany)	Germany	SLED-01633
PlayStation Zone CD Vol. 10 (Germany)	Germany	SLED-02190
PlayStation Zone CD Vol. 11 (Germany)	Germany	SLED-02275
PlayStation Zone CD Vol. 12 (Germany)	Germany	SLED-02312
PlayStation Zone CD Vol. 13 (Germany)	Germany	SLED-02381
PlayStation Zone CD Vol. 14 (Germany)	Germany	SLED-02436
PlayStation Zone CD Vol. 15 (Germany)	Germany	SLED-02518
PlayStation Zone CD Vol. 16 (Germany)	Germany	SLED-02592
PlayStation Zone CD Vol. 17 (Germany)	Germany	SLED-02683
PlayStation Zone CD Vol. 2 (Germany)	Germany	SLED-01724
PlayStation Zone CD Vol. 3 (Germany)	Germany	SLED-01773
PlayStation Zone CD Vol. 4 (Germany)	Germany	SLED-01783
PlayStation Zone CD Vol. 5 (Germany)	Germany	SLED-01898
PlayStation Zone CD Vol. 6 (Germany)	Germany	SLED-01968
PlayStation Zone CD Vol. 7 (Germany)	Germany	SLED-02042
PlayStation Zone CD Vol. 8 (Germany)	Germany	SLED-02078
PlayStation Zone CD Vol. 9 (Germany)	Germany	SLED-02139
Player Manager (Europe) (En,Fr,De,Es,It,Sv,No)	Europe	SLES-00319
Player Manager - Epoca 98-99 (Portugal)	Portugal	SLES-02015
Player Manager 2000 (Europe)	Europe	SLES-02325
Player Manager 2000 (Germany)	Germany	SLES-02613
Player Manager 2000 (Portugal)	Portugal	SLES-02844
Player Manager Ninety Nine (Europe)	Europe	SLES-01346
Player Manager Ninety Nine (Germany)	Germany	SLES-01766
Player Manager Novanta Nove (Italy)	Italy	SLES-01767
Plue no Daibouken from Groove Adventure Rave (Japan)	Japan	SLPM-87121
PoPoLoCrois Monogatari (Japan)	Japan	SCPS-10023
PoPoLoCrois Monogatari (Japan) (Rev 1)	Japan	SCPS-10023
PoPoLoCrois Monogatari (Japan) (Rev 1)	Japan	SCPS-91030
PoPoLoCrois Monogatari (Japan) (Rev 1)	Japan	SCPS-91305
PoPoLoCrois Monogatari II (Japan, Asia) (Disc 1)	Japan	SCPS-10112
PoPoLoCrois Monogatari II (Japan, Asia) (Disc 1)	Japan	SCPS-45483
PoPoLoCrois Monogatari II (Japan, Asia) (Disc 1)	Japan	SCPS-91220
PoPoLoCrois Monogatari II (Japan, Asia) (Disc 1)	Japan	SCPS-91313
PoPoLoCrois Monogatari II (Japan, Asia) (Disc 2)	Japan	SCPS-10113
PoPoLoCrois Monogatari II (Japan, Asia) (Disc 2)	Japan	SCPS-45484
PoPoLoCrois Monogatari II (Japan, Asia) (Disc 2)	Japan	SCPS-91221
PoPoLoCrois Monogatari II (Japan, Asia) (Disc 2)	Japan	SCPS-91314
PoPoLoCrois Monogatari II (Japan, Asia) (Disc 3)	Japan	SCPS-10114
PoPoLoCrois Monogatari II (Japan, Asia) (Disc 3)	Japan	SCPS-45485
PoPoLoCrois Monogatari II (Japan, Asia) (Disc 3)	Japan	SCPS-91222
PoPoLoCrois Monogatari II (Japan, Asia) (Disc 3)	Japan	SCPS-91315
PoPoLoCrois Monogatari Official Fan Book - PoPoRoGue no Daizukan - Chotto Ureshii CD-ROM Data-shuu (Japan)	Japan	SCZS-94105
PoPoRoGue (Japan)	Japan	SCPS-10050
PoPoRoGue (Japan) (Rev 1)	Japan	SCPS-91312
PoPoRoGue (Japan) (Yokokuban)	Japan	PAPX-90056
Pocke-Kano - Aida Yumi (Japan)	Japan	SLPS-02497
Pocke-Kano - Houjouin Shizuka (Japan)	Japan	SLPS-02499
Pocke-Kano - Ueno Fumio (Japan)	Japan	SLPS-02498
Pocket DigimonWorld (Japan)	Japan	SLPS-02800
Pocket DigimonWorld - Cool & Nature Battle Disc (Japan)	Japan	SLPS-03146
Pocket DigimonWorld - Wind Battle Disc (Japan)	Japan	SLPS-02992
Pocket Dungeon (Japan)	Japan	SCPS-10075
Pocket Family - Happy Family Plan (Japan)	Japan	SLPS-02134
Pocket Fighter (Europe)	Europe	SLES-01378
Pocket Fighter (Japan)	Japan	SLPS-01360
Pocket Fighter (USA)	USA	SLUS-00653
Pocket Jiman (Japan)	Japan	SCPS-10104
Pocket MuuMuu (Japan)	Japan	SCPS-10076
Pocket Tuner (Japan)	Japan	SLPS-02218
Pocket Zanmai - 3 Title Iri Taikenban (PAQA, PokeTan, Pocket Jiman) (Japan)	Japan	PAPX-90094
Point Blank (Europe) (En,Fr,De)	Europe	SCES-00886
Point Blank (Europe) (En,Fr,De) (Rev 1)	Europe	SCES-00886
Point Blank (USA)	USA	SLUS-00481
Point Blank 2 (Europe, Australia) (En,Fr,De,Es,It)	Europe	SCES-02180
Point Blank 2 (USA)	USA	SLUS-00796
Point Blank 3 (Europe, Australia) (En,Fr,De,Es,It)	Europe	SCES-03383
Point Blank 3 (USA)	USA	SLUS-01354
Poitter's Point (Japan)	Japan	SLPM-86034
Poitter's Point 2 - Sodom no Inbou (Japan, Asia)	Japan	SCPS-45269
Poitter's Point 2 - Sodom no Inbou (Japan, Asia)	Japan	SLPM-86061
PokeTan (Japan)	Japan	SCPS-10102
PokeTan (Japan)	Japan	SCPS-10108
Pokeler (Japan)	Japan	SLPS-02185
Pokeler DX - Black (Japan)	Japan	SLPS-02651
Pokeler DX - Pink (Japan)	Japan	SLPS-02664
Polaris SnoCross (USA)	USA	SLUS-01033
Policenauts (Japan) (Disc 1)	Japan	SLPM-86048
Policenauts (Japan) (Disc 1)	Japan	SLPM-87290
Policenauts (Japan) (Disc 1)	Japan	SLPS-00215
Policenauts (Japan) (Disc 2)	Japan	SLPM-86049
Policenauts (Japan) (Disc 2)	Japan	SLPM-87291
Policenauts (Japan) (Disc 2)	Japan	SLPS-00216
Pong (Europe) (En,Fr,De,Es,It,Nl)	Europe	SLES-02020
Pong - The Next Level (USA)	USA	SLUS-00889
Pooh-san no Minna de Mori no Daikyousou! (Japan)	Japan	SLPS-03460
Pool Academy (Europe) (En,Fr,De)	Europe	SLES-02697
Pool Hustler (Europe)	Europe	SLES-01688
Pool Hustler (USA)	USA	SLUS-00758
Pool Shark (Europe)	Europe	SLES-01537
Pop de Cute na Shinri Test - Alabama (Japan)	Japan	SLPS-02961
Pop n' Pop (Europe)	Europe	SLES-01971
Pop'n Music (Japan)	Japan	SLPM-86183
Pop'n Music - Animation Melody (Japan)	Japan	SLPM-86592
Pop'n Music - Disney Tunes (Japan)	Japan	SLPM-86670
Pop'n Music 2 (Japan)	Japan	SLPM-86294
Pop'n Music 2 (Japan)	Japan	SLPM-86512
Pop'n Music 3 - Append Disc (Japan)	Japan	SLPM-86415
Pop'n Music 4 - Append Disc (Japan)	Japan	SLPM-86649
Pop'n Music 5 (Japan)	Japan	SLPM-86937
Pop'n Music 6 (Japan)	Japan	SLPM-87089
Pop'n Pop (Japan, Asia)	Japan	SCPS-45338
Pop'n Pop (Japan, Asia)	Japan	SLPS-01636
Pop'n Tanks! (Japan)	Japan	SLPM-86146
Popstar Maker (Europe)	Europe	SLES-03657
Populous - The Beginning (Europe) (En,Fr,De,Es,It,Nl,Sv)	Europe	SLES-01760
Populous - The Beginning (Japan)	Japan	SLPS-02085
Populous - The Beginning (USA)	USA	SLUS-00277
Porsche Challenge (Europe) (En,Fr,De,Es,It)	Europe	SCES-00409
Porsche Challenge (Japan)	Japan	SIPS-60016
Porsche Challenge (USA) (En,Fr,Es)	USA	SCUS-94187
Posit (Japan)	Japan	SLPS-00439
Potestas (Japan)	Japan	SLPS-00324
Potestas (Japan)	Japan	SLPS-01748
Potestas (Japan)	Japan	SLPS-91419
Pour l'Or et la Gloire - La Route d'Eldorado (France)	France	SLES-03184
Power Diggerz (Europe) (En,Fr,De)	Europe	SLES-03388
Power DoLLS 2 (Japan)	Japan	SLPS-01033
Power League (Japan)	Japan	SLPS-01517
Power Move Pro Wrestling (Europe)	Europe	SLES-00202
Power Move Pro Wrestling (USA)	USA	SLUS-00408
Power Play - Sports Trivia (USA)	USA	SLUS-01445
Power Rangers - La Force du Temps (France)	France	SLES-03731
Power Rangers Pinball (Japan)	Japan	SLPS-00490
Power Serve (Europe) (En,Fr,De)	Europe	SLES-00118
Power Serve 3D Tennis (USA)	USA	SLUS-00105
Power Shovel (USA)	USA	SLUS-01343
Power Shovel ni Norou!! (Japan)	Japan	SLPM-86629
Power Source (Europe)	Europe	SCES-00667
Power Spike - Pro Beach Volleyball (USA)	USA	SLUS-01196
Power Stakes (Japan)	Japan	SLPM-86032
Power Stakes 2 (Japan)	Japan	SLPM-86079
Power Stakes Grade 1 (Japan)	Japan	SLPM-86050
Powerpuff Girls, The - Chemical X-Traction (Europe) (En,Fr,De,Es)	Europe	SLES-03629
Powerpuff Girls, The - Chemical X-Traction (USA) (En,Es)	USA	SLUS-01423
Powerslave (USA)	USA	SLUS-00102
Poy Poy (Europe)	Europe	SLES-00785
Poy Poy (USA)	USA	SLUS-00486
Poy Poy 2 (Europe)	Europe	SLES-01536
Premier Manager 2000 (Europe)	Europe	SLES-02292
Premier Manager 98 (Europe)	Europe	SLES-00738
Premier Manager 98 (Italy)	Italy	SLES-01284
Premier Manager Ninety Nine (Europe)	Europe	SLES-01544
Premier Manager Novanta Nove (Italy)	Italy	SLES-01864
Primal Rage (Europe) (En,Fr,De,Es,It,Pt)	Europe	SLES-00140
Primal Rage (Japan)	Japan	SLPS-00543
Primal Rage (USA)	USA	SLUS-00126
Primera Division Stars (Spain)	Spain	SLES-02702
Prince Naseem Boxing (Europe) (En,Fr,De,Es,It)	Europe	SLES-00017
Princess Maker - Go! Go! Princess (Japan)	Japan	SLPS-01505
Princess Maker - Go! Go! Princess (Japan) (Best Wing 2800)	Japan	SLPM-86590
Princess Maker - Pocket Daisakusen (Japan)	Japan	SLPS-01477
Princess Maker - Pocket Daisakusen (Japan) (Best Wing 2800)	Japan	SLPM-86591
Princess Maker - Yumemiru Yousei (Japan, Asia)	Japan	SCPS-10032
Princess Maker - Yumemiru Yousei (Japan, Asia)	Japan	SCPS-45013
Prism Court (Japan)	Japan	SLPS-01226
Prism Land (Japan)	Japan	SLPS-02586
Prism Land Story (Europe)	Europe	SLES-03284
Prism Land Story (Japan)	Japan	SLPS-01252
Prismaticallization (Japan)	Japan	SLPS-02360
Prisoner (Japan)	Japan	SLPS-02387
Prisoner of Ice - Jashin Kourin (Japan)	Japan	SLPS-01129
Private Collection - Policenauts (Japan)	Japan	SLPS-00228
Private Collection - Tokimeki Memorial (Japan)	Japan	SLPM-86001
Pro 18 - World Tour Golf (Europe) (En,Fr,De,Es,It,Sv)	Europe	SLES-01559
Pro 18 - World Tour Golf (USA)	USA	SLUS-00817
Pro Backgammon (Europe)	Europe	SLES-04052
Pro Body Boarding (Europe) (En,Fr,De)	Europe	SLES-03327
Pro Evolution Soccer (Europe) (En,Fr,De)	Europe	SLES-03795
Pro Evolution Soccer (Europe) (Es,It)	Europe	SLES-03796
Pro Evolution Soccer 2 (Europe) (En,Fr,De)	Europe	SLES-03946
Pro Evolution Soccer 2 (Europe) (Es,It)	Europe	SLES-03957
Pro Foot Contest '98 + Grand Theft Auto + Courier Crisis (France) (En,Fr,De,It)	France	SLED-01295
Pro Logic Mahjong Haishin (Japan)	Japan	SLPM-86018
Pro Mahjong Kiwame - Tengensen-hen (Japan)	Japan	SLPS-02347
Pro Mahjong Kiwame - Tengensen-hen (Japan)	Japan	SLPS-02938
Pro Mahjong Kiwame Plus (Japan)	Japan	SLPS-00402
Pro Mahjong Kiwame Plus II (Japan)	Japan	SLPS-01605
Pro Mahjong Tsuwamono 2 (Japan)	Japan	SLPS-01987
Pro Mahjong Tsuwamono 2 (Japan) (BPV)	Japan	SLPS-03065
Pro Mahjong Tsuwamono 3 (Japan)	Japan	SLPS-03464
Pro Mahjong Tsuwamono Series - Joryuu Janshi ni Chousen - Watashitachi ni Chousen Shite ne! (Japan)	Japan	SLPS-03218
Pro Mahjong, The - Menkyo Kaiden (Japan)	Japan	SLPM-86139
Pro Pinball - Big Race USA (Europe) (En,Fr,De,Es)	Europe	SLES-01211
Pro Pinball - Big Race USA (USA)	USA	SLUS-01260
Pro Pinball - Fantastic Journey (Europe) (En,Fr,De,Es)	Europe	SLES-02466
Pro Pinball - Fantastic Journey (USA)	USA	SLUS-01261
Pro Pinball - The Web (Europe)	Europe	SLES-00259
Pro Pinball - Timeshock! (Europe) (En,Fr,De,Es,It)	Europe	SLES-00606
Pro Pinball - Timeshock! (USA)	USA	SLUS-00639
Pro Racer (Europe)	Europe	SLES-03962
Pro Wres Sengokuden - Hyper Tag Match (Japan)	Japan	SLPS-01006
Pro Wrestling Sengokuden 2 - Kakutou Emaki (Japan)	Japan	SLPS-01388
Pro Yakyuu Nettou Puzzle Stadium (Japan)	Japan	SLPS-01371
Pro Yakyuu Simulation Dugout '99 (Japan)	Japan	SLPS-02333
Pro-Pinball (USA)	USA	SLUS-00371
Professional Underground League of Pain (USA)	USA	SCUS-94551
Project - Horned Owl (USA)	USA	SCUS-94408
Project Gaiaray (Japan, Asia)	Japan	SCPS-45136
Project Gaiaray (Japan, Asia)	Japan	SLPS-01013
Project Overkill (Europe)	Europe	SLES-00500
Project Overkill (USA)	USA	SLUS-00045
Project V6 (Japan)	Japan	SLPS-01260
Proof Club (Japan)	Japan	SLPS-00531
Psybadek (Europe) (En,Fr,De,Es,It)	Europe	SLES-00929
Psybadek (USA)	USA	SLUS-00730
Psychic Detective (Europe) (Disc 1)	Europe	SLES-00070
Psychic Detective (Europe) (Disc 2)	Europe	SLES-10070
Psychic Detective (Europe) (Disc 3)	Europe	SLES-20070
Psychic Detective (USA) (Disc 1)	USA	SLUS-00165
Psychic Detective (USA) (Disc 2)	USA	SLUS-00166
Psychic Detective (USA) (Disc 3)	USA	SLUS-00167
Psychic Force (Europe)	Europe	SLES-00629
Psychic Force (Japan)	Japan	SLPM-86616
Psychic Force (Japan)	Japan	SLPS-00520
Psychic Force (USA)	USA	SLUS-00419
Psychic Force - Puzzle Taisen (Japan) (Disc 1) (Game Disc)	Japan	SLPS-01018
Psychic Force - Puzzle Taisen (Japan) (Disc 2) (Premium CD-ROM)	Japan	SLPS-01019
Psychic Force 2 (Europe)	Europe	SLES-02557
Psychic Force 2 (Japan)	Japan	SLPM-86273
Psychometrer Eiji (Japan)	Japan	SLPS-01869
Pub Demo 03 (Europe)	Europe	SCED-02784
Pub Demo 04 (Europe)	Europe	SCED-02785
Puchi Carat (Europe)	Europe	SLES-02070
Puchi Carat (Japan)	Japan	SLPM-86545
Puchi Carat (Japan)	Japan	SLPS-01435
Puffy no P.S. I Love You (Japan)	Japan	ESPM-70003
Puma Street Soccer (Europe) (En,Fr,De,It)	Europe	SLES-01203
Punch the Monkey! Game Edition (Japan)	Japan	SLPS-02805
Punky Skunk (USA)	USA	SLUS-00579
Puppet Zoo Pilomy (Japan) (En,Ja)	Japan	SLPS-00149
Purumui Purumui (Japan)	Japan	SLPS-02163
Pururun! with Shape Up Girls (Japan)	Japan	SLPS-00679
Putter Golf (USA)	USA	SLUS-01371
Puuha Pete - Korjataanko (Finland)	Finland	SLES-03565
Puyo Puyo Box (Japan)	Japan	SLPS-03114
Puyo Puyo Sun - Ketteiban (Japan)	Japan	SLPS-01080
Puyo Puyo Sun - Ketteiban (Japan) (Rerelease)	Japan	SLPM-87213
Puyo Puyo Sun - Ketteiban (Japan) (Rev 1)	Japan	SLPS-01080
Puyo Puyo Sun - Ketteiban (Japan) (Rev 1)	Japan	SLPS-91224
Puyo Puyo Tsuu - Ketteiban (Japan) (Rev 1)	Japan	SLPS-00530
Puyo Puyo Tsuu - Ketteiban (Japan) (Rev 1)	Japan	SLPS-91194
Puyo Puyo Tsuu - Ketteiban (Japan, Asia)	Japan	SCPS-45002
Puyo Puyo Tsuu - Ketteiban (Japan, Asia)	Japan	SLPS-00530
Puyo Puyoon - Car-kun to Issho (Japan)	Japan	SLPS-02412
Puzz Loop (Japan)	Japan	SLPS-02663
Puzzle Arena Toushinden (Japan)	Japan	SLPS-00879
Puzzle Bobble 2 (Japan)	Japan	SLPM-86618
Puzzle Bobble 2 (Japan)	Japan	SLPS-00284
Puzzle Bobble 2 (Japan)	Japan	SLPS-91018
Puzzle Bobble 3DX (Japan)	Japan	SLPS-01065
Puzzle Bobble 3DX (Japan)	Japan	SLPS-91075
Puzzle Bobble 4 (Japan)	Japan	SLPS-01492
Puzzle Mania (Japan)	Japan	SLPS-01778
Puzzle Mania (Japan) (Major Wave)	Japan	SLPM-86653
Puzzle Mania 2 (Japan)	Japan	SLPS-01952
Puzzle Mania 2 (Japan) (Major Wave)	Japan	SLPM-86674
Puzznic (Europe)	Europe	SLES-03915
Puzznic (Japan)	Japan	SLPS-03163
Puzznic (USA)	USA	SLUS-01492
Pyjama Sam - Heros du Gouter (France)	France	SLES-03577
Pyjama Sam - Suessigkeiten kriegen Saures (Germany)	Germany	SLES-03578
Q-bert (Europe) (En,Fr,De,Es,It)	Europe	SLES-02214
Q-bert (USA)	USA	SLUS-00904
Qix Neo (USA)	USA	SLUS-01561
Quake II (Europe)	Europe	SLES-01534
Quake II (USA)	USA	SLUS-00757
Quantum Gate I - Akumu no Joshou (Japan)	Japan	SLPS-00399
Queen's Road (Japan)	Japan	SLPS-00711
Quest for Fame - Be a Virtual Rock Legend (Japan) (Disc 1)	Japan	SCPS-18004
Quest for Fame - Be a Virtual Rock Legend (Japan) (Disc 2)	Japan	SCPS-18005
Qui Veut Gagner des Millions (France)	France	SLES-03480
Qui Veut Gagner des Millions - Junior (France)	France	SLES-03593
Qui Veut Gagner des Millions - Seconde Edition (France)	France	SLES-03590
Quiz Chara-Oke Don! Toei Tokusatsu Hero Part 1 (Japan)	Japan	SLPS-02189
Quiz Chara-Oke Don! Toei Tokusatsu Hero Part 2 (Japan)	Japan	SLPS-02310
Quiz Darake no Jinsei Game - Un to Atama de Daifugou! (Japan)	Japan	SLPM-87097
Quiz Darake no Jinsei Game - Un to Atama de Daifugou! (Japan)	Japan	SLPS-02282
Quiz Nanairo Dreams - Nijiiro-chou no Kiseki (Japan)	Japan	SLPS-00875
Quiz Show (Italy) (Disc 1) (CD Gioco)	Italy	SLES-03752
Quiz Show (Italy) (Disc 2) (CD Help e Backstage)	Italy	SLES-13752
Quiz$Millionaire (Japan)	Japan	SLPS-03364
Quiz$Millionaire (Japan) (PSone Books)	Japan	SLPS-91515
Quiz$Millionaire - Waku Waku Party (Japan)	Japan	SLPS-03494
QuoVadis - Iverkurtz Sen'eki (Japan)	Japan	SLPS-00733
R (Japan)	Japan	SLPS-02047
R (Japan) (Disc 1) (Shokai Genteiban)	Japan	SLPS-02045
R (Japan) (Disc 2) (Photo Album) (Shokai Genteiban)	Japan	SLPS-02046
R-C Stunt Copter (Europe)	Europe	SLES-01459
R-C Stunt Copter (France)	France	SLES-02141
R-C Stunt Copter (Germany)	Germany	SLES-02140
R-C Stunt Copter (Japan)	Japan	SLPM-86407
R-C Stunt Copter (USA)	USA	SLUS-00954
R-Type Delta (Europe)	Europe	SCES-01762
R-Type Delta (Japan)	Japan	SLPS-01688
R-Type Delta (Japan)	Japan	SLPS-03311
R-Type Delta (USA)	USA	SLUS-00877
R-Types (Europe)	Europe	SLES-01355
R-Types (Japan)	Japan	SLPS-01236
R-Types (USA)	USA	SLUS-00753
R4 - Ridge Racer Type 4 (Japan, Asia)	Japan	SCPS-45356
R4 - Ridge Racer Type 4 (Japan, Asia)	Japan	SLPS-01800
R4 - Ridge Racer Type 4 (Japan, Asia) (R4 + JogCon)	Japan	SCPS-45354
R4 - Ridge Racer Type 4 (Japan, Asia) (R4 + JogCon)	Japan	SLPS-01798
R4 - Ridge Racer Type 4 (Korea)	Korea	SCPS-46001
R4 - Ridge Racer Type 4 (USA)	USA	SLUS-00797
RC Helicopter (USA)	USA	SLUS-01376
RC Revenge (Europe) (En,Fr,De,Es)	Europe	SLES-02824
RC Revenge (Japan)	Japan	SLPM-86635
RC Revenge (USA)	USA	SLUS-01168
RC de Go! (Europe)	Europe	SLES-03068
RC de Go! (Japan)	Japan	SLPM-86546
RC de Go! (USA)	USA	SLUS-01285
RMJ - The Mystery Hospital (Japan) (Disc 1) (What's Going On)	Japan	SLPS-01087
RMJ - The Mystery Hospital (Japan) (Disc 1) (What's Going On)	Japan	SLPS-91096
RMJ - The Mystery Hospital (Japan) (Disc 2) (Fears Behind)	Japan	SLPS-01088
RMJ - The Mystery Hospital (Japan) (Disc 2) (Fears Behind)	Japan	SLPS-91097
RMJ - The Mystery Hospital - Second Attack Sample CD-ROM (Japan)	Japan	SLPM-80172
RPG Maker (USA)	USA	SLUS-00640
RPG Tkool 3 (Japan)	Japan	SLPS-01093
RPG Tkool 3 (Japan)	Japan	SLPS-91114
RPG Tkool 4 (Japan)	Japan	SLPS-02861
RTL Skispringen 2002 (Germany) (En,De)	Germany	SLES-03772
Raamen-bashi (Japan)	Japan	SLPS-02293
Raamen-bashi (Japan)	Japan	SLPS-03139
Race Drivin' a Go! Go! (Japan)	Japan	SLPS-00167
Race Drivin' a Go! Go! (Japan) (Rev 1)	Japan	SLPS-00167
Racing (USA) (En,Fr,Es)	USA	SLUS-01291
Racing Lagoon (Japan, Asia)	Japan	SCPS-45404
Racing Lagoon (Japan, Asia)	Japan	SLPS-02038
Racing Simulation 2 (Germany)	Germany	SLES-01665
Racing Special (Europe)	Europe	SCED-01640
Racingroovy VS (Japan)	Japan	SLPS-00417
Radikal Bikers (Europe) (En,Fr,De,Es,It)	Europe	SLES-01943
Rage Racer (Europe)	Europe	SCES-00650
Rage Racer (Japan)	Japan	SLPS-00600
Rage Racer (Japan) (Rev 1)	Japan	SLPS-00600
Rage Racer (USA)	USA	SLUS-00403
Rageball (Europe)	Europe	SLES-03511
Rageball (USA)	USA	SLUS-01461
Raging Skies (Europe) (En,Fr,De)	Europe	SCES-00222
Raiden DX (Japan)	Japan	SLPS-00728
Raiden DX (Japan) (Major Wave)	Japan	SLPM-86656
Raiden Project (Japan)	Japan	SLPS-00013
Raiden Project (Japan)	Japan	SLPS-91002
Raiden Project (Japan)	Japan	SLPS-91144
Raiden Project, The (Europe)	Europe	SLES-00051
Raiden Project, The (USA)	USA	SCUS-94402
Railroad Tycoon II (Europe) (En,Fr,De)	Europe	SLES-02426
Railroad Tycoon II (USA)	USA	SLUS-00808
Rakugaki Showtime (Japan)	Japan	SLPM-86272
Rally Cross (Europe)	Europe	SCES-00408
Rally Cross (Japan)	Japan	SIPS-60022
Rally Cross (USA)	USA	SCUS-94308
Rally Cross 2 (Europe)	Europe	SCES-01631
Rally Cross 2 (USA)	USA	SCUS-94247
Rally de Africa (Japan)	Japan	SLPS-01601
Rally de Africa (Japan)	Japan	SLPS-02258
Rally de Europe (Japan)	Japan	SLPS-02679
Rami-chan no Ooedo Sugoroku - Keiou Yuugekitai Gaiden (Japan)	Japan	SLPS-01546
Rampage - Through Time (Europe) (En,Fr,De)	Europe	SLES-02849
Rampage - Through Time (USA)	USA	SLUS-01065
Rampage - World Tour (Europe)	Europe	SLES-01011
Rampage - World Tour (USA)	USA	SLUS-00549
Rampage 2 - Universal Tour (Europe)	Europe	SLES-02021
Rampage 2 - Universal Tour (USA)	USA	SLUS-00742
Ran Soccer (Germany)	Germany	SLES-00214
Ranma 1-2 - Battle Renaissance (Japan)	Japan	SLPS-00522
Rap-la-MuuMuu from Jumping Flash! 2 (Japan)	Japan	PAPX-90007
Rapid Racer (Europe) (En,Fr,De,Es,It)	Europe	SCES-00394
Rapid Racer (Japan)	Japan	SCPS-10060
Rapid Reload (Europe)	Europe	SCES-00004
Rascal (Europe)	Europe	SLES-00858
Rascal (USA)	USA	SLUS-00542
Rascal Racers (Europe)	Europe	SLES-04058
Rascal Racers (USA)	USA	SLUS-01575
Rat Attack (Europe) (En,Fr,De,Es,It,Nl)	Europe	SLES-01103
Rat Attack! (USA)	USA	SLUS-00656
Raven Project, The (Europe) (En,Fr,De) (Disc 1)	Europe	SLES-00039
Raven Project, The (Europe) (En,Fr,De) (Disc 2)	Europe	SLES-10039
Raven Project, The (France) (En,Fr,De) (Disc 1)	France	SLES-00518
Raven Project, The (France) (En,Fr,De) (Disc 2)	France	SLES-10518
Raven Project, The (Germany) (En,Fr,De) (Disc 1)	Germany	SLES-00519
Raven Project, The (Germany) (En,Fr,De) (Disc 2)	Germany	SLES-10519
Ray Tracers (Europe)	Europe	SCES-00741
Ray Tracers (Japan)	Japan	SLPS-00098
Ray Tracers (USA)	USA	SLUS-00534
Ray-Ray CD-ROM (Japan)	Japan	SLPM-80078
RayCrisis (Europe)	Europe	SLES-02882
RayCrisis (Japan)	Japan	SLPM-86450
RayCrisis - Series Termination (USA)	USA	SLUS-01217
RayStorm (Europe)	Europe	SCES-00742
RayStorm (Japan, Asia)	Japan	SCPS-45005
RayStorm (Japan, Asia)	Japan	SLPS-00678
RayStorm (Japan, Asia)	Japan	SLPS-91050
RayStorm (USA)	USA	SLUS-00482
Rayman (Europe) (En,Fr,De)	Europe	SLES-00049
Rayman (Europe) (En,Fr,De) (EDC)	Europe	SLES-00049
Rayman (Japan)	Japan	SLPS-00026
Rayman (USA)	USA	SLUS-00005
Rayman (USA) (Playable Game Preview)	USA	SLUS-90001
Rayman 2 - The Great Escape (Europe) (En,Es,It)	Europe	SLES-02906
Rayman 2 - The Great Escape (Europe) (Fr,De)	Europe	SLES-02905
Rayman 2 - The Great Escape (USA) (En,Fr,Es)	USA	SLUS-01235
Rayman Brain Games (USA)	USA	SLUS-01265
Rayman Junior (Europe) (Fr,De,Es,It)	Europe	SLES-02797
Rayman Junior - Level 1 (Europe) (En,Fr,De,Es,It)	Europe	SLES-02798
Rayman Junior - Level 2 (Europe) (En,Fr,De,Es,It)	Europe	SLES-02799
Rayman Junior - Level 3 (Europe) (En,Fr,Es,It)	Europe	SLES-02800
Rayman Rush (Europe) (En,Fr,De,Es,It)	Europe	SLES-03812
Rayman Rush (Korea)	Korea	SLPM-88503
Rayman Rush (USA)	USA	SLUS-01458
Razor Freestyle Scooter (USA)	USA	SLUS-01322
Razor Racing (USA)	USA	SLUS-01410
Re-Loaded (Europe) (En,Fr,De)	Europe	SLES-00537
Re-Loaded - The Hardcore Sequel (USA)	USA	SLUS-00382
Re-Volt (Europe) (En,Fr,De,Es,It)	Europe	SLES-01973
Re-Volt (Japan)	Japan	SLPM-86332
Re-Volt (USA)	USA	SLUS-00851
ReBoot (Europe)	Europe	SLES-00922
ReBoot (France)	France	SLES-00923
ReBoot (Germany)	Germany	SLES-00924
ReBoot (Spain)	Spain	SLES-00925
ReBoot (USA)	USA	SLUS-00274
Ready 2 Rumble Boxing (Europe) (En,Fr,De)	Europe	SLES-02333
Ready 2 Rumble Boxing (USA)	USA	SLUS-00857
Ready 2 Rumble Boxing - Round 2 (Europe) (En,Fr,De)	Europe	SLES-02850
Ready 2 Rumble Boxing - Round 2 (USA)	USA	SLUS-01147
Real Bout Fatal Fury (Europe)	Europe	SCES-00561
Real Bout Garou Densetsu (Japan, Asia) (En,Ja)	Japan	SCPS-45033
Real Bout Garou Densetsu (Japan, Asia) (En,Ja)	Japan	SLPS-00640
Real Bout Garou Densetsu Special - Dominated Mind (Japan)	Japan	SLPM-86085
Real Bout Garou Densetsu Special - Dominated Mind (Japan) (Shokai Genteiban)	Japan	SLPM-86090
Real Robot Sensen (Japan)	Japan	SLPS-02139
Real Robots - Final Attack (Japan)	Japan	SLPS-01125
Rebus (Japan)	Japan	SLPS-01343
Rebus (Japan)	Japan	SLPS-91121
Recipro Heat 5000 (Japan) (Taikenban)	Japan	SLPM-80125
Recipro Heat 5000 (Japan, Asia)	Japan	SCPS-45089
Recipro Heat 5000 (Japan, Asia)	Japan	SLPS-00744
Recipro Heat 5000 (Japan, Asia)	Japan	SLPS-02829
Red Asphalt (USA)	USA	SLUS-00282
Reel Fishing (Europe)	Europe	SLES-01727
Reel Fishing (USA)	USA	SLUS-00440
Reel Fishing II (Europe) (En,De)	Europe	SLES-02780
Reel Fishing II (USA)	USA	SLUS-00843
Refrain Love - Anata ni Aitai (Japan)	Japan	SLPS-00753
Refrain Love - Anata ni Aitai (Japan) (Major Wave)	Japan	SLPM-86654
Refrain Love 2 (Japan) (Disc 1)	Japan	SLPS-01840
Refrain Love 2 (Japan) (Disc 2)	Japan	SLPS-01841
Registered User Demo 02 (Europe)	Europe	SCED-00936
Registered Users Demo 03 (Europe)	Europe	SCED-01230
Registered Users Demo 04 (Europe)	Europe	SCED-01385
Registered Users Demo 05 (Europe) (En,Fr,De,Es,It)	Europe	SCED-01636
Registered Users Demo 06 (Europe)	Europe	SCED-01988
Registered Users Demo 08 (Europe)	Europe	SCED-02676
Registration Demo 01 (Europe)	Europe	SCED-00637
Reikoku - Ikeda Kizoku Shinrei Kenkyuujo (Japan)	Japan	SLPM-86274
Remote Control Dandy (Japan)	Japan	SLPS-02243
Remote Control Dandy - Bangai-hen (Japan)	Japan	SLPM-80475
Ren'ai Kouza - Real Age (Japan)	Japan	SLPS-01588
Ren'ai Kouza - Real Age - The Art of Eguchi Hisashi (Japan)	Japan	SLPS-01589
Renegade Racers (Europe)	Europe	SLES-02274
Renegade Racers (USA)	USA	SLUS-01012
Rescue 24 Hours (Japan)	Japan	SLPS-00572
Rescue Copter (USA)	USA	SLUS-01507
Rescue Shot (Europe) (En,Fr,De,Es,It)	Europe	SCES-02569
Rescue Shot Bubibo & Biohazard - Gun Survivor - GunCon Taiou Shooting Taikenban (Japan)	Japan	SLPM-80522
Rescue Shot Bubibo (Japan)	Japan	SLPS-02555
Resident Evil (Europe)	Europe	SLES-00200
Resident Evil (Europe) (EDC)	Europe	SLES-00200
Resident Evil (France)	France	SLES-00227
Resident Evil (France) (EDC)	France	SLES-00227
Resident Evil (Germany)	Germany	SLES-00228
Resident Evil (USA)	USA	SLUS-00170
Resident Evil - Director's Cut (Europe)	Europe	SLES-00969
Resident Evil - Director's Cut (France)	France	SLES-00970
Resident Evil - Director's Cut (Germany)	Germany	SLES-00971
Resident Evil - Director's Cut (USA)	USA	SLUS-00551
Resident Evil - Director's Cut - Dual Shock Ver. (USA)	USA	SLUS-00747
Resident Evil - Survivor (Europe)	Europe	SLES-02732
Resident Evil - Survivor (France)	France	SLES-02744
Resident Evil - Survivor (USA)	USA	SLUS-01087
Resident Evil 2 (Europe) (Disc 1)	Europe	SLES-00972
Resident Evil 2 (Europe) (Disc 2)	Europe	SLES-10972
Resident Evil 2 (Europe) (Preview)	Europe	SLED-00977
Resident Evil 2 (France) (Disc 1)	France	SLES-00973
Resident Evil 2 (France) (Disc 2)	France	SLES-10973
Resident Evil 2 (Germany) (Disc 1)	Germany	SLES-00974
Resident Evil 2 (Germany) (Disc 2)	Germany	SLES-10974
Resident Evil 2 (Italy) (Disc 1)	Italy	SLES-00975
Resident Evil 2 (Italy) (Disc 2)	Italy	SLES-10975
Resident Evil 2 (Spain) (Disc 1)	Spain	SLES-00976
Resident Evil 2 (Spain) (Disc 2)	Spain	SLES-10976
Resident Evil 2 (USA) (Disc 1)	USA	SLUS-00421
Resident Evil 2 (USA) (Disc 2)	USA	SLUS-00592
Resident Evil 2 - Dual Shock Ver. (USA) (Disc 1)	USA	SLUS-00748
Resident Evil 2 - Dual Shock Ver. (USA) (Disc 2)	USA	SLUS-00756
Resident Evil 3 - Nemesis (Europe)	Europe	SLES-02529
Resident Evil 3 - Nemesis (France)	France	SLES-02530
Resident Evil 3 - Nemesis (Germany)	Germany	SLES-02531
Resident Evil 3 - Nemesis (Ireland)	Ireland	SLES-02698
Resident Evil 3 - Nemesis (Italy)	Italy	SLES-02533
Resident Evil 3 - Nemesis (Spain)	Spain	SLES-02532
Restaurant Dream (Japan)	Japan	SLPS-01974
Retro Force (Europe) (En,Fr,De,Es,It)	Europe	SLES-01661
Retrouve la Magie Disney sur PlayStation (France)	France	SCED-03924
Return Fire (Europe) (En,Ja,Fr,De,Es,It,Pt,Ko,Ru,Ar)	Europe	SLES-00177
Return Fire (USA) (En,Ja,Fr,De,Es,It,Pt,Ko,Ru,Ar)	USA	SLUS-00184
Return to Zork (Japan) (Disc 1)	Japan	SLPS-00192
Return to Zork (Japan) (Disc 2)	Japan	SLPS-00193
Reverthion (Japan)	Japan	SLPS-00143
Revolution X - Music Is the Weapon (Europe)	Europe	SLES-00129
Revolution X - Music Is the Weapon (Germany)	Germany	SLES-00151
Revolution X - Music Is the Weapon (Japan)	Japan	SLPS-00258
Revolution X - Music Is the Weapon (USA)	USA	SLUS-00012
Rhapsody - A Musical Adventure (USA)	USA	SLUS-01073
Rhythm 'n' Face (Japan)	Japan	SLPS-02634
Rhythm Beat (Europe)	Europe	SLES-04146
Ridegear Guybrave (Japan)	Japan	SLPS-00905
Ridegear Guybrave II (Japan) (Disc 1)	Japan	SLPS-01643
Ridegear Guybrave II (Japan) (Disc 2)	Japan	SLPS-01644
Ridge Racer (Europe)	Europe	SCES-00001
Ridge Racer (Japan)	Japan	PAPX-90001
Ridge Racer (Japan)	Japan	SLPS-00001
Ridge Racer (Japan)	Japan	SLPS-91001
Ridge Racer (USA)	USA	SCUS-94300
Ridge Racer (USA)	USA	SLUS-00540
Ridge Racer - High Spec Ver. & Namco Catalogue '98 (Japan, Asia)	Japan	SCPS-45357
Ridge Racer - High Spec Ver. & Namco Catalogue '98 (Japan, Asia)	Japan	SLPS-01801
Ridge Racer - High Spec Ver. & Namco Catalogue '98 (Japan, Asia) (R4 + JogCon)	Japan	SCPS-45355
Ridge Racer - High Spec Ver. & Namco Catalogue '98 (Japan, Asia) (R4 + JogCon)	Japan	SLPS-01799
Ridge Racer Bonus Turbo Mode Disc (USA)	USA	SLUS-90049
Ridge Racer Hi-Spec Demo (Europe)	Europe	SCED-01832
Ridge Racer Revolution (Europe)	Europe	SCES-00242
Ridge Racer Revolution (Japan)	Japan	SLPS-00150
Ridge Racer Revolution (Japan) (Rev 1)	Japan	SLPS-00150
Ridge Racer Revolution (Japan) (Rev 1)	Japan	SLPS-91028
Ridge Racer Revolution (USA)	USA	SLUS-00214
Ridge Racer Type 4 (Europe) (En,Fr,De,Es,It)	Europe	SCES-01706
Ridge Racer Type 4 Collectors Demo (Europe, Australia)	Europe	SCED-01982
Riichi Mahjong - Ohitorisama demo Utemasu! (Japan)	Japan	SLPS-03023
Rikujou Boueitai Mao-chan (Japan)	Japan	SLPM-87210
Rikujou Boueitai Mao-chan (Japan) (DX Pack)	Japan	SLPM-87198
Ring of Sias (Japan)	Japan	SLPS-00207
Riot (Europe)	Europe	SLES-00472
Riot Stars (Japan)	Japan	SLPS-00829
Rise 2 - Resurrection (Europe) (En,Fr,De,Es,It)	Europe	SLES-00164
Rise 2 - Resurrection (Japan) (En,Fr,De,Es,It)	Japan	SLPS-00259
Rise 2 - Resurrection (USA) (En,Fr,De,Es,It)	USA	SLUS-00186
Rising Zan - The Samurai Gunman (Europe) (En,Fr,De,Es,It)	Europe	SLES-01779
Rising Zan - The Samurai Gunman (Japan)	Japan	SLPS-01691
Rising Zan - The Samurai Gunman (USA)	USA	SLUS-00829
Risk - The Game of Global Domination (USA)	USA	SLUS-00616
Rittai Ninja Katsugeki - Tenchu (Japan)	Japan	SLPS-01272
Rittai Ninja Katsugeki - Tenchu (Japan) (Rev 1)	Japan	SLPS-01272
Rittai Ninja Katsugeki - Tenchu - Shinobi Gaisen (Japan) (En,Ja,Fr,It)	Japan	SLPS-01901
Rittai Ninja Katsugeki - Tenchu - Shinobi Gaisen (Japan) (En,Ja,Fr,It)	Japan	SLPS-91174
Rittai Ninja Katsugeki - Tenchu - Shinobi Hyakusen (Japan)	Japan	SLPS-02400
Rittai Ninja Katsugeki - Tenchu 2 (Japan)	Japan	SLPS-03040
Rival Schools + Resident Evil 2 + Bloody Roar + Street Fighter EX Plus Alpha + Mr Domino + Victory Boxing 2 (France)	France	SLED-01756
Rival Schools - United by Fate (Europe) (Disc 1) (Evolution Disc)	Europe	SLES-01436
Rival Schools - United by Fate (Europe) (Disc 2) (Arcade Disc)	Europe	SLES-11436
Rival Schools - United by Fate (USA) (Disc 1) (Arcade Disc)	USA	SLUS-00681
Rival Schools - United by Fate (USA) (Disc 2) (Evolution Disc)	USA	SLUS-00771
Riven - The Sequel to Myst (Europe) (Disc 1)	Europe	SLES-00963
Riven - The Sequel to Myst (Europe) (Disc 2)	Europe	SLES-10963
Riven - The Sequel to Myst (Europe) (Disc 3)	Europe	SLES-20963
Riven - The Sequel to Myst (Europe) (Disc 4)	Europe	SLES-30963
Riven - The Sequel to Myst (Europe) (Disc 5)	Europe	SLES-40963
Riven - The Sequel to Myst (France) (Disc 1)	France	SLES-01099
Riven - The Sequel to Myst (France) (Disc 2)	France	SLES-11099
Riven - The Sequel to Myst (France) (Disc 3)	France	SLES-21099
Riven - The Sequel to Myst (France) (Disc 4)	France	SLES-31099
Riven - The Sequel to Myst (France) (Disc 5)	France	SLES-41099
Riven - The Sequel to Myst (Germany) (Disc 1)	Germany	SLES-01100
Riven - The Sequel to Myst (Germany) (Disc 2)	Germany	SLES-11100
Riven - The Sequel to Myst (Germany) (Disc 3)	Germany	SLES-21100
Riven - The Sequel to Myst (Germany) (Disc 4)	Germany	SLES-31100
Riven - The Sequel to Myst (Germany) (Disc 5)	Germany	SLES-41100
Riven - The Sequel to Myst (Japan) (Disc 1)	Japan	SLPS-01180
Riven - The Sequel to Myst (Japan) (Disc 2)	Japan	SLPS-01181
Riven - The Sequel to Myst (Japan) (Disc 3)	Japan	SLPS-01182
Riven - The Sequel to Myst (Japan) (Disc 4)	Japan	SLPS-01183
Riven - The Sequel to Myst (Japan) (Disc 5)	Japan	SLPS-01184
Riven - The Sequel to Myst (Japan) (Otameshi Disc)	Japan	SLPM-80201
Riven - The Sequel to Myst (USA) (Disc 1)	USA	SLUS-00535
Riven - The Sequel to Myst (USA) (Disc 2)	USA	SLUS-00563
Riven - The Sequel to Myst (USA) (Disc 3)	USA	SLUS-00564
Riven - The Sequel to Myst (USA) (Disc 4)	USA	SLUS-00565
Riven - The Sequel to Myst (USA) (Disc 5)	USA	SLUS-00580
RoX - 6 = Six (Japan)	Japan	SLPS-01641
RoX - 6 = Six (Japan)	Japan	SLPS-02388
Road & Track Presents - The Need for Speed (Europe) (En,De)	Europe	SLES-00223
Road & Track Presents - The Need for Speed (USA)	USA	SLUS-00204
Road Rage (Europe)	Europe	SLES-00543
Road Rash (Europe)	Europe	SLES-00158
Road Rash (Japan)	Japan	SLPS-00243
Road Rash (USA)	USA	SLUS-00035
Road Rash - Jailbreak (Europe) (En,Fr,De)	Europe	SLES-02552
Road Rash - Jailbreak (USA)	USA	SLUS-01053
Road Rash 3D (Europe)	Europe	SLES-00910
Road Rash 3D (France)	France	SLES-01157
Road Rash 3D (Germany)	Germany	SLES-01158
Road Rash 3D (USA)	USA	SLUS-00524
Roadsters (Europe) (En,Fr,De,Es,It)	Europe	SLES-02326
Roadsters (USA)	USA	SLUS-01024
Robbit mon Dieu (Japan)	Japan	SCPS-10103
Robin Hood - The Siege (Europe)	Europe	SLES-04110
Robin Lloyd no Bouken (Japan)	Japan	SLPS-02501
Robo Pit (Europe)	Europe	SLES-00452
Robo Pit (Japan)	Japan	SLPS-00165
Robo Pit (Japan)	Japan	SLPS-02054
Robo Pit (USA)	USA	SLUS-00316
Robo Pit 2 (Europe)	Europe	SLES-04054
Robo Pit 2 (USA)	USA	SLUS-01563
Robo-Pit 2 (Japan, Asia)	Japan	SCPS-45082
Robo-Pit 2 (Japan, Asia)	Japan	SLPS-00877
Robo-Pit 2 (Japan, Asia)	Japan	SLPS-02382
Robocod - James Pond II (Europe) (En,Fr,De,Es,It)	Europe	SLES-04112
Robot x Robot (Japan)	Japan	SLPS-02331
Robotron X (Europe)	Europe	SLES-00539
Robotron X (Japan)	Japan	SLPS-00790
Robotron X (USA)	USA	SLUS-00252
Robots - Video Alchemy (Japan)	Japan	ESPM-70002
Rock & Roll Racing 2 - Red Asphalt (Europe)	Europe	SLES-00056
Rock 'Em Sock 'Em Robots Arena (USA)	USA	SLUS-01124
Rock-Climbing - Mitouhou e no Chousen - Alps-hen (Japan)	Japan	SLPS-00662
Rockman (Japan)	Japan	SLPM-87250
Rockman (Japan)	Japan	SLPM-87409
Rockman (Japan)	Japan	SLPS-02220
Rockman - Battle & Chase (Japan)	Japan	SLPS-00764
Rockman - Battle & Chase (Japan) (PlayStation the Best for Family)	Japan	SLPS-91093
Rockman 2 - Dr. Wily no Nazo (Japan)	Japan	SLPM-87249
Rockman 2 - Dr. Wily no Nazo (Japan)	Japan	SLPM-87410
Rockman 2 - Dr. Wily no Nazo (Japan)	Japan	SLPS-02255
Rockman 3 - Dr. Wily no Saigo! (Japan)	Japan	SLPM-87258
Rockman 3 - Dr. Wily no Saigo! (Japan)	Japan	SLPS-02262
Rockman 4 - Aratanaru Yabou!! (Japan)	Japan	SLPM-87259
Rockman 4 - Aratanaru Yabou!! (Japan)	Japan	SLPS-02324
Rockman 5 - Blues no Wana! (Japan)	Japan	SLPM-87268
Rockman 5 - Blues no Wana! (Japan)	Japan	SLPS-02338
Rockman 6 - Shijou Saidai no Tatakai!! (Japan)	Japan	SLPM-87269
Rockman 6 - Shijou Saidai no Tatakai!! (Japan)	Japan	SLPS-02379
Rockman 8 - Metal Heroes (Japan)	Japan	SLPS-00630
Rockman 8 - Metal Heroes (Japan)	Japan	SLPS-91045
Rockman Dash - Hagane no Boukenshin (Japan)	Japan	SLPS-01141
Rockman Dash - Hagane no Boukenshin (Japan)	Japan	SLPS-91135
Rockman Dash - Hagane no Boukenshin (Japan) (Digest-ban)	Japan	SLPS-91094
Rockman Dash - Hagane no Boukenshin (Japan) (Digest-ban)	Japan	SLPS-91107
Rockman Dash 2 - Episode 2 - Ooinaru Isan (Japan)	Japan	SLPM-86813
Rockman Dash 2 - Episode 2 - Ooinaru Isan (Japan)	Japan	SLPS-02711
Rockman X3 (Japan)	Japan	SLPS-00283
Rockman X3 (Japan)	Japan	SLPS-91192
Rockman X4 (Japan)	Japan	SLPM-87315
Rockman X4 (Japan)	Japan	SLPS-00902
Rockman X4 (Japan)	Japan	SLPS-91106
Rockman X4 (Japan) (Special Limited Pack)	Japan	SLPS-00901
Rockman X5 (Japan)	Japan	SLPM-86666
Rockman X5 (Japan)	Japan	SLPM-87021
Rockman X6 (Japan)	Japan	SLPM-86959
Rockman X6 (Japan)	Japan	SLPM-87183
Roger Lemerre - La Selection des Champions (France)	France	SLES-02976
Roger Lemerre - La Selection des Champions 2002 (France)	France	SLES-03604
Rogue Trip - Vacation 2012 (Europe)	Europe	SLES-01417
Rogue Trip - Vacation 2012 (USA)	USA	SLUS-00643
Roland Garros French Open 2001 (Europe) (En,Fr,De,Es,It)	Europe	SLES-03449
Roll Away (USA)	USA	SLUS-00724
Rollcage (Europe, Australia) (En,Fr,De,Es,It)	Europe	SLES-01660
Rollcage (USA)	USA	SLUS-00800
Rollcage Stage II (Europe) (En,Fr,De,Es,It)	Europe	SCES-01922
Rollcage Stage II (USA)	USA	SLUS-00867
Romance of the Three Kingdoms IV - Wall of Fire (USA)	USA	SLUS-00195
Romance of the Three Kingdoms VI - Awakening of the Dragon (USA)	USA	SLUS-00918
Romance wa Tsurugi no Kagayaki II - Gin no Niji o Sagashite (Japan) (Disc 1)	Japan	SLPM-87113
Romance wa Tsurugi no Kagayaki II - Gin no Niji o Sagashite (Japan) (Disc 1) (Shokai Genteiban)	Japan	SLPM-87111
Romance wa Tsurugi no Kagayaki II - Gin no Niji o Sagashite (Japan) (Disc 2)	Japan	SLPM-87114
Romance wa Tsurugi no Kagayaki II - Gin no Niji o Sagashite (Japan) (Disc 2) (Shokai Genteiban)	Japan	SLPM-87112
Ronaldo V-Football (Europe) (De,Es,It,Pt)	Europe	SLES-02681
Ronaldo V-Football (Europe) (En,Fr,Nl,Sv)	Europe	SLES-00995
Ronin Blade (Europe) (En,Fr,De)	Europe	SLES-02094
Roommate - Inoue Ryoko (Japan)	Japan	SLPS-02140
Rosco McQueen (Europe) (En,Fr,De,Es,It)	Europe	SCES-00257
Rosco McQueen Firefighter Extreme (USA)	USA	SLUS-00750
Roswell Conspiracies - Aliens, Myths & Legends (Europe) (En,Fr,De)	Europe	SLES-02591
Roswell Conspiracies - Aliens, Myths & Legends (USA)	USA	SLUS-01062
Rox (Europe)	Europe	SLES-04069
Ruff & Tumble (Germany)	Germany	SLES-01939
Ruff & Tumble (Netherlands)	Netherlands	SLES-02384
Runabout (Japan)	Japan	SLPS-00857
Runabout (Japan)	Japan	SLPS-91059
Runabout 2 (Europe)	Europe	SLES-04015
Runabout 2 (Japan)	Japan	SLPS-02403
Runabout 2 (Japan) (Fukyuuban 1500)	Japan	SLPS-03033
Runabout 2 (USA)	USA	SLUS-01135
Running High (Japan, Asia)	Japan	SCPS-45064
Running High (Japan, Asia)	Japan	SLPS-00751
Running Wild (Europe)	Europe	SCES-01630
Running Wild (USA)	USA	SCUS-94272
Rupupu Cube - Lup Salad (Japan)	Japan	SLPS-00416
Rurouni Kenshin - Meiji Kenkaku Romantan - Ishin Gekitou-hen (Japan)	Japan	SCPS-10030
Rurouni Kenshin - Meiji Kenkaku Romantan - Ishin Gekitou-hen (Japan)	Japan	SCPS-91081
Rurouni Kenshin - Meiji Kenkaku Romantan - Juuyuushi Inbou-hen (Japan)	Japan	SCPS-10048
Rurouni Kenshin - Meiji Kenkaku Romantan - Juuyuushi Inbou-hen (Japan) (Rev 1)	Japan	SCPS-10048
Rurouni Kenshin - Meiji Kenkaku Romantan - Juuyuushi Inbou-hen (Japan) (Rev 1)	Japan	SCPS-91108
Rush Hour (USA)	USA	SCUS-94417
Rushdown (Europe) (En,Fr,De)	Europe	SLES-01080
Rushdown (USA)	USA	SLUS-00828
Ryuuki Denshou - Dragoon (Japan)	Japan	SLPS-01035
S.C.A.R.S. (Europe) (En,Fr,De,Es,It)	Europe	SLES-01286
S.C.A.R.S. (USA)	USA	SLUS-00692
SD Gundam - GCentury (Japan) (Rev 1)	Japan	SLPS-91065
SD Gundam - GCentury (Japan, Asia)	Japan	SCPS-45034
SD Gundam - GCentury (Japan, Asia)	Japan	SLPS-00785
SD Gundam - GGeneration (Japan)	Japan	SLPS-01560
SD Gundam - GGeneration (Japan) (Rev 1)	Japan	SLPS-01560
SD Gundam - GGeneration (Japan) (Rev 1)	Japan	SLPS-91133
SD Gundam - GGeneration (Premium Disc) (Japan)	Japan	SLPS-01561
SD Gundam - GGeneration-0 (Japan) (Disc 1)	Japan	SLPS-02200
SD Gundam - GGeneration-0 (Japan) (Disc 1) (Rev 1)	Japan	SLPS-03206
SD Gundam - GGeneration-0 (Japan) (Disc 2)	Japan	SLPS-02201
SD Gundam - GGeneration-0 (Japan) (Disc 2) (Rev 1)	Japan	SLPS-03207
SD Gundam - GGeneration-F (Japan) (Disc 1)	Japan	SLPS-02900
SD Gundam - GGeneration-F (Japan) (Disc 1)	Japan	SLPS-02912
SD Gundam - GGeneration-F (Japan) (Disc 1) (Tokubetsuban)	Japan	SLPM-84004
SD Gundam - GGeneration-F (Japan) (Disc 2)	Japan	SLPS-02901
SD Gundam - GGeneration-F (Japan) (Disc 2)	Japan	SLPS-02913
SD Gundam - GGeneration-F (Japan) (Disc 2) (Tokubetsuban)	Japan	SLPM-84005
SD Gundam - GGeneration-F (Japan) (Disc 3)	Japan	SLPS-02902
SD Gundam - GGeneration-F (Japan) (Disc 3)	Japan	SLPS-02914
SD Gundam - GGeneration-F (Japan) (Disc 3) (Tokubetsuban)	Japan	SLPM-84006
SD Gundam - GGeneration-F (Japan) (Disc 4) (Premium Disc)	Japan	SLPS-02915
SD Gundam - GGeneration-F (Japan) (Disc 4) (Premium Disc) (Limited Edition)	Japan	SLPS-02903
SD Gundam - GGeneration-F (Japan) (Disc 4) (Premium Disc) (Tokubetsuban)	Japan	SLPM-84007
SD Gundam - GGeneration-F.I.F (Japan)	Japan	SLPS-03195
SD Gundam - Over Galaxian (Japan)	Japan	SLPS-00385
SD Gundam Eiyuuden - Daikessen!! Kishi vs. Musha (Japan)	Japan	SLPS-03145
SNK Fan Collection - Garou Densetsu (Japan)	Japan	SLPM-86091
SaGa Frontier (Japan, Asia)	Japan	SCPS-45102
SaGa Frontier (Japan, Asia)	Japan	SLPM-87375
SaGa Frontier (Japan, Asia)	Japan	SLPS-00898
SaGa Frontier (Japan, Asia)	Japan	SLPS-91482
SaGa Frontier (USA)	USA	SCUS-94230
SaGa Frontier 2 (Europe)	Europe	SLES-02112
SaGa Frontier 2 (France)	France	SLES-02113
SaGa Frontier 2 (Germany)	Germany	SLES-02118
SaGa Frontier 2 (USA)	USA	SLUS-00933
SaGa Frontier II (Japan, Asia)	Japan	SCPS-45400
SaGa Frontier II (Japan, Asia)	Japan	SLPS-01990
SaGa Frontier II (Japan, Asia)	Japan	SLPS-02767
SaGa Frontier II (Japan, Asia)	Japan	SLPS-91483
Saban's Power Rangers - Lightspeed Rescue (Europe, Australia) (En,Fr,De)	Europe	SLES-03286
Saban's Power Rangers - Lightspeed Rescue (USA)	USA	SLUS-01114
Saban's Power Rangers - Time Force (Europe)	Europe	SLES-03730
Saban's Power Rangers - Time Force (USA)	USA	SLUS-01351
Saban's Power Rangers Zeo - Full Tilt Battle Pinball (Europe)	Europe	SLES-00597
Saban's Power Rangers Zeo - Full Tilt Battle Pinball (USA)	USA	SLUS-00256
Saber Marionette J - Battle Sabers (Japan)	Japan	SLPS-00739
Saber Marionette J - Battle Sabers (Japan) (Shokai Genteiban)	Japan	SLPS-00738
Sabrina l'Apprentie Sorciere et l'Horloge Cosmique (France)	France	SLES-03628
Sabrina the Teenage Witch - A Twitch in Time! (Europe)	Europe	SLES-03561
Sabrina the Teenage Witch - A Twitch in Time! (USA)	USA	SLUS-01208
Saibara Rieko no Mahjong Toriatama Kikou (Japan)	Japan	SLPS-02611
Saikyou Ginsei Chess (Japan)	Japan	SLPS-03482
Saikyou Ginsei Mahjong (Japan)	Japan	SLPS-03461
Saikyou Ginsei Shougi (Japan)	Japan	SLPS-03326
Saikyou Ginsei Shougi 2 (Japan)	Japan	SLPS-03481
Saikyou Toudai Shougi (Japan)	Japan	SLPS-01679
Saikyou Toudai Shougi (Japan)	Japan	SLPS-02548
Saikyou Toudai Shougi 2 (Japan)	Japan	SLPS-02397
Saikyou Toudai Shougi 2 (Japan)	Japan	SLPS-03230
Saikyou no Igo (Japan)	Japan	SLPS-01321
Saikyou no Shougi (Japan)	Japan	SLPS-01978
Saishuu Densha (Japan)	Japan	SLPS-01257
Saishuu Densha (Japan)	Japan	SLPS-02372
Saiyuki - Journey West (USA)	USA	SLUS-01381
Saiyuuki (Japan) (Rev 1)	Japan	SLPM-86339
Saiyuuki (Japan) (Rev 1)	Japan	SLPM-86704
Sakamoto Ryouma - Ishin Kaikoku (Japan)	Japan	SLPS-01152
Sakkyoku Surun da mon - Dance Remix-hen (Japan)	Japan	SLPS-02808
Sakuma-shiki Jinsei Game (Japan)	Japan	SLPS-01740
Salamander Deluxe Pack Plus (Japan)	Japan	SLPM-86037
Salaryman Champ - Tatakau Salaryman (Japan)	Japan	SLPM-86820
Salaryman Kintarou - The Game (Japan)	Japan	SLPS-02806
Salaryman Settai Mahjong (Japan)	Japan	SLPS-03175
Saltwater Sportfishing (Europe) (En,Fr,De,Es,It)	Europe	SLES-03753
Saltwater Sportfishing (USA)	USA	SLUS-01397
Sammy Sosa High Heat Baseball 2001 (USA)	USA	SLUS-01063
Sammy Sosa Softball Slam (USA)	USA	SLUS-01064
Sampras Extreme Tennis (Europe) (En,Fr,De,Es,It)	Europe	SLES-00217
Sampras Extreme Tennis (Japan)	Japan	SLPS-00594
Samurai Deeper Kyo (Japan)	Japan	SLPS-03506
Samurai Deeper Kyo (Japan) (Shokai Seisan Gentei Shiyou)	Japan	SLPS-03505
Samurai Shodown - Warriors Rage (USA)	USA	SLUS-01039
Samurai Shodown III (Europe)	Europe	SCES-00563
Samurai Shodown III - Blades of Blood (USA)	USA	SCUS-94206
Samurai Spirits - Amakusa Kourin Special (Japan)	Japan	SLPS-01171
Samurai Spirits - Amakusa Kourin Special (Japan)	Japan	SLPS-91513
Samurai Spirits - Kenkaku Shinan Pack (Japan, Asia)	Japan	SCPS-45209
Samurai Spirits - Kenkaku Shinan Pack (Japan, Asia)	Japan	SLPS-00647
Samurai Spirits - Zankurou Musouken (Japan)	Japan	SLPS-00350
Samurai Spirits - Zankurou Musouken (Japan)	Japan	SLPS-91514
Samurai Spirits - Zankurou Musouken (Japan) (PlayStation the Best)	Japan	SLPS-91024
San Francisco Rush - Extreme Racing (Europe) (En,Fr,De,Es,It)	Europe	SLES-01208
San Francisco Rush - Extreme Racing (USA)	USA	SLUS-00505
Sangoku Musou (Japan)	Japan	SLPS-00731
Sangoku Musou (Japan) (Rev 1)	Japan	SLPM-86860
Sangokushi Eiketsuden (Japan)	Japan	SLPM-86744
Sangokushi Eiketsuden (Japan)	Japan	SLPS-00309
Sangokushi II (Japan)	Japan	SLPM-86607
Sangokushi III (Japan)	Japan	SLPM-87129
Sangokushi IV (Japan)	Japan	SLPS-00114
Sangokushi IV (Japan) (Rev 1)	Japan	SLPS-00114
Sangokushi IV (Japan) (Rev 1)	Japan	SLPS-91052
Sangokushi IV with Power-Up Kit (Japan) (Rev 1)	Japan	SLPS-00979
Sangokushi Koumeiden (Japan)	Japan	SLPM-86205
Sangokushi Koumeiden (Japan)	Japan	SLPS-00688
Sangokushi Returns (Japan)	Japan	SLPM-86171
Sangokushi V (Japan)	Japan	SLPS-00703
Sangokushi V with Power-Up Kit (Japan)	Japan	SLPS-01466
Sangokushi VI (Japan, Asia)	Japan	SCPS-45327
Sangokushi VI (Japan, Asia)	Japan	SLPM-86129
Sangokushi VI (Japan, Asia)	Japan	SLPM-86886
Sangokushi VI with Power-Up Kit (Japan)	Japan	SLPM-86312
Sangokushi VII (Japan)	Japan	SLPM-86728
Sanguozhi IV (Asia) (En,Zh)	Asia	SCPS-45003
Sanguozhi V (Asia)	Asia	SCPS-45128
Sankyo Fever - Downtown Geki (Japan)	Japan	SLPS-00425
Sankyo Fever - Jikki Simulation (Japan)	Japan	SLPS-00264
Sankyo Fever - Jikki Simulation Vol. 2 (Japan)	Japan	SLPS-01176
Sankyo Fever - Jikki Simulation Vol. 3 (Japan)	Japan	SLPS-01393
Sanmi Ittai (Japan)	Japan	SLPM-80065
Santa Claus Saves the Earth (Europe)	Europe	SLES-04023
Sanvein (Europe)	Europe	SLES-02919
Sanyo Pachinko Paradise (Japan)	Japan	SLPS-02164
Sanyo Pachinko Paradise 2 - Umi Monogatari Special (Japan)	Japan	SLPS-02389
Sanyo Pachinko Paradise 3 - Wan Wan Daikoushin (Japan)	Japan	SLPS-02633
Sanyo Pachinko Paradise 4 - Sushiya da Gen-san!! (Japan)	Japan	SLPS-02988
Sanyo Pachinko Paradise 5 - Uki Uki Tairyoubata (Japan)	Japan	SLPS-03190
Saraba Uchuu Senkan Yamato - Ai no Senshitachi (Japan) (Disc 1)	Japan	SLPS-02761
Saraba Uchuu Senkan Yamato - Ai no Senshitachi (Japan) (Disc 2)	Japan	SLPS-02762
Saraba Uchuu Senkan Yamato - Ai no Senshitachi (Japan) (Disc 3)	Japan	SLPS-02763
Saru! Get You! (Japan) (Rev 1)	Japan	SCPS-91196
Saru! Get You! (Japan, Asia)	Japan	SCPS-10091
Saru! Get You! (Japan, Asia)	Japan	SCPS-45411
SatelliTV & Doki Doki Shutter Chance - Koi no Puzzle o Kumitatete (Japan) (Taikenban)	Japan	SLPM-80190
SatelliTV (Japan)	Japan	SLPS-01203
Satomi no Nazo (Japan)	Japan	SLPS-00613
Scooby-Doo and the Cyber Chase (Europe)	Europe	SLES-03703
Scooby-Doo and the Cyber Chase (USA)	USA	SLUS-01396
Scooby-Doo et la Cybertraque (France)	France	SLES-03733
Scooter Racing (Europe)	Europe	SLES-03770
Scrabble (Europe) (En,De,Es)	Europe	SLES-03642
Scrabble (France)	France	SLES-03751
Scrabble (USA)	USA	SLUS-00903
Screen (Japan)	Japan	SLPS-02757
Sea-Doo Hydro Cross (USA)	USA	SLUS-01149
SeaBass Fishing (Japan)	Japan	SLPS-00356
SeaBass Fishing 2 (Japan)	Japan	SLPS-00992
Segare Ijiri (Japan)	Japan	SLPM-86230
Seikai no Monshou (Japan)	Japan	SLPS-02323
Seiken Densetsu - Legend of Mana (Japan, Asia)	Japan	SCPS-45416
Seiken Densetsu - Legend of Mana (Japan, Asia)	Japan	SLPM-87394
Seiken Densetsu - Legend of Mana (Japan, Asia)	Japan	SLPS-02170
Seiken Densetsu - Legend of Mana (Japan, Asia)	Japan	SLPS-02771
Seiken Densetsu - Legend of Mana (Japan, Asia)	Japan	SLPS-91456
Seikon no Joka - Hikari to Yami no Seioujo (Japan)	Japan	SLPS-00483
Seirei Shoukan - Princess of Darkness (Japan)	Japan	SLPS-01271
Seireiki Rayblade (Japan)	Japan	SLPS-02652
Seireki 1999 - Pharaoh no Fukkatsu (Japan)	Japan	SLPS-00599
Seishoujo Kantai Virgin Fleet (Japan)	Japan	SLPM-86191
Sekai Saikyou Ginsei Igo (Japan)	Japan	SLPS-03325
Sekai Saikyou Ginsei Igo 2 (Japan)	Japan	SLPS-03480
Sekai Saikyou Ginsei Igo 3 (Japan)	Japan	SLPS-03563
Sengoku Cyber - Fujimaru Jigokuhen (Japan)	Japan	SCPS-10011
Sengoku Mugen (Japan)	Japan	SLPS-03151
Senkai Taisen - TV Animation Senkaiden Houshin Engi yori (Japan)	Japan	SLPS-02736
Senkai Tsuuroku Seishi - TV Animation Senkaiden Houshin Engi yori (Japan)	Japan	SLPS-03176
Senran (Japan)	Japan	SLPS-00427
Senryaku Shidan - Tora! Tora! Tora! Rikusen-hen (Japan)	Japan	SLPS-02631
Senryaku Shidan - Tora! Tora! Tora! Rikusen-hen (Japan)	Japan	SLPS-02936
Senryaku Shidan - Tora! Tora! Tora! Rikusen-hen (Japan)	Japan	SLPS-91422
Senryaku Shougi (Japan)	Japan	SLPS-00142
Sensible Soccer (Europe) (En,Fr,De,Es,It,Nl)	Europe	SLES-01021
Sentient (USA)	USA	SCUS-94110
Sentient - Explore the Infinite (Europe)	Europe	SLES-00106
Sentimental Graffiti (Japan)	Japan	SLPS-03184
Sentimental Graffiti - Yakusoku (Japan)	Japan	SLPS-03183
Sentimental Journey (Japan)	Japan	SLPS-01473
Sentinel Returns (Europe) (En,Fr,De,Es,It)	Europe	SLES-01051
Sentinel Returns (USA)	USA	SLUS-00604
Sento Monogatari - Sono I (Japan)	Japan	SLPS-00124
Sentou Kokka - Air Land Battle (Japan)	Japan	SCPS-10015
Sentou Kokka - Air Land Battle (Japan) (Rev 1)	Japan	SCPS-10015
Sentou Kokka - Air Land Battle (Japan) (Rev 1)	Japan	SCPS-91008
Sentou Kokka Kai - Improved (Japan)	Japan	SCPS-10034
Sentou Kokka Kai - Improved (Japan)	Japan	SCPS-91156
Septentrion - Out of the Blue (Japan)	Japan	SLPS-01940
Septentrion - Out of the Blue (Japan) (Major Wave)	Japan	SLPM-86612
Serial Experiments Lain (Japan) (Disc 1)	Japan	SLPS-01603
Serial Experiments Lain (Japan) (Disc 2)	Japan	SLPS-01604
Serial Players Only (France)	France	SCED-00609
Sesame Street - Elmo's Letter Adventure (Europe)	Europe	SLES-02510
Sesame Street - Elmo's Letter Adventure (USA)	USA	SLUS-00621
Sesame Street - Elmo's Number Journey (Europe)	Europe	SLES-02511
Sesame Street - Elmo's Number Journey (USA)	USA	SLUS-00622
Sesame Street Sports (Europe)	Europe	SLES-03180
Sesame Street Sports (USA)	USA	SLUS-01180
Sexy Parodius (Japan)	Japan	SLPM-86009
Sfida al Tetris Magico (Italy)	Italy	SCES-02176
Shachou Eiyuuden (Japan) (Ja,Zh)	Japan	SCPS-10139
Shadow Gunner - The Robot Wars (Europe) (En,Fr,De,Es,It)	Europe	SLES-01359
Shadow Madness (Europe) (Disc 1)	Europe	SCES-02099
Shadow Madness (Europe) (Disc 2)	Europe	SCES-12099
Shadow Madness (France) (Disc 1)	France	SCES-02100
Shadow Madness (France) (Disc 2)	France	SCES-12100
Shadow Madness (Germany) (Disc 1)	Germany	SCES-02101
Shadow Madness (Germany) (Disc 2)	Germany	SCES-12101
Shadow Madness (Italy) (Disc 1)	Italy	SCES-02102
Shadow Madness (Italy) (Disc 2)	Italy	SCES-12102
Shadow Madness (Spain) (Disc 1)	Spain	SCES-02103
Shadow Madness (Spain) (Disc 2)	Spain	SCES-12103
Shadow Madness (USA) (Disc 1)	USA	SLUS-00468
Shadow Madness (USA) (Disc 2)	USA	SLUS-00718
Shadow Man (Europe) (En,Fr,Es)	Europe	SLES-00947
Shadow Man (Italy)	Italy	SLES-02281
Shadow Man (USA)	USA	SLUS-00895
Shadow Man - Rette deine Seele (Germany)	Germany	SLES-02282
Shadow Master (Europe) (En,Fr,De,Es,It)	Europe	SLES-00888
Shadow Master (USA)	USA	SLUS-00545
Shadow Tower (Japan)	Japan	SLPS-01420
Shadow Tower (USA)	USA	SLUS-00863
Shadow and Shadow (Japan)	Japan	SLPM-87027
Shake Kids (Japan)	Japan	SLPS-01472
Shaman King - Spirit of Shamans (Japan)	Japan	SLPS-03432
Shane Warne Cricket (Australia)	Australia	SLES-01576
Shanghai - Banri no Choujou (Japan)	Japan	SCPS-10004
Shanghai - Banri no Choujou (Japan) (Gentei Box)	Japan	SCPS-10005
Shanghai - Great Moments (Japan)	Japan	SLPS-00266
Shanghai - Mateki Buyuu (Japan)	Japan	SLPS-01552
Shanghai - Mateki Buyuu (Japan)	Japan	SLPS-03208
Shanghai - Shouryuu Sairin (Japan)	Japan	SLPM-86836
Shanghai - True Valor (Europe)	Europe	SLES-01618
Shanghai - True Valor (USA)	USA	SLUS-00795
Shaolin (Europe)	Europe	SLES-01658
Shediao Yingxiongzhuan (Asia)	Asia	SCPS-45510
Sheep (Europe) (En,Fr,De,Es,It)	Europe	SLES-02218
Sheep (Japan)	Japan	SLPM-87020
Sheep (USA)	USA	SLUS-01298
Sheep, Dog 'n' Wolf (Europe) (En,Fr,De,Es,It,Nl)	Europe	SLES-02895
Sheep, Dog 'n' Wolf - Interactive Demo (Europe) (En,Fr,De,Es,It,Nl)	Europe	SLED-03631
Shellshock (Europe)	Europe	SLES-00026
Shellshock (France)	France	SLES-00215
Shellshock (Germany)	Germany	SLES-00216
Shellshock (USA)	USA	SLUS-00031
Shellshock - Jus' Keepin' da Peace (Japan)	Japan	SLPS-00486
Shichida-shiki Unou de Asobenture Vol. 1 - Kotoba ABC - 0-2-sai Muke (Japan)	Japan	SLPM-86527
Shichida-shiki Unou de Asobenture Vol. 2 - Katachi 123 - 0-2-sai Muke (Japan)	Japan	SLPM-86528
Shichida-shiki Unou de Asobenture Vol. 3 - Kotoba ABC - 2-4sai Muke (Japan)	Japan	SLPM-86529
Shichida-shiki Unou de Asobenture Vol. 4 - Katachi 123 - 2-4-sai Muke (Japan)	Japan	SLPM-86530
Shichida-shiki Unou de Asobenture Vol. 5 - Kotoba ABC - 4-6-sai Muke (Japan)	Japan	SLPM-86531
Shichida-shiki Unou de Asobenture Vol. 6 - Katachi 123 - 4-6-sai Muke (Japan)	Japan	SLPM-86532
Shichisei Toushin Guyferd - Crown Kaimetsu Sakusen (Japan)	Japan	SLPS-01619
Shichuu Suimei Pitagraph (Japan)	Japan	SLPS-00082
Shiki Oriori no Bass Tsuri (Japan)	Japan	SLPS-02810
Shin DX Okuman Chouja Game - Tsukutte! Utte! Oomouke! (Japan)	Japan	SLPM-87251
Shin Fortune Quest - Shokutaku no Kishitachi (Japan)	Japan	SLPS-00381
Shin Jidaigeki Action - Rasetsu no Ken (Japan, Asia)	Japan	SCPS-45402
Shin Jidaigeki Action - Rasetsu no Ken (Japan, Asia)	Japan	SLPM-86177
Shin Masou Kishin - Panzer Warfare (Japan)	Japan	SLPS-02319
Shin Megami Tensei (Japan)	Japan	SLPS-03170
Shin Megami Tensei - Devil Children - Kuro no Sho, Aka no Sho (Japan)	Japan	SLPM-87040
Shin Megami Tensei II (Japan)	Japan	SLPM-86924
Shin Megami Tensei II (Japan) (Rev 1)	Japan	SLPM-86924
Shin Megami Tensei If... (Japan)	Japan	SLPM-87154
Shin Megami Tensei If... (Japan) (Anniversary Pack)	Japan	SLPM-87153
Shin Nihon Pro Wrestling - Toukon Retsuden (Japan)	Japan	SLPS-00084
Shin Nihon Pro Wrestling - Toukon Retsuden (Japan)	Japan	SLPS-91009
Shin Nihon Pro Wrestling - Toukon Retsuden 2 (Japan)	Japan	SLPS-00637
Shin Nihon Pro Wrestling - Toukon Retsuden 3 (Japan)	Japan	SLPS-01366
Shin Nihon Pro Wrestling - Toukon Retsuden 3 (Japan) (Antonio Inoki Intai Kinen Genteiban)	Japan	SLPS-01314
Shin SD Sengokuden - Kidou Musha Taisen (Japan)	Japan	SLPS-00655
Shin SD Sengokuden - Kidou Musha Taisen (Japan) (Genteiban)	Japan	SLPS-00576
Shin Sedai Robot Senki - Brave Saga (Japan)	Japan	SLPS-01755
Shin Sedai Robot Senki - Brave Saga - Yuusha Gentei Koushiki Data Disc - Yuusha no Akashi (Japan)	Japan	SLPM-80275
Shin Seiki Evangelion - Eva to Yukai na Nakamatachi (Japan)	Japan	SLPS-01485
Shin Seiki Evangelion - Koutetsu no Girlfriend (Japan) (Disc 1)	Japan	SLPS-01377
Shin Seiki Evangelion - Koutetsu no Girlfriend (Japan) (Disc 2)	Japan	SLPS-01378
Shin Senki Van-Gale - The War of Neo-Century (Japan)	Japan	SLPS-00873
Shin Shikoutei - The First Emperor (Japan, Asia)	Japan	SCPS-45069
Shin Shikoutei - The First Emperor (Japan, Asia)	Japan	SLPS-00863
Shin Super Robot Taisen (Japan)	Japan	SLPS-00550
Shin Super Robot Taisen - Special Disc (Japan)	Japan	SLPS-00787
Shin Theme Park (Japan)	Japan	SLPS-00810
Shin Theme Park (Japan) (Rev 1)	Japan	SLPS-91131
Shingata Kururin Pa! (Japan)	Japan	SLPS-00414
Shinobi no Roku (Japan)	Japan	SLPS-02877
Shinri Game 10, The (Japan)	Japan	SLPS-03174
Shinri Game 2, The (Japan)	Japan	SLPS-00851
Shinri Game 2, The (Japan)	Japan	SLPS-02049
Shinri Game 3, The (Japan)	Japan	SLPS-01104
Shinri Game 3, The (Japan)	Japan	SLPS-02256
Shinri Game 5, The (Japan)	Japan	SLPS-02518
Shinri Game 6, The (Japan)	Japan	SLPS-02668
Shinri Game 7, The (Japan)	Japan	SLPS-02809
Shinri Game 8, The (Japan)	Japan	SLPS-02946
Shinri Game 9, The (Japan)	Japan	SLPS-03109
Shinri Game IV, The - Itsu mo Kokoro ni Hoshizora o (Japan)	Japan	SLPS-01670
Shinri Game IV, The - Itsu mo Kokoro ni Hoshizora o (Japan)	Japan	SLPS-02257
Shinri Game, The (Japan)	Japan	SLPS-00169
Shinri Game, The (Japan)	Japan	SLPS-02048
Shinseiden Megaseed - Fukkatsu-hen (Japan)	Japan	SLPS-00925
Shinsetsu Samurai Spirits - Bushidou Retsuden (Japan)	Japan	SLPM-86109
Shinsetsu Samurai Spirits - Bushidou Retsuden (Japan)	Japan	SLPS-00814
Shinshuku Taisen - It's a Nony! (Japan)	Japan	SLPS-01114
Shinshuku Taisen - It's a Nony! (Japan)	Japan	SLPS-02865
Shinsou Kaiten!! Wan Wan Umi Monogatari - Sanyo Pachinko Paradise DX (Japan)	Japan	SLPS-03312
Shipwreckers! (USA)	USA	SLUS-00558
Shiritsu Justice Gakuen - Legion of Heroes (Japan) (Disc 1) (Evolution Disc)	Japan	SLPS-01240
Shiritsu Justice Gakuen - Legion of Heroes (Japan) (Disc 2) (Arcade Disc)	Japan	SLPS-01241
Shiritsu Justice Gakuen - Nekketsu Seishun Nikki 2 (Japan)	Japan	SLPM-86750
Shiritsu Justice Gakuen - Nekketsu Seishun Nikki 2 (Japan)	Japan	SLPS-02120
Shisenfuu Gekikara Mahjong (Japan)	Japan	SLPS-01648
Shock Wave (Japan)	Japan	SLPS-00419
Shock Wave - Operation JumpGate (Japan)	Japan	SLPS-00516
Shockwave Assault (Europe) (Disc 1) (Shockwave - Invasion Earth)	Europe	SLES-00071
Shockwave Assault (Europe) (Disc 2) (Shockwave - Operation Jumpgate)	Europe	SLES-10071
Shockwave Assault (USA) (Disc 1) (Shockwave - Invasion Earth)	USA	SLUS-00028
Shockwave Assault (USA) (Disc 2) (Shockwave - Operation Jumpgate)	USA	SLUS-00137
Shonen Jump's One Piece - Grand Battle (Europe) (En,Fr,De,Es,It)	Europe	SLES-03807
Shoot (Germany)	Germany	SLES-04176
Shougi Joryuu Meijin'isen (Japan)	Japan	SLPS-00139
Shougi Saikyou - Pro ni Manabu (Japan)	Japan	SLPS-01976
Shougi Saikyou 2 (Japan)	Japan	SLPM-86069
Shouryuu Sangoku Engi (Japan)	Japan	SLPS-00253
Shrek Treasure Hunt (Europe) (En,Fr,De,Es)	Europe	SLES-03996
Shrek Treasure Hunt (USA)	USA	SLUS-01463
Shura no Mon (Japan)	Japan	SLPS-01202
Shusse Mahjong Daisettai (Japan)	Japan	SLPS-00276
Shutokou Battle Gaiden - Super Technic Challenge - Drift King e no Michi (Japan)	Japan	SLPS-00573
Shutokou Battle R (Japan)	Japan	SLPS-00828
Shutokou Battle R (Japan)	Japan	SLPS-91069
Shutokou Battle R (Japan)	Japan	SLPS-91427
Shuukan Gallop - Blood Master (Japan) (Disc 1)	Japan	SLPS-02401
Shuukan Gallop - Blood Master (Japan) (Disc 2)	Japan	SLPS-02402
Shuukan Pro Wres Kanshuu - Pro Wres Sengokuden (Japan)	Japan	SLPS-00881
Sid Meier's Civilization - Shin Sekai Shichidai Bunmei (Japan)	Japan	SLPS-00336
Side Pocket 3 (Japan)	Japan	SLPS-01079
Side by Side Special (Japan)	Japan	SLPS-01175
Side by Side Special 2000 (Japan)	Japan	SLPM-86344
Sidewinder (Japan)	Japan	SLPS-00156
Sidewinder 2 - Let's Dance in the Sky (Japan) (En,Ja)	Japan	SLPS-00954
Sidewinder 2 - Let's Dance in the Sky (Japan) (En,Ja)	Japan	SLPS-91132
Sidewinder USA (Japan)	Japan	SLPS-91010
Silent Bomber (Europe)	Europe	SLES-02792
Silent Bomber (France)	France	SLES-02989
Silent Bomber (Germany)	Germany	SLES-02990
Silent Bomber (Italy)	Italy	SLES-02991
Silent Bomber (Japan)	Japan	SLPS-02334
Silent Bomber (Spain)	Spain	SLES-02992
Silent Bomber (USA)	USA	SLUS-00902
Silent Hill (Europe) (En,Fr,De,Es,It)	Europe	SLES-01514
Silent Hill (Japan)	Japan	SLPM-86192
Silent Hill (Japan) (Rev 1)	Japan	SLPM-86192
Silent Hill (Japan) (Rev 2)	Japan	SLPM-86498
Silent Hill (Japan) (Rev 2)	Japan	SLPM-87029
Silent Hill (USA)	USA	SLUS-00707
Silent Iron (Europe)	Europe	SLES-04157
Silent Moebius - Case - Titanic (Japan)	Japan	SLPS-01618
Silent Moebius - Gen'ei no Datenshi (Japan)	Japan	SLPS-01803
Silhouette Mirage - Reprogrammed Hope (Japan)	Japan	SLPS-01449
Silhouette Stories (Japan)	Japan	SLPS-00374
Silver Jiken - The Silver (Japan)	Japan	SLPS-02320
Silver Jiken - The Silver (Japan)	Japan	SLPS-02969
Silverload (USA)	USA	SLUS-00050
Sim Town (Japan)	Japan	SLPS-00748
SimCity 2000 (Europe) (En,Fr,De,Es)	Europe	SLES-00471
SimCity 2000 (Japan)	Japan	SLPS-00420
SimCity 2000 (Japan)	Japan	SLPS-91098
SimCity 2000 (USA)	USA	SLUS-00113
SimTheme Park (USA)	USA	SLUS-01069
Simple 1500 Jitsuyou Series Vol. 01 - Norikae Annai - 2000-nenban (Japan)	Japan	SLPS-02842
Simple 1500 Jitsuyou Series Vol. 02 - Katei no Fuusui (Japan)	Japan	SLPS-02843
Simple 1500 Jitsuyou Series Vol. 03 - Seimei Handan (Japan)	Japan	SLPS-02841
Simple 1500 Jitsuyou Series Vol. 04 - Ryouri - Teiban Ryouri Recipe-shuu (Japan)	Japan	SLPS-02839
Simple 1500 Jitsuyou Series Vol. 05 - Kusuri no Jiten - Pill Book 2001-nenban (Japan)	Japan	SLPM-86706
Simple 1500 Jitsuyou Series Vol. 06 - Cocktail no Recipe (Japan)	Japan	SLPM-86707
Simple 1500 Jitsuyou Series Vol. 07 - Tanoshiku Manabu Unten Menkyo (Japan)	Japan	SLPM-86797
Simple 1500 Jitsuyou Series Vol. 08 - 1-jikan de Wakaru Kabushiki Toushi (Japan)	Japan	SLPM-86708
Simple 1500 Jitsuyou Series Vol. 09 - Watashi Style no Aromatherapy (Japan)	Japan	SLPM-86843
Simple 1500 Jitsuyou Series Vol. 10 - Tarot Uranai (Japan)	Japan	SLPM-86913
Simple 1500 Jitsuyou Series Vol. 11 - Katei de Dekiru Tsubo Shiatsu (Japan)	Japan	SLPM-86968
Simple 1500 Jitsuyou Series Vol. 12 - Katei no Igaku - Shindan Jiten (Japan)	Japan	SLPM-86969
Simple 1500 Jitsuyou Series Vol. 13 - Shinri Game - Soreike x Kokology - Kokoro no Uso no Makafushigi (Japan)	Japan	SLPM-87016
Simple 1500 Jitsuyou Series Vol. 14 - Kurashi no Manner - Kankon Sousai-hen (Japan)	Japan	SLPM-87022
Simple 1500 Jitsuyou Series Vol. 15 - Inu no Kaikata - Sekai no Inu Catalog (Japan)	Japan	SLPM-87051
Simple 1500 Jitsuyou Series Vol. 16 - Neko no Kaikata - Sekai no Neko Catalog (Japan)	Japan	SLPM-87052
Simple 1500 Jitsuyou Series Vol. 17 - Planetarium (Japan)	Japan	SLPM-87049
Simple 1500 Jitsuyou Series Vol. 18 - Kanji Quiz - Kanji Kentei ni Challenge (Japan)	Japan	SLPM-87072
Simple 1500 Series - Hello Kitty Vol. 01 - Bowling (Japan)	Japan	SLPM-86866
Simple 1500 Series - Hello Kitty Vol. 02 - Illust Puzzle (Japan)	Japan	SLPM-86867
Simple 1500 Series - Hello Kitty Vol. 03 - Block Kuzushi (Japan)	Japan	SLPM-86911
Simple 1500 Series - Hello Kitty Vol. 04 - Trump (Japan)	Japan	SLPM-86910
Simple 1500 Series - The Demo (Japan)	Japan	SLPM-80472
Simple 1500 Series - The Demo II (Japan) (Taikenban)	Japan	SLPM-80503
Simple 1500 Series Vol. 1 - The Mahjong (Japan)	Japan	SLPS-02437
Simple 1500 Series Vol. 1 - The Mahjong (Japan) (Culture Publishers)	Japan	SLPS-01631
Simple 1500 Series Vol. 1 - The Mahjong (Japan) (Culture Publishers) (Rev 1)	Japan	SLPS-01631
Simple 1500 Series Vol. 10 - The Billiard (Japan)	Japan	SLPS-02446
Simple 1500 Series Vol. 10 - The Billiard (Japan) (Culture Publishers)	Japan	SLPS-02030
Simple 1500 Series Vol. 100 - The Uchuu Hikoushi (Japan)	Japan	SLPM-87141
Simple 1500 Series Vol. 101 - The Sentou (Japan)	Japan	SLPM-87142
Simple 1500 Series Vol. 102 - The Densha Untenshu - Densha de Go! Nagoya Tetsudou-hen (Japan)	Japan	SLPM-87144
Simple 1500 Series Vol. 103 - The Ganso Densha Untenshi - Densha de Go! (Japan)	Japan	SLPM-87212
Simple 1500 Series Vol. 104 - The Pink Panther - Pinkadelic Pursuit (Japan)	Japan	SLPM-87215
Simple 1500 Series Vol. 11 - The Pinball 3D (Japan)	Japan	SLPS-02447
Simple 1500 Series Vol. 11 - The Pinball 3D (Japan) (Culture Publishers)	Japan	SLPS-02178
Simple 1500 Series Vol. 12 - The Quiz (Japan)	Japan	SLPS-02448
Simple 1500 Series Vol. 12 - The Quiz (Japan) (Culture Publishers)	Japan	SLPS-02179
Simple 1500 Series Vol. 13 - The Race (Japan)	Japan	SLPS-02449
Simple 1500 Series Vol. 13 - The Race (Japan) (Culture Publishers)	Japan	SLPS-02197
Simple 1500 Series Vol. 14 - The Block Kuzushi (Japan)	Japan	SLPS-02450
Simple 1500 Series Vol. 14 - The Block Kuzushi (Japan) (Culture Publishers)	Japan	SLPS-02227
Simple 1500 Series Vol. 15 - The Pachinko (Japan)	Japan	SLPS-02451
Simple 1500 Series Vol. 15 - The Pachinko (Japan) (Culture Publishers)	Japan	SLPS-02301
Simple 1500 Series Vol. 16 - The Pachi-Slot (Japan)	Japan	SLPS-02452
Simple 1500 Series Vol. 17 - The Bike Race (Japan)	Japan	SLPS-02453
Simple 1500 Series Vol. 17 - The Bike Race (Japan) (Culture Publishers)	Japan	SLPS-02303
Simple 1500 Series Vol. 18 - The Bowling (Japan)	Japan	SLPS-02433
Simple 1500 Series Vol. 19 - The Sugoroku (Japan)	Japan	SLPS-02435
Simple 1500 Series Vol. 2 - The Shougi (Japan)	Japan	SLPS-02438
Simple 1500 Series Vol. 2 - The Shougi (Japan) (Culture Publishers)	Japan	SLPS-01632
Simple 1500 Series Vol. 20 - The Puzzle (Japan)	Japan	SLPS-02434
Simple 1500 Series Vol. 21 - The Yakyuu (Japan)	Japan	SLPS-02471
Simple 1500 Series Vol. 21 - The Yakyuu - Pro Yakyuu Jitsumeiban (Japan)	Japan	SLPM-86719
Simple 1500 Series Vol. 22 - The Pro Wrestling (Japan)	Japan	SLPS-02472
Simple 1500 Series Vol. 23 - The Gateball (Japan)	Japan	SLPS-02473
Simple 1500 Series Vol. 24 - The Gun Shooting (Japan)	Japan	SLPS-02474
Simple 1500 Series Vol. 25 - The Keiba (Japan)	Japan	SLPS-02475
Simple 1500 Series Vol. 26 - The Tennis (Japan)	Japan	SLPS-02228
Simple 1500 Series Vol. 27 - The Snowboard (Japan)	Japan	SLPS-02630
Simple 1500 Series Vol. 28 - The Dungeon RPG (Japan)	Japan	SLPS-02726
Simple 1500 Series Vol. 29 - The Tsuri (Japan)	Japan	SLPS-02755
Simple 1500 Series Vol. 3 - The Gomoku Narabe (Japan)	Japan	SLPS-02439
Simple 1500 Series Vol. 3 - The Gomoku Narabe (Japan) (Culture Publishers)	Japan	SLPS-01633
Simple 1500 Series Vol. 30 - The Basket - 1 on 1 Plus (Japan)	Japan	SLPS-02756
Simple 1500 Series Vol. 31 - The Sound Novel (Japan)	Japan	SLPS-02840
Simple 1500 Series Vol. 32 - The Boxing (Japan)	Japan	SLPS-02922
Simple 1500 Series Vol. 33 - The Takkyuu (Japan)	Japan	SLPS-02908
Simple 1500 Series Vol. 34 - The Quiz Bangumi (Japan)	Japan	SLPS-02909
Simple 1500 Series Vol. 35 - The Shooting (Japan)	Japan	SLPS-02910
Simple 1500 Series Vol. 36 - The Ren'ai Simulation - Natsuiro Celebration (Japan)	Japan	SLPS-02923
Simple 1500 Series Vol. 37 - The Illust Puzzle & Slide Puzzle (Japan)	Japan	SLPS-02958
Simple 1500 Series Vol. 38 - The Real Racing - Toyota (Japan)	Japan	SLPS-02959
Simple 1500 Series Vol. 39 - The Mahjong 2 (Japan)	Japan	SLPS-03004
Simple 1500 Series Vol. 39 - The Mahjong 2 (Japan) (Rev 1)	Japan	SLPS-03004
Simple 1500 Series Vol. 4 - The Reversi (Japan)	Japan	SLPS-02440
Simple 1500 Series Vol. 4 - The Reversi (Japan) (Culture Publishers)	Japan	SLPS-01634
Simple 1500 Series Vol. 40 - The Shougi 2 (Japan)	Japan	SLPS-03006
Simple 1500 Series Vol. 41 - The Reversi 2 (Japan)	Japan	SLPS-03010
Simple 1500 Series Vol. 42 - The Igo 2 (Japan)	Japan	SLPS-03005
Simple 1500 Series Vol. 43 - The Hanafuda 2 (Japan)	Japan	SLPS-03009
Simple 1500 Series Vol. 44 - The Card 2 (Japan)	Japan	SLPS-03007
Simple 1500 Series Vol. 45 - The Block Kuzushi 2 (Japan)	Japan	SLPS-03036
Simple 1500 Series Vol. 46 - The Mahjong Ochigee - Raku Jongg (Japan)	Japan	SLPS-03035
Simple 1500 Series Vol. 47 - The Skateboard (Japan)	Japan	SLPS-03037
Simple 1500 Series Vol. 48 - The Puzzle 2 (Japan)	Japan	SLPM-86698
Simple 1500 Series Vol. 49 - The Casino (Japan)	Japan	SLPM-86699
Simple 1500 Series Vol. 5 - The Igo (Japan)	Japan	SLPS-02441
Simple 1500 Series Vol. 5 - The Igo (Japan) (Culture Publishers)	Japan	SLPS-01683
Simple 1500 Series Vol. 50 - The Billiard 2 (Japan)	Japan	SLPM-86697
Simple 1500 Series Vol. 51 - The Jigsaw Puzzle (Japan)	Japan	SLPM-86700
Simple 1500 Series Vol. 52 - The Pro Wrestling 2 (Japan)	Japan	SLPM-86702
Simple 1500 Series Vol. 53 - The Helicopter (Japan)	Japan	SLPM-86701
Simple 1500 Series Vol. 54 - The Volleyball - Break Volley Plus (Japan)	Japan	SLPM-86713
Simple 1500 Series Vol. 55 - The Darts (Japan)	Japan	SLPM-86714
Simple 1500 Series Vol. 56 - The Sniper (Japan)	Japan	SLPM-86762
Simple 1500 Series Vol. 57 - The Meiro (Japan)	Japan	SLPM-86715
Simple 1500 Series Vol. 58 - The Sumou (Japan)	Japan	SLPM-86760
Simple 1500 Series Vol. 59 - The Suiri - IT Tantei 18 no Jikenbo (Japan)	Japan	SLPM-86709
Simple 1500 Series Vol. 6 - The Hanafuda (Japan)	Japan	SLPS-02442
Simple 1500 Series Vol. 6 - The Hanafuda (Japan) (Culture Publishers)	Japan	SLPS-01684
Simple 1500 Series Vol. 60 - The Table Hockey (Japan)	Japan	SLPM-86761
Simple 1500 Series Vol. 61 - The Quiz 2 (Japan)	Japan	SLPM-86803
Simple 1500 Series Vol. 62 - The Ski (Japan)	Japan	SLPM-86801
Simple 1500 Series Vol. 63 - The Gun Shooting 2 (Japan)	Japan	SLPM-86816
Simple 1500 Series Vol. 64 - The Kick Boxing (Japan)	Japan	SLPM-86841
Simple 1500 Series Vol. 65 - The Golf (Japan)	Japan	SLPM-86842
Simple 1500 Series Vol. 66 - The Kaiten - Mawasundaa!! (Japan)	Japan	SLPM-86840
Simple 1500 Series Vol. 67 - The Soccer - Dynamite Soccer 1500 (Japan)	Japan	SLPM-86864
Simple 1500 Series Vol. 68 - The RC Car - RC de Go! (Japan)	Japan	SLPM-86865
Simple 1500 Series Vol. 69 - The Putter Golf (Japan)	Japan	SLPM-86868
Simple 1500 Series Vol. 7 - The Card (Japan)	Japan	SLPS-02443
Simple 1500 Series Vol. 7 - The Card (Japan) (Culture Publishers)	Japan	SLPS-01685
Simple 1500 Series Vol. 70 - The War Simulation - Hito no Tsukurishi Monotachi (Japan)	Japan	SLPM-86869
Simple 1500 Series Vol. 71 - The Ren'ai Simulation 2 - Fureai (Japan)	Japan	SLPM-86870
Simple 1500 Series Vol. 72 - The Beach Volley (Japan)	Japan	SLPM-86871
Simple 1500 Series Vol. 73 - The Invaders - Space Invaders 1500 (Japan)	Japan	SLPM-86900
Simple 1500 Series Vol. 74 - The Horror Mystery - Sangeki-kan - Kevin Hakushaku no Fukkatsu (Japan)	Japan	SLPM-86901
Simple 1500 Series Vol. 75 - The Double Shooting - RayStorm x RayCrisis (Japan)	Japan	SLPM-86912
Simple 1500 Series Vol. 76 - The Dodgeball (Japan)	Japan	SLPM-86914
Simple 1500 Series Vol. 77 - The Suiei (Japan)	Japan	SLPM-86915
Simple 1500 Series Vol. 78 - The Zeroyon (Japan)	Japan	SLPM-86712
Simple 1500 Series Vol. 79 - The Shisenshou (Japan)	Japan	SLPM-86970
Simple 1500 Series Vol. 8 - The Solitaire (Japan)	Japan	SLPS-02444
Simple 1500 Series Vol. 8 - The Solitaire (Japan) (Culture Publishers)	Japan	SLPS-01686
Simple 1500 Series Vol. 80 - The Jintori (Japan)	Japan	SLPM-86971
Simple 1500 Series Vol. 81 - The Ren'ai Adventure - Okaeri! (Japan)	Japan	SLPM-86972
Simple 1500 Series Vol. 82 - The Sensuikan (Japan)	Japan	SLPM-86973
Simple 1500 Series Vol. 83 - The Wakeboard - BursTrick - Wake Boarding!! (Japan)	Japan	SLPM-86998
Simple 1500 Series Vol. 84 - The Intro Quiz (Japan)	Japan	SLPM-86974
Simple 1500 Series Vol. 85 - The Sengoku Bushou - Tenka Touitsu no Yabou (Japan)	Japan	SLPM-87008
Simple 1500 Series Vol. 86 - The Onigokko (Japan)	Japan	SLPM-87017
Simple 1500 Series Vol. 87 - The Kyoutei (Japan)	Japan	SLPM-87026
Simple 1500 Series Vol. 88 - The Gal Mahjong - Love Songs - Idol wa High Rate (Japan)	Japan	SLPM-87023
Simple 1500 Series Vol. 89 - The Power Shovel ni Norou!! (Japan)	Japan	SLPM-87035
Simple 1500 Series Vol. 9 - The Chess (Japan)	Japan	SLPS-02445
Simple 1500 Series Vol. 9 - The Chess (Japan) (Culture Publishers)	Japan	SLPS-01687
Simple 1500 Series Vol. 90 - The Sensha (Japan)	Japan	SLPM-87044
Simple 1500 Series Vol. 91 - The Gambler - Honoo no Tobaku Densetsu (Japan)	Japan	SLPM-86975
Simple 1500 Series Vol. 92 - The Tozan RPG - Ginrei no Hasha (Japan)	Japan	SLPM-87036
Simple 1500 Series Vol. 93 - The Puzzle Bobble - Puzzle Bobble 4 (Japan)	Japan	SLPM-87057
Simple 1500 Series Vol. 94 - The Cameraman - Gekisha Boy Omake Tsuki (Japan)	Japan	SLPM-87076
Simple 1500 Series Vol. 95 - The Hikouki (Japan)	Japan	SLPM-87070
Simple 1500 Series Vol. 96 - The Yakyuu 2 - 2002 Pro Yakyuu (Japan)	Japan	SLPM-87071
Simple 1500 Series Vol. 97 - The Squash (Japan)	Japan	SLPM-87088
Simple 1500 Series Vol. 98 - The Futsal (Japan)	Japan	SLPM-87087
Simple 1500 Series Vol. 99 - The Kendou - Ken no Hanamichi (Japan)	Japan	SLPM-87140
Simple Character 2000 Series Vol. 01 - Kidou Senshi Gundam - The Gunjin Shougi (Japan)	Japan	SLPS-03309
Simple Character 2000 Series Vol. 02 - Afro-ken - The Puzzle (Japan)	Japan	SLPS-03307
Simple Character 2000 Series Vol. 03 - Kamen Rider - The Bike Race (Japan)	Japan	SLPS-03308
Simple Character 2000 Series Vol. 04 - Jarinko Chie - The Hanafuda (Japan)	Japan	SLPS-03350
Simple Character 2000 Series Vol. 05 - High School! Kimengumi - The Table Hockey (Japan)	Japan	SLPS-03362
Simple Character 2000 Series Vol. 06 - Dokonjou Gaeru - The Mahjong (Japan)	Japan	SLPS-03363
Simple Character 2000 Series Vol. 07 - Ikkyuu-san - The Quiz (Japan)	Japan	SLPS-03418
Simple Character 2000 Series Vol. 08 - Kagaku Ninja-tai Gatchaman - The Shooting (Japan)	Japan	SLPS-03444
Simple Character 2000 Series Vol. 09 - Tsurikichi Sanpei - The Tsuri (Japan)	Japan	SLPS-03445
Simple Character 2000 Series Vol. 10 - Sakigake!! Otokojuku - The Dodgeball (Japan)	Japan	SLPS-03457
Simple Character 2000 Series Vol. 11 - Meitantei Conan - The Board Game (Japan)	Japan	SLPS-03458
Simple Character 2000 Series Vol. 12 - Kidou Butouden G Gundam - The Battle (Japan)	Japan	SLPS-03471
Simple Character 2000 Series Vol. 13 - Shin Kidou Senki Gundam W - The Battle (Japan)	Japan	SLPS-03472
Simple Character 2000 Series Vol. 14 - Nante Tantei Idol - The Jigsaw Puzzle (Japan)	Japan	SLPS-03473
Simple Character 2000 Series Vol. 15 - Cyborg 009 - The Block Kuzushi (Japan)	Japan	SLPS-03474
Simple Character 2000 Series Vol. 16 - Gamba no Bouken - The Puzzle Action (Japan)	Japan	SLPS-03546
Simple Character 2000 Series Vol. 17 - Sentou Mecha Xabungle - The Race in Action (Japan)	Japan	SLPS-03547
Simpsons Wrestling, The (Europe)	Europe	SLES-03401
Simpsons Wrestling, The (USA)	USA	SLUS-01227
Simulation Pro Yakyuu '99 (Japan)	Japan	SLPS-02102
Simulation RPG Tkool (Japan)	Japan	SLPS-00876
Simulation RPG Tkool (Japan) (Enterbrain Collection)	Japan	SLPS-03346
Simulation Zoo (Japan)	Japan	SLPS-00458
Sister Princess (Japan) (Disc 1)	Japan	SLPS-03156
Sister Princess (Japan) (Disc 1)	Japan	SLPS-91500
Sister Princess (Japan) (Disc 1) (Shokai Genteiban)	Japan	SLPS-03154
Sister Princess (Japan) (Disc 2)	Japan	SLPS-03157
Sister Princess (Japan) (Disc 2)	Japan	SLPS-91501
Sister Princess (Japan) (Disc 2) (Shokai Genteiban)	Japan	SLPS-03155
Sister Princess - Pure Stories (Japan)	Japan	SLPS-03360
Sister Princess 2 (Japan) (Disc 1)	Japan	SLPS-03523
Sister Princess 2 (Japan) (Disc 1) (Shokai Genteiban)	Japan	SLPS-03521
Sister Princess 2 (Japan) (Disc 1) (Shokai Genteiban)	Japan	SLPS-91527
Sister Princess 2 (Japan) (Disc 2)	Japan	SLPS-03524
Sister Princess 2 (Japan) (Disc 2) (Shokai Genteiban)	Japan	SLPS-03522
Sister Princess 2 (Japan) (Disc 2) (Shokai Genteiban)	Japan	SLPS-91528
Sister Princess 2 - Premium Fan Disc (Japan) (Disc A)	Japan	SLPS-03556
Sister Princess 2 - Premium Fan Disc (Japan) (Disc B)	Japan	SLPS-03557
Skeleton Warriors (Europe)	Europe	SLES-00341
Skeleton Warriors (USA)	USA	SLUS-00209
Ski Air Mix (Europe)	Europe	SLES-02947
Ski Air Mix (Japan)	Japan	SLPS-01476
Skullmonkeys (Europe)	Europe	SLES-01090
Skullmonkeys (France)	France	SLES-01091
Skullmonkeys (Germany)	Germany	SLES-01092
Skullmonkeys (USA)	USA	SLUS-00601
Sky Sports Football Quiz (Europe)	Europe	SLES-03776
Sky Sports Football Quiz - Season 02 (Europe)	Europe	SLES-03856
Skydiving Extreme (USA)	USA	SLUS-01392
Slam 'n Jam '96 featuring Magic & Kareem (Europe)	Europe	SLES-00076
Slam 'n Jam '96 featuring Magic & Kareem (USA)	USA	SLUS-00022
Slam Dragon (Japan)	Japan	SLPS-00246
Slamscape (Europe)	Europe	SLES-00427
Slamscape (USA)	USA	SLUS-00080
Slap Happy Rhythm Busters (Japan)	Japan	SLPS-02789
Slap Happy Rhythm Busters (Japan)	Japan	SLPS-91460
Slayers Royal (Japan)	Japan	SLPS-01363
Slayers Royal 2 (Japan)	Japan	SLPS-02115
Slayers Wonderful (Japan)	Japan	SLPS-01599
Sled Storm & Medal of Honor Demo CD (USA)	USA	SLUS-90072
Sled Storm (Europe) (En,Fr,De,Es) (Alt)	Europe	SLES-02194
Sled Storm (USA, Canada)	USA	SLUS-00955
Slim Jim (USA)	USA	SCUS-94472
Slime Shiyou! (Japan)	Japan	SLPS-00504
Slot! Pro - Ooedo Sakura Fubuki 2 (Japan)	Japan	SLPS-02997
Slot! Pro 2 - Bakuretsu Oozumou Aka & Murasaki (Japan)	Japan	SLPS-03179
Slot! Pro 3 - Juggler Special (Japan)	Japan	SLPS-03253
Slot! Pro 4 - Tairyou Special (Japan)	Japan	SLPS-03394
Slot! Pro 5 - Naniwa Sakura Fubuki & Shimauta (Japan)	Japan	SLPS-03439
Slot! Pro 6 - Hyper Juggler V (Japan)	Japan	SLPS-03469
Slot! Pro 7 - Hana Densetsu (Japan)	Japan	SLPS-03485
Slot! Pro 8 - Shimamusume 30 & Hana Densetsu 25 (Japan)	Japan	SLPS-03551
Slots (USA)	USA	SLUS-01555
Slotter Mania - Gekinetsu Oki-Slot! Siosai Special (Japan)	Japan	SLPS-03192
Slotter Mania 2 - Chounetsu 30 Phi! Hana Hana & KingBary & Hai Hai Siosai (Japan)	Japan	SLPS-03349
Slotter Mania 3 - Bakuryou Houshutsu! Uminchu & Fire Element (Japan)	Japan	SLPS-03414
Slotter Mania 4 - Gekiatsu Youkou! Siolar & King Castle & Kabuto (Japan)	Japan	SLPS-03438
Slotter Mania 5 - Gekiuchi Shinzui! Hyper Juggler V & Kita-chan Country & Wonder Review 2 (Japan)	Japan	SLPS-03468
Slotter Mania 6 - Bakuretsu Sairai! Wadatsumi (2 Types) & Blue Lagoon (Japan)	Japan	SLPS-03483
Slotter Mania 7 - Gekiatsu! Siosai-musume Seizoroi DX + Apache A (Japan)	Japan	SLPS-03511
Slotter Mania 8 - Miwaku no Takarabako! Jewel Magic 2 & Gold & Silver (Japan)	Japan	SLPS-03520
Slotter Mania 9 - Gokunetsu 30 Phi! Haibi & Splash Seven (Japan)	Japan	SLPS-03533
Slotter Mania Core - Tokonatsu no Atsusa! Oasis (Japan)	Japan	SLPS-02960
Slotter Mania Gaiden - Chouatsu Densetsu! Golden Rookie & Fire V & Ryuuou (Japan)	Japan	SLPS-03467
Small Soldiers (Europe)	Europe	SLES-01580
Small Soldiers (France)	France	SLES-01581
Small Soldiers (Germany)	Germany	SLES-01582
Small Soldiers (USA)	USA	SLUS-00781
Smash Court (Japan)	Japan	SLPS-00450
Smash Court (Japan)	Japan	SLPS-91053
Smash Court (Japan)	Japan	SLPS-91407
Smash Court 2 (Japan)	Japan	SLPS-01693
Smash Court 3 (Japan)	Japan	SLPS-03001
Smurf Racer! (USA) (En,Fr,Es)	USA	SLUS-01359
Smurfs, The (Europe) (En,Fr,De,Es,It,Nl)	Europe	SLES-01749
Smurfs, The (USA) (En,Fr,Es)	USA	SLUS-01008
Snatcher (Japan)	Japan	SLPS-00154
Sno Pokeler (Japan)	Japan	SLPS-02650
SnoCross Championship Racing (Europe) (En,Fr,De,Es,It)	Europe	SLES-02763
SnoCross Championship Racing (USA)	USA	SLUS-01093
Snobow Kids Plus (Japan)	Japan	SLPS-01823
Snow Break (Japan, Asia)	Japan	SCPS-45157
Snow Break (Japan, Asia)	Japan	SLPS-01170
Snow Racer 98 (Europe) (En,Fr,De)	Europe	SLES-01106
Snowboard Racer (Europe)	Europe	SLES-03960
Snowboarding (USA)	USA	SLUS-01287
Snowman, The (Japan)	Japan	SLPS-00140
Soccer '97 (Europe) (En,Fr,De,Es,It)	Europe	SLES-00691
Soccer Kid (Europe)	Europe	SLES-04022
Soeldnerschild Special (Japan)	Japan	SLPM-86234
Soeldnerschild Special (Japan)	Japan	SLPS-01319
Sol Divide (Japan, Asia)	Japan	SCPS-45260
Sol Divide (Japan, Asia)	Japan	SLPS-01463
Sol Divide (USA)	USA	SLUS-01519
Sold Out (Japan)	Japan	SLPS-00597
Solid Link - Dungeon Side (Japan)	Japan	SLPS-03028
Solid Link - Tower Side (Japan)	Japan	SLPS-03027
Sonata (Japan) (Disc 1)	Japan	SLPS-01843
Sonata (Japan) (Disc 2)	Japan	SLPS-01844
Sonata (Japan) (Profile Disc)	Japan	SLPM-80318
Sonic Wings Special (Europe)	Europe	SLES-04102
Sonic Wings Special (Japan)	Japan	SLPS-00307
Sony Computer Entertainment Hyper Fan Book (Japan)	Japan	SLPM-80355
Sony Computer Entertainment Inc. Monthly Software Information - 6-gatsu Hatsubai Yotei Title (Japan)	Japan	PCPX-96154
Sony Double Impact (Europe) (Games)	Europe	SCED-02204
Sony Music Entertainment - PlayStation Title Digest (Japan)	Japan	SLPM-80148
Sorcerer's Maze (Europe) (En,Fr,De,Es,It)	Europe	SLES-04086
Sorcerer's Maze (USA)	USA	SLUS-01495
Soreike Flyfishing - Let's Go Flyfishing (Japan)	Japan	SLPS-01827
Soreike no Kokology - Kokoro ga Oshieru Koi, Kekkon, Jinsei (Japan)	Japan	SLPS-00484
Sotsugyou - Crossworld (Japan)	Japan	SLPS-00273
Sotsugyou II - Neo Generation (Japan)	Japan	SLPS-00113
Sotsugyou III - Wedding Bell (Japan)	Japan	SLPS-01332
Sotsugyou M - Seito Kaichou no Karei naru Inbou (Japan) (Disc 1)	Japan	SLPS-01444
Sotsugyou M - Seito Kaichou no Karei naru Inbou (Japan) (Disc 2)	Japan	SLPS-01445
Sotsugyou R - Graduation Real (Japan)	Japan	SLPS-00261
Sotsugyou Vacation (Japan)	Japan	SLPS-00989
Sougaku Toshi Osaka (Japan) (Disc 1) (Method)	Japan	SLPS-01722
Sougaku Toshi Osaka (Japan) (Disc 2) (Object)	Japan	SLPS-01723
Soukaigi (Japan) (Disc 1)	Japan	SLPS-01291
Soukaigi (Japan) (Disc 2)	Japan	SLPS-01292
Soukaigi (Japan) (Disc 3)	Japan	SLPS-01293
Soukoban - Nanmon Shinan (Japan)	Japan	SLPS-02010
Soukoban Basic (Japan)	Japan	SLPS-00924
Soukoban Basic 2 (Japan)	Japan	SLPS-01519
Soukou Kidoutai L.A.P.D. (Japan)	Japan	SLPS-02091
Soukou Kihei Votoms - Koutetsu no Gunzei (Japan)	Japan	SLPS-02315
Soukou Kihei Votoms - Koutetsu no Gunzei (Japan) (Shokai Seisan Genteiban)	Japan	SLPS-02313
Soukou Kihei Votoms - Lightning Slash (Japan)	Japan	SLPS-01961
Soukou Kihei Votoms - Lightning Slash (Japan) (Limited Edition)	Japan	SLPS-01960
Soukou Kihei Votoms - Woodo Kummen (Japan)	Japan	SLPS-01331
Soukou Kihei Votoms - Woodo Kummen (Japan) (Limited Edition)	Japan	SLPS-01330
Soukou Kihei Votoms Gaiden - Ao no Kishi Berserga Monogatari (Japan) (Limited Edition)	Japan	SLPS-00981
Soukou Kihei Votoms Gaiden - Ao no Kishi Berserga Monogatari (Japan, Asia)	Japan	SCPS-45115
Soukou Kihei Votoms Gaiden - Ao no Kishi Berserga Monogatari (Japan, Asia)	Japan	SLPS-00982
Soukuu no Tsubasa - Gotha World (Japan) (Disc 1)	Japan	SLPS-01041
Soukuu no Tsubasa - Gotha World (Japan) (Disc 2)	Japan	SLPS-01042
Soukyuu Gurentai - Oubu Shutsugeki (Japan)	Japan	SLPS-01172
Soul Blade (Europe)	Europe	SCES-00577
Soul Blade (USA)	USA	SLUS-00240
Soul Blade (USA) (Rev 1)	USA	SLUS-00240
Soul Edge (Japan)	Japan	SLPS-00555
Soul Edge (Japan) (Gentei Box)	Japan	SLPS-00545
Soul Edge (Japan) (Rev 1)	Japan	SLPS-91168
Soul Edge (Japan) (Rev 1)	Japan	SLPS-91454
Soul of the Samurai (USA)	USA	SLUS-00822
Soulmaster (Japan)	Japan	SLPM-86170
Soulmaster (Japan)	Japan	SLPS-01090
Soumatou (Japan)	Japan	SLPS-02479
Soumatou (Japan)	Japan	SLPS-91237
Sound Novel Evolution 1 - Otogirisou - Sosei-hen (Japan)	Japan	SLPS-01645
Sound Novel Evolution 1 - Otogirisou - Sosei-hen (Japan) (Rev 1)	Japan	SLPS-91225
Sound Novel Evolution 2 - Kamaitachi no Yoru Tokubetsu-hen (Japan)	Japan	SLPS-01794
Sound Novel Evolution 2 - Kamaitachi no Yoru Tokubetsu-hen (Japan)	Japan	SLPS-91187
Sound Novel Evolution 3 - Machi - Unmei no Kousaten (Japan) (Disc 1)	Japan	SLPS-01845
Sound Novel Evolution 3 - Machi - Unmei no Kousaten (Japan) (Disc 1)	Japan	SLPS-91489
Sound Novel Evolution 3 - Machi - Unmei no Kousaten (Japan) (Disc 2)	Japan	SLPS-01846
Sound Novel Evolution 3 - Machi - Unmei no Kousaten (Japan) (Disc 2)	Japan	SLPS-91490
Sound Novel Tkool 2 (Japan)	Japan	SLPS-00882
Sound Qube (Japan)	Japan	SLPS-01309
Sound Qube (Japan) (Best of the Best)	Japan	SLPS-02716
Souryuu (Japan)	Japan	SLPS-00642
Souryuu (Japan)	Japan	SLPS-01617
Souten no Shiroki Kami no Kura - Great Peak (Japan)	Japan	SCPS-10058
South Park (Europe)	Europe	SLES-02158
South Park (USA)	USA	SLUS-00936
South Park - Chef's Luv Shack (Europe)	Europe	SLES-01972
South Park - Chef's Luv Shack (USA)	USA	SLUS-00997
South Park Rally (Europe) (En,Fr,De,Es)	Europe	SLES-02690
South Park Rally (Europe, Australia)	Europe	SLES-02352
South Park Rally (USA)	USA	SLUS-00984
Southern All Stars - Space MOSA Space Museum of Southern Art (Japan) (Disc 1) (Museum)	Japan	SLPM-86408
Southern All Stars - Space MOSA Space Museum of Southern Art (Japan) (Disc 2) (Library)	Japan	SLPM-86409
Southern All Stars - Space MOSA Space Museum of Southern Art (Japan) (Disc 3) (Theater)	Japan	SLPM-86410
Soviet Strike (Europe)	Europe	SLES-00507
Soviet Strike (France)	France	SLES-00508
Soviet Strike (Germany)	Germany	SLES-00509
Soviet Strike (Japan)	Japan	SLPS-00735
Soviet Strike (USA)	USA	SLUS-00061
Soviet Strike (USA) (Rev 1)	USA	SLUS-00061
Space Adventure Cobra - The Shooting (Japan)	Japan	SLPS-00312
Space Debris (Europe)	Europe	SCES-02290
Space Debris (France)	France	SCES-02430
Space Debris (Germany)	Germany	SCES-02431
Space Debris (Italy)	Italy	SCES-02432
Space Debris (Spain)	Spain	SCES-02433
Space Griffon VF-9 (Japan)	Japan	SLPS-00012
Space Griffon VF-9 (Japan) (Rev 1)	Japan	SLPS-00012
Space Griffon VF-9 (USA)	USA	SLUS-00153
Space Hulk - Vengeance of the Blood Angels (Europe)	Europe	SLES-00207
Space Hulk - Vengeance of the Blood Angels (USA)	USA	SLUS-00205
Space Invaders (Europe)	Europe	SLES-02144
Space Invaders (Japan)	Japan	SLPS-00940
Space Invaders (USA)	USA	SLUS-00928
Space Invaders 2000 (Japan)	Japan	SLPM-86153
Space Invaders X (Japan)	Japan	SLPM-86419
Space Jam (Europe)	Europe	SLES-00284
Space Jam (Japan)	Japan	SLPS-00697
Space Jam (USA)	USA	SLUS-00243
Space Rider (Europe)	Europe	SLES-04126
Space Shot (USA)	USA	SLUS-01308
Sparrow Garden - Namco Mahjong (Japan)	Japan	SLPS-00074
Spawn - The Eternal (Europe)	Europe	SCES-01056
Spawn - The Eternal (Japan)	Japan	SLPS-01400
Spawn - The Eternal (USA)	USA	SCUS-94204
Spec Ops - Airborne Commando (Europe) (En,Fr,De,It)	Europe	SLES-03891
Spec Ops - Airborne Commando (USA)	USA	SLUS-01447
Spec Ops - Covert Assault (Europe) (En,Fr,De,Es,It)	Europe	SLES-03515
Spec Ops - Covert Assault (USA)	USA	SLUS-01420
Spec Ops - Ranger Elite (Europe) (En,Fr,De,Es,It)	Europe	SLES-03157
Spec Ops - Ranger Elite (USA)	USA	SLUS-01299
Spec Ops - Stealth Patrol (Europe) (En,Fr,De,Es,It)	Europe	SLES-00844
Spec Ops - Stealth Patrol (USA)	USA	SLUS-01131
Spectral Blade (Japan)	Japan	SLPS-02526
Spectral Blade (Japan)	Japan	SLPS-03153
Spectral Force (Japan)	Japan	SLPS-01056
Spectral Force (Japan)	Japan	SLPS-01898
Spectral Force (Japan) (Shokai Gentei Box)	Japan	SLPS-00969
Spectral Force - Itoshiki Jaaku (Japan)	Japan	SLPS-02233
Spectral Force - Itoshiki Jaaku (Japan)	Japan	SLPS-03152
Spectral Force 2 (Japan)	Japan	SLPS-01628
Spectral Force 2 (Japan)	Japan	SLPS-02784
Spectral Tower (Japan)	Japan	SLPS-00476
Spectral Tower II (Japan)	Japan	SLPS-01179
Spectral Tower II (Japan)	Japan	SLPS-02055
Speed Freaks (Europe)	Europe	SCES-01763
Speed King - Neo Kobe 2045 (Japan)	Japan	SLPM-86013
Speed Machines (Europe)	Europe	SLES-03930
Speed Punks (USA)	USA	SCUS-94563
Speed Racer (USA)	USA	SLUS-00613
Speedball 2100 (Europe) (En,Fr,De,Es,It)	Europe	SLES-02782
Speedball 2100 (USA)	USA	SLUS-01218
Speedster (Europe)	Europe	SLES-00575
Spice World (Europe)	Europe	SCES-00883
Spice World (France)	France	SCES-01231
Spice World (Germany)	Germany	SCES-01232
Spice World (Italy)	Italy	SCES-01233
Spice World (Spain)	Spain	SCES-01234
Spice World (USA)	USA	SLUS-00723
Spider - The Video Game (Europe)	Europe	SLES-00117
Spider - The Video Game (France)	France	SLES-00681
Spider - The Video Game (Germany)	Germany	SLES-00682
Spider - The Video Game (Japan)	Japan	SLPS-00852
Spider - The Video Game (USA)	USA	SLUS-00230
Spider-Man (Europe)	Europe	SLES-02886
Spider-Man (Germany)	Germany	SLES-02888
Spider-Man (Japan)	Japan	SLPM-86739
Spider-Man (Japan)	Japan	SLPM-87163
Spider-Man (USA)	USA	SLUS-00875
Spider-Man 2 - Enter - Electro (Europe)	Europe	SLES-03623
Spider-Man 2 - Enter - Electro (Europe, Australia) (Rev 1)	Europe	SLES-03623
Spider-Man 2 - Enter - Electro (Germany)	Germany	SLES-03625
Spider-Man 2 - Enter - Electro (Japan)	Japan	SLPM-87073
Spider-Man 2 - Enter - Electro (USA)	USA	SLUS-01378
Spider-Man 2 - Enter - Electro (USA) (Rev 1)	USA	SLUS-01378
Spin Jam (Europe)	Europe	SLES-02790
Spin Jam (USA)	USA	SLUS-01250
Spin Tail (Japan)	Japan	SLPS-01461
Sports Car GT (Europe)	Europe	SLES-01361
Sports Car GT (France)	France	SLES-01915
Sports Car GT (Germany)	Germany	SLES-01916
Sports Car GT (Germany) (EDC)	Germany	SLES-01916
Sports Car GT (USA)	USA	SLUS-00655
Sports Superbike (Europe) (En,Fr,De,It)	Europe	SLES-03057
Sports Superbike 2 (Europe)	Europe	SLES-03827
Sports Superbike 2 (USA)	USA	SLUS-01459
Sportweek Player Manager 2000 (Netherlands) (En,Fr)	Netherlands	SLES-02616
Sportweek Player Manager 2001 (Netherlands)	Netherlands	SLES-03569
Spot Goes to Hollywood (Europe)	Europe	SLES-00330
Spot Goes to Hollywood (Japan)	Japan	SLPS-00394
Spot Goes to Hollywood (USA)	USA	SLUS-00014
Spriggan - Lunar Verse (Japan)	Japan	SLPS-02117
Spring Special (Japan)	Japan	PAPX-90034
Spyro - Year of the Dragon (Europe) (En,Fr,De,Es,It)	Europe	SCES-02835
Spyro - Year of the Dragon (Europe) (En,Fr,De,Es,It) (Rev 1)	Europe	SCES-02835
Spyro - Year of the Dragon (USA)	USA	SCUS-94467
Spyro - Year of the Dragon (USA) (Rev 1)	USA	SCUS-94467
Spyro 2 - Gateway to Glimmer (Europe) (En,Fr,De,Es,It)	Europe	SCES-02104
Spyro 2 - Ripto's Rage! (USA)	USA	SCUS-94425
Spyro the Dragon (Europe, Australia) (En,Fr,De,Es,It)	Europe	SCES-01438
Spyro the Dragon (Japan)	Japan	SCPS-10085
Spyro the Dragon (Japan, Asia) (Shokai Genteiban)	Japan	SCPS-10083
Spyro the Dragon (Japan, Asia) (Shokai Genteiban)	Japan	SCPS-45395
Spyro the Dragon (USA)	USA	SCUS-94228
Spyro the Dragon Speciale (France)	France	SCED-01637
Spyro x Sparx - Tondemo Tours (Japan)	Japan	SCPS-10128
Square Maniacs '98 (Japan)	Japan	SLPM-80306
Square Memory Card Data Collection (Japan)	Japan	SLPM-80556
Square's Preview (Japan)	Japan	SLPS-00401
Square's Preview 2 (Japan)	Japan	SLPS-00771
Square's Preview 3 (Japan, Asia)	Japan	SCPS-45292
Square's Preview 3 (Japan, Asia)	Japan	SLPS-01491
Square's Preview 5 (Japan, Asia)	Japan	SCPS-45417
Square's Preview 5 (Japan, Asia)	Japan	SLPS-02171
Square's Preview Extra - FF VII Sample & SIGGRAPH '95 Works (Japan)	Japan	SLPM-80048
Square's Preview Vol. 4 (Japan, Asia)	Japan	SCPS-45401
Square's Preview Vol. 4 (Japan, Asia)	Japan	SLPS-01991
Squaresoft on PlayStation 1998 Collector's CD Vol. 1 (USA)	USA	SLUS-90028
Squaresoft on PlayStation 2000 Collector's CD Vol. 3 (USA)	USA	SLUS-90075
Squaresoft on PlayStation Collector's CD (USA)	USA	SCUS-94256
St. Andrews Old Course - Eikou no St. Andrews (Japan)	Japan	SLPS-00957
St. Luminous Jogakuin (Japan)	Japan	SLPS-02638
Stadt der verlorenen Kinder, Die (Germany)	Germany	SLES-00574
Stahlfeder - Tekkou Hikuudan (Japan)	Japan	SLPS-00162
Stakes Winner - G1 Kanzen Seiha e no Michi (Japan)	Japan	SLPS-00468
Stakes Winner 2 - Saikyouba Densetsu (Japan)	Japan	SLPS-00850
Standby Say You! (Japan)	Japan	SLPS-00783
Star Bowling DX, The (Japan) (Disc 1)	Japan	SLPS-01196
Star Bowling DX, The (Japan) (Disc 2)	Japan	SLPS-01197
Star Bowling DX, The (Japan) (Disc 3)	Japan	SLPS-01198
Star Bowling DX, The (Japan) (Disc 4)	Japan	SLPS-01199
Star Fighter (USA)	USA	SLUS-00241
Star Gladiator - Episode I - Final Crusade (Europe)	Europe	SLES-00495
Star Gladiator - Episode I - Final Crusade (Japan)	Japan	SLPS-00539
Star Gladiator - Episode I - Final Crusade (USA)	USA	SLUS-00372
Star Ixiom (Europe)	Europe	SCES-01707
Star Ixiom (Japan)	Japan	SLPS-01680
Star Monja (Japan)	Japan	SLPS-01390
Star Ocean - The Second Story (Europe) (Disc 1)	Europe	SCES-02159
Star Ocean - The Second Story (Europe) (Disc 2)	Europe	SCES-12159
Star Ocean - The Second Story (France) (Disc 1)	France	SCES-02160
Star Ocean - The Second Story (France) (Disc 2)	France	SCES-12160
Star Ocean - The Second Story (Germany) (Disc 1)	Germany	SCES-02161
Star Ocean - The Second Story (Germany) (Disc 2)	Germany	SCES-12161
Star Ocean - The Second Story (Japan) (Disc 1) (Rev 1)	Japan	SLPM-87357
Star Ocean - The Second Story (Japan) (Disc 2) (Rev 1)	Japan	SLPM-87358
Star Ocean - The Second Story (Japan, Asia) (Disc 1)	Japan	SCPS-45308
Star Ocean - The Second Story (Japan, Asia) (Disc 1)	Japan	SLPM-86105
Star Ocean - The Second Story (Japan, Asia) (Disc 2)	Japan	SCPS-45309
Star Ocean - The Second Story (Japan, Asia) (Disc 2)	Japan	SLPM-86106
Star Ocean - The Second Story (USA) (Disc 1)	USA	SCUS-94421
Star Ocean - The Second Story (USA) (Disc 2)	USA	SCUS-94421
Star Sweep (USA)	USA	SLUS-01307
Star Trek - Invasion (Europe)	Europe	SLES-02068
Star Trek - Invasion (Germany)	Germany	SLES-02884
Star Trek - Invasion (USA)	USA	SLUS-00924
Star Wars - Dark Forces (Europe)	Europe	SLES-00585
Star Wars - Dark Forces (Italy)	Italy	SLES-00640
Star Wars - Dark Forces (Japan)	Japan	SLPS-00685
Star Wars - Dark Forces (Spain)	Spain	SLES-00646
Star Wars - Dark Forces (USA)	USA	SLUS-00297
Star Wars - Demolition (Europe)	Europe	SLES-03273
Star Wars - Demolition (France)	France	SLES-03274
Star Wars - Demolition (Germany)	Germany	SLES-03275
Star Wars - Demolition (USA)	USA	SLUS-01183
Star Wars - Episode I - Die dunkle Bedrohung (Germany)	Germany	SLES-02036
Star Wars - Episode I - Jedi Power Battles (Europe)	Europe	SLES-02607
Star Wars - Episode I - Jedi Power Battles (France)	France	SLES-02608
Star Wars - Episode I - Jedi Power Battles (Germany)	Germany	SLES-02609
Star Wars - Episode I - Jedi Power Battles (USA)	USA	SLUS-01046
Star Wars - Episode I - La Menace Fantome (France)	France	SLES-02035
Star Wars - Episode I - The Phantom Menace (Europe)	Europe	SLES-02034
Star Wars - Episode I - The Phantom Menace (Japan)	Japan	SLPS-02153
Star Wars - Episode I - The Phantom Menace (USA)	USA	SLUS-00884
Star Wars - Episode I - The Phantom Menace (USA) (Rev 1)	USA	SLUS-00884
Star Wars - Episodio I - Jedi Power Battles (Italy)	Italy	SLES-02610
Star Wars - Episodio I - Jedi Power Battles (Spain)	Spain	SLES-02611
Star Wars - Episodio I - La Amenaza Fantasma (Spain)	Spain	SLES-02038
Star Wars - Episodio I - La Minaccia Fantasma (Italy)	Italy	SLES-02037
Star Wars - Masters of Teras Kasi (Europe)	Europe	SLES-01111
Star Wars - Masters of Teras Kasi (Japan)	Japan	SLPS-01464
Star Wars - Masters of Teras Kasi (USA)	USA	SLUS-00562
Star Wars - Rebel Assault II - The Hidden Empire (Europe) (Disc 1)	Europe	SLES-00654
Star Wars - Rebel Assault II - The Hidden Empire (Europe) (Disc 2)	Europe	SLES-10654
Star Wars - Rebel Assault II - The Hidden Empire (France) (Disc 1)	France	SLES-00656
Star Wars - Rebel Assault II - The Hidden Empire (France) (Disc 2)	France	SLES-10656
Star Wars - Rebel Assault II - The Hidden Empire (Germany) (Disc 1)	Germany	SLES-00584
Star Wars - Rebel Assault II - The Hidden Empire (Germany) (Disc 2)	Germany	SLES-10584
Star Wars - Rebel Assault II - The Hidden Empire (Italy) (Disc 1)	Italy	SLES-00643
Star Wars - Rebel Assault II - The Hidden Empire (Italy) (Disc 2)	Italy	SLES-10643
Star Wars - Rebel Assault II - The Hidden Empire (Japan) (Disc 1)	Japan	SLPS-00638
Star Wars - Rebel Assault II - The Hidden Empire (Japan) (Disc 2)	Japan	SLPS-00639
Star Wars - Rebel Assault II - The Hidden Empire (Spain) (Disc 1)	Spain	SLES-00644
Star Wars - Rebel Assault II - The Hidden Empire (Spain) (Disc 2)	Spain	SLES-10644
Star Wars - Rebel Assault II - The Hidden Empire (USA) (Disc 1)	USA	SLUS-00381
Star Wars - Rebel Assault II - The Hidden Empire (USA) (Disc 2)	USA	SLUS-00386
StarFighter 3000 (Europe) (En,Fr,De,Es,It)	Europe	SLES-00293
StarFighter 3000 (Japan)	Japan	SLPS-00487
StarSweep (Europe)	Europe	SLES-02921
StarSweep (Japan)	Japan	SLPS-01040
Starblade Alpha (Europe)	Europe	SCES-00034
Starblade Alpha (Japan)	Japan	SLPS-00022
Starblade Alpha (USA)	USA	SLUS-00057
Starborders (Japan)	Japan	SLPS-00958
Starfighter Sanvein (USA)	USA	SLUS-01302
Starlight Scramble - Ren'ai Kouhosei (Japan)	Japan	SLPS-01407
Startling Adventures - Kuusou 3x Daibouken (Japan)	Japan	SLPM-86809
Startling Odyssey 1 - Blue Evolution (Japan)	Japan	SLPS-02043
Starwinder - The Ultimate Space Race (Europe)	Europe	SLES-00090
Starwinder - The Ultimate Space Race (Japan)	Japan	SLPS-00988
Starwinder - The Ultimate Space Race (USA)	USA	SLUS-00094
Station 1 (Europe)	Europe	SLED-01553
Station 2 (Europe)	Europe	SLED-01634
Station 3 (Europe)	Europe	SLED-01696
Station 4 (Europe)	Europe	SLED-01731
Station 5 (Europe, Australia)	Europe	SLED-01782
Station 6 (Europe)	Europe	SLED-01895
Station 7 (Europe, Australia)	Europe	SLED-01969
Station 8 (Europe)	Europe	SLED-02033
Station 9 (Europe)	Europe	SLED-02077
Steel Harbinger (Europe)	Europe	SLES-00373
Steel Harbinger (USA)	USA	SLUS-00093
Steel Reign (Europe)	Europe	SCES-01023
Steel Reign (USA)	USA	SCUS-94902
Stock Car Racer (Europe)	Europe	SLES-03995
Stone Walkers (Japan)	Japan	SLPS-00472
Stone Walkers (Japan)	Japan	SLPS-01731
Stone Walkers (Japan)	Japan	SLPS-03296
Straight Victory - Hoshino Kazuyoshi e no Chousen (Japan)	Japan	SLPS-01310
Strategie Speziale '98 (Germany)	Germany	SCED-01528
Stray Sheep - The Adventure of Poe & Merry (Japan)	Japan	SLPS-02035
Stray Sheep - The Adventure of Poe & Merry (Japan) (Rev 1)	Japan	SLPM-86547
Stray Sheep - The Adventure of Poe & Merry (Japan) (Rev 1)	Japan	SLPS-03498
Streak Hoverboard Racing (Europe)	Europe	SLES-01437
Streak Hoverboard Racing (USA)	USA	SLUS-00629
Street Boarders (Japan)	Japan	SLPS-01622
Street Boarders 2 (Japan)	Japan	SLPS-02744
Street Fighter - Real Battle on Film (Japan)	Japan	SLPS-00070
Street Fighter - The Movie (Europe)	Europe	SLES-00050
Street Fighter - The Movie (USA)	USA	SLUS-00041
Street Fighter Alpha - Warriors' Dreams (Europe)	Europe	SLES-00199
Street Fighter Alpha - Warriors' Dreams (USA)	USA	SLUS-00197
Street Fighter Alpha 2 (Europe)	Europe	SLES-00496
Street Fighter Alpha 2 (USA)	USA	SLUS-00258
Street Fighter Alpha 2 (USA) (Rev 1)	USA	SLUS-00258
Street Fighter Alpha 3 (Europe)	Europe	SLES-01863
Street Fighter Alpha 3 (USA)	USA	SLUS-00821
Street Fighter Collection (Europe) (Disc 1)	Europe	SLES-00998
Street Fighter Collection (Europe) (Disc 2)	Europe	SLES-10998
Street Fighter Collection (Japan) (Disc 1)	Japan	SLPS-00800
Street Fighter Collection (Japan) (Disc 2)	Japan	SLPS-00801
Street Fighter Collection (USA) (Disc 1)	USA	SLUS-00423
Street Fighter Collection (USA) (Disc 1) (Rev 1)	USA	SLUS-00423
Street Fighter Collection (USA) (Disc 2)	USA	SLUS-00584
Street Fighter Collection (USA) (Disc 2) (Rev 1)	USA	SLUS-00584
Street Fighter Collection 2 (Europe)	Europe	SLES-01721
Street Fighter Collection 2 (USA)	USA	SLUS-00746
Street Fighter EX Plus Alpha (Europe)	Europe	SLES-00939
Street Fighter EX Plus Alpha (Japan)	Japan	SLPM-86041
Street Fighter EX Plus Alpha (Japan)	Japan	SLPS-91088
Street Fighter EX Plus Alpha (USA)	USA	SLUS-00548
Street Fighter EX2 Plus (Europe)	Europe	SLES-02598
Street Fighter EX2 Plus (Japan)	Japan	SLPS-02508
Street Fighter EX2 Plus (USA)	USA	SLUS-01105
Street Fighter II Movie (Japan) (Disc 1)	Japan	SLPS-00080
Street Fighter II Movie (Japan) (Disc 2)	Japan	SLPS-00081
Street Fighter Zero (Japan)	Japan	SLPS-00176
Street Fighter Zero 2 (Japan)	Japan	SLPS-00415
Street Fighter Zero 2 (Japan) (Rev 1)	Japan	SLPS-00415
Street Fighter Zero 2' (Japan)	Japan	SLPS-91105
Street Fighter Zero 3 (Japan)	Japan	SLPM-86877
Street Fighter Zero 3 (Japan)	Japan	SLPS-01777
Street Games '97 (Japan)	Japan	SIPS-60019
Street Racer (Europe)	Europe	SLES-00296
Street Racer (USA)	USA	SLUS-00099
Street Racer Extra (Japan)	Japan	SLPS-00610
Street Racquetball (USA)	USA	SLUS-01450
Street Scooters (Europe) (En,Fr,De,Es,It)	Europe	SLES-02528
Street Scooters (Japan)	Japan	SLPS-02186
Street Sk8er (USA)	USA	SLUS-00818
Street Sk8er 2 (USA)	USA	SLUS-01083
Street Skater (Europe) (En,Fr,De)	Europe	SLES-01759
Street Skater 2 (Europe) (En,Fr,De)	Europe	SLES-02703
Stressless Lesson - Les Les (Japan)	Japan	SLPS-00885
Strider (Europe)	Europe	SLES-12867
Strider (USA)	USA	SLUS-01142
Strider 2 (Europe)	Europe	SLES-02867
Strider 2 (USA)	USA	SLUS-01163
Strider Hiryuu 1 & 2 (Japan) (Disc 1) (Strider Hiryuu)	Japan	SLPM-87401
Strider Hiryuu 1 & 2 (Japan) (Disc 1) (Strider Hiryuu)	Japan	SLPS-02620
Strider Hiryuu 1 & 2 (Japan) (Disc 2) (Strider Hiryuu 2)	Japan	SLPS-02621
Strike Point (USA)	USA	SLUS-00139
Strikepoint - The Hex Missions (Europe) (En,Fr,De,Es,It)	Europe	SLES-00425
Striker - World Cup Premiere Stage (Japan)	Japan	SLPS-00127
Striker 96 (Europe)	Europe	SLES-00023
Striker 96 (USA)	USA	SLUS-00210
Striker Pro 2000 (USA)	USA	SLUS-01078
Strikers 1945 (Japan)	Japan	SLPS-00407
Strikers 1945 (USA)	USA	SLUS-01337
Strikers 1945 II (Europe)	Europe	SLES-03510
Strikers 1945 II (Japan)	Japan	SLPS-01637
Strikers 1945 II (Korea)	Korea	SLKA-02001
Stuart Little 2 (Denmark)	Denmark	SCES-03855
Stuart Little 2 (Europe)	Europe	SCES-03819
Stuart Little 2 (France)	France	SCES-03820
Stuart Little 2 (Italy)	Italy	SCES-03848
Stuart Little 2 (Norway)	Norway	SCES-03853
Stuart Little 2 (Portugal)	Portugal	SCES-03851
Stuart Little 2 (Spain)	Spain	SCES-03849
Stuart Little 2 (Sweden)	Sweden	SCES-03854
Stuart Little 2 (USA)	USA	SCUS-94669
Studio P (Japan)	Japan	SLPS-00403
Study Quest - Keisan-jima no Daibouken (Japan)	Japan	SLPS-02725
Sub (France)	France	SCES-01223
Subete ga F ni Naru - The Perfect Insider (Japan)	Japan	SLPS-03413
Submarine Commander (Europe)	Europe	SLES-02728
Submarine Hunter Shachi (Japan)	Japan	SLPS-02234
Submarine Hunter Shachi (Japan)	Japan	SLPS-03294
Suchie-Pai Adventure - Doki Doki Nightmare (Japan) (Disc 1)	Japan	SLPS-01264
Suchie-Pai Adventure - Doki Doki Nightmare (Japan) (Disc 2)	Japan	SLPS-01265
Suiko Enbu (Japan)	Japan	SLPS-00137
Suikoden (Asia)	Asia	SCPS-45184
Suikoden (Europe)	Europe	SLES-00527
Suikoden (USA)	USA	SLUS-00292
Suikoden (USA) (Rev 1)	USA	SLUS-00292
Suikoden - Tendou Hyaku Hachi-sei (Japan)	Japan	SLPM-86308
Suikoden - Tendou Hyaku Hachi-sei (Japan)	Japan	SLPS-01305
Suikoden - Tenmei no Chikai (Japan)	Japan	SLPS-00521
Suikoden II (Europe)	Europe	SLES-02442
Suikoden II (France)	France	SLES-02443
Suikoden II (Germany)	Germany	SLES-02444
Suikoden II (Italy)	Italy	SLES-02446
Suikoden II (Spain)	Spain	SLES-02445
Suikoden II (USA)	USA	SLUS-00958
Suizokukan Project - Fish Hunter e no Michi (Japan)	Japan	SLPS-01809
Summon Night (Japan)	Japan	SLPS-02542
Summon Night (Japan)	Japan	SLPS-91507
Summon Night 2 (Japan) (Disc 1)	Japan	SLPS-03237
Summon Night 2 (Japan) (Disc 1) (Rev 1)	Japan	SLPS-91517
Summon Night 2 (Japan) (Disc 2)	Japan	SLPS-03238
Summon Night 2 (Japan) (Disc 2) (Rev 1)	Japan	SLPS-03238
Summon Night 2 (Japan) (Disc 2) (Rev 1)	Japan	SLPS-91518
Suna no Embrace - Edin no Sato no Navel (Japan)	Japan	SLPS-02858
Super Adventure Rockman (Japan) (Disc 1) (Episode 1 Tsuki no Shinden)	Japan	SLPS-01051
Super Adventure Rockman (Japan) (Disc 2) (Episode 2 Shitou! Wily Numbers)	Japan	SLPS-01052
Super Adventure Rockman (Japan) (Disc 3) (Episode 3 Saigo no Tatakai!!)	Japan	SLPS-01053
Super Bass Fishing (Japan)	Japan	SLPS-02219
Super Bass Fishing (Japan) (Fukyuuban 1500)	Japan	SLPS-02867
Super Black Bass X (Japan)	Japan	SLPS-00839
Super Black Bass X (Japan)	Japan	SLPS-02053
Super Blackbass X2 (Japan)	Japan	SLPM-86717
Super Blackbass X2 (Japan)	Japan	SLPS-02392
Super Bubble Pop (USA)	USA	SLUS-01528
Super Casino Special (Japan)	Japan	SLPS-00467
Super Dropzone - Intergalactic Rescue Mission (Europe)	Europe	SLES-04045
Super Football Champ (Europe)	Europe	SLES-00715
Super Football Champ (Japan)	Japan	SLPS-00569
Super Gals! Kotobuki Ran Special - Ikemen Get You Gals Party (Japan)	Japan	SLPM-87135
Super Hero Sakusen (Japan)	Japan	SLPS-01776
Super Hero Sakusen - Diedal no Yabou (Japan)	Japan	SLPS-03020
Super Hero Sakusen - Diedal no Yabou (Japan) (Genteiban)	Japan	SLPS-03019
Super Lite Best Vol. 1 - Cotton Original & Block Keeper (Korea)	Korea	SLKA-02002
Super Lite Best Vol. 2 - Sanvein & Bomb Boat (Korea) (En,Ko)	Korea	SLKA-02003
Super Live Stadium (Japan)	Japan	SLPM-86019
Super Match Soccer (Europe) (En,Fr,De,Es,It)	Europe	SLES-01175
Super Pang Collection (Europe)	Europe	SLES-00043
Super Pang Collection (Japan)	Japan	SLPM-87408
Super Pang Collection (Japan)	Japan	SLPS-00360
Super Price Series - Billiards (Japan)	Japan	SLPS-03226
Super Price Series - Block & Switch (Japan)	Japan	SLPS-03386
Super Price Series - Hanafuda (Japan)	Japan	SLPS-03387
Super Price Series - Mahjong (Japan)	Japan	SLPS-03225
Super Price Series - Paipai (Japan)	Japan	SLPS-03227
Super Price Series - Reversi (Japan)	Japan	SLPS-03385
Super Puzzle Fighter II Turbo (Europe)	Europe	SLES-00605
Super Puzzle Fighter II Turbo (USA)	USA	SLUS-00418
Super Puzzle Fighter II X (Japan)	Japan	SLPS-00611
Super Robot Shooting (Japan)	Japan	SLPS-00554
Super Robot Shooting (Japan) (Genteiban)	Japan	SLPS-00553
Super Robot Taisen - Complete Box (Japan) (Disc 1) (Super Robot Wars Complete Box)	Japan	SLPS-02070
Super Robot Taisen - Complete Box (Japan) (Disc 2) (History of Super Robot Wars)	Japan	SLPS-02071
Super Robot Taisen Alpha (Japan)	Japan	SLPS-02636
Super Robot Taisen Alpha (Japan)	Japan	SLPS-91408
Super Robot Taisen Alpha (Japan) (Limited Edition)	Japan	SLPS-02528
Super Robot Taisen Alpha (Japan) (Limited Edition)	Japan	SLPS-03576
Super Robot Taisen Alpha Gaiden (Japan)	Japan	SLPS-03148
Super Robot Taisen Alpha Gaiden (Japan) (Premium Edition)	Japan	SLPS-03577
Super Robot Taisen Alpha Gaiden (Japan) (Rev 1)	Japan	SLPS-91506
Super Robot Taisen Alpha Gaiden (Japan) (Shokai Genteiban)	Japan	SLPS-03147
Super Robot Taisen EX (Japan)	Japan	SLPS-02529
Super Robot Taisen F (Japan)	Japan	SLPS-01727
Super Robot Taisen F (Japan)	Japan	SLPS-91216
Super Robot Taisen F - Kanketsu-hen (Japan)	Japan	SLPS-01924
Super Robot Taisen F - Kanketsu-hen (Japan)	Japan	SLPS-91217
Super Shot Soccer (Korea)	Korea	SCKA-01001
Super Shot Soccer (USA)	USA	SLUS-01464
Super Slammin' Dodgeball (Europe)	Europe	SLES-03961
Super Tokusatsu Taisen 2001 (Japan)	Japan	SLPS-02863
SuperCross Circuit (USA)	USA	SCUS-94453
SuperLite 1500 Series - A Ressha de Ikou 4 - Evolution Global (Japan) (En,Ja,Fr,De)	Japan	SLPM-87231
SuperLite 1500 Series - A Ressha de Ikou Z - Mezase! Tairiku Oudan (Japan)	Japan	SLPM-87282
SuperLite 1500 Series - A5 - A Ressha de Ikou 5 (Japan)	Japan	SLPM-87238
SuperLite 1500 Series - Advanced V.G. (Japan)	Japan	SLPM-87227
SuperLite 1500 Series - Advanced V.G. 2 (Japan)	Japan	SLPM-87226
SuperLite 1500 Series - Angolmois 99 (Japan)	Japan	SLPM-86278
SuperLite 1500 Series - Ano Ko Doko no Ko - Endless Season (Japan)	Japan	SLPM-86259
SuperLite 1500 Series - Asteroids (Japan)	Japan	SLPM-86239
SuperLite 1500 Series - Asuka 120% Final - Burning Fest. Final (Japan)	Japan	SLPM-87152
SuperLite 1500 Series - Battle Qix (Japan)	Japan	SLPM-87165
SuperLite 1500 Series - Battle Sugoroku the Hunter - A.R.0062 (Japan)	Japan	SLPM-86400
SuperLite 1500 Series - Bomboat (Japan)	Japan	SLPM-87090
SuperLite 1500 Series - Burn Out (Japan)	Japan	SLPM-86598
SuperLite 1500 Series - Card II (Japan)	Japan	SLPM-86298
SuperLite 1500 Series - Carnage Heart (Japan)	Japan	SLPM-87239
SuperLite 1500 Series - Carnage Heart EZ (Easy Zapping) (Japan)	Japan	SLPM-87281
SuperLite 1500 Series - Castrol Honda Super Bike Racing (Japan)	Japan	SLPM-86489
SuperLite 1500 Series - Castrol Honda VTR (Japan)	Japan	SLPM-86922
SuperLite 1500 Series - Chitty Chitty Chicken (Japan)	Japan	SLPM-86630
SuperLite 1500 Series - Crazy Balloon 2000 (Japan)	Japan	SLPM-86660
SuperLite 1500 Series - Crossword (Japan)	Japan	SLPM-86426
SuperLite 1500 Series - Crossword 2 (Japan)	Japan	SLPM-86535
SuperLite 1500 Series - Crossword 3 (Japan)	Japan	SLPM-86796
SuperLite 1500 Series - Cyber Daisenryaku - Shutsugeki! Haruka-tai (Japan)	Japan	SLPM-86580
SuperLite 1500 Series - Deep Freeze (Japan)	Japan	SLPM-86497
SuperLite 1500 Series - Densetsu-juu no Ana - Monster Complete World Ver. 2 (Japan)	Japan	SLPM-87115
SuperLite 1500 Series - Dezaemon Kids! (Japan)	Japan	SLPM-86582
SuperLite 1500 Series - Emmyrea (Japan)	Japan	SLPM-87043
SuperLite 1500 Series - F1 Grand Prix 1996 - Team Un'ei Simulation (Japan)	Japan	SLPM-86366
SuperLite 1500 Series - Fantastic Night Dreams - Cotton Original (Japan)	Japan	SLPM-86461
SuperLite 1500 Series - Farland Saga - Toki no Michishirube (Japan)	Japan	SLPM-87237
SuperLite 1500 Series - Farland Story - Yottsu no Fuuin (Japan)	Japan	SLPM-87245
SuperLite 1500 Series - Fishing Club - Boat no Tsuri-hen (Japan)	Japan	SLPM-86622
SuperLite 1500 Series - Fishing Club - Bouhatei no Tsuri-hen (Japan)	Japan	SLPM-86623
SuperLite 1500 Series - Fishing Club - Hama no Tsuri-hen (Japan)	Japan	SLPM-86624
SuperLite 1500 Series - Flamberge no Seirei (Japan)	Japan	SLPM-86711
SuperLite 1500 Series - Game de Seishun (Japan)	Japan	SLPM-86297
SuperLite 1500 Series - Hanafuda II (Japan)	Japan	SLPM-86319
SuperLite 1500 Series - Hooockey!! (Japan)	Japan	SLPM-86488
SuperLite 1500 Series - Kaette kita Pachio-kun - Dream Collection (Japan)	Japan	SLPM-86320
SuperLite 1500 Series - Kaiteiban Mark Yazaki no Seiyou Senseijutsu (Japan)	Japan	SLPM-86832
SuperLite 1500 Series - Kaiteiban Shichuu Suimei - Mark Yazaki Kanshuu (Japan)	Japan	SLPM-86833
SuperLite 1500 Series - KeePer (Japan)	Japan	SLPM-87161
SuperLite 1500 Series - Kouyasai - A Sherd of Youthful Memories (Japan)	Japan	SLPM-87170
SuperLite 1500 Series - Lode Runner - The Legend Returns (Japan)	Japan	SLPM-86238
SuperLite 1500 Series - Lode Runner 2 (Japan)	Japan	SLPM-86460
SuperLite 1500 Series - Lunar Wing - Toki o Koeta Seisen (Japan)	Japan	SLPM-87219
SuperLite 1500 Series - Maerchen Adventure - Cotton 100% (Japan)	Japan	SLPM-87211
SuperLite 1500 Series - Mahjong II (Japan)	Japan	SLPM-86258
SuperLite 1500 Series - Mahjong Senjutsu - Andou Mitsuru Pro no Akuukan Sappou (Japan)	Japan	SLPM-86856
SuperLite 1500 Series - Mahjong Uranai Fortuna - Tsuki no Megamitachi (Japan)	Japan	SLPM-87143
SuperLite 1500 Series - Makikou (Japan)	Japan	SLPM-86817
SuperLite 1500 Series - Mawatte Mucho! (Japan)	Japan	SLPM-86443
SuperLite 1500 Series - Memories Off (Japan)	Japan	SLPM-86583
SuperLite 1500 Series - Monster Complete World (Japan)	Japan	SLPM-87120
SuperLite 1500 Series - Naniwa Wangan Battle (Japan)	Japan	SLPM-87162
SuperLite 1500 Series - Neo Atlas (Japan)	Japan	SLPM-87240
SuperLite 1500 Series - Neo Atlas II (Japan)	Japan	SLPM-87283
SuperLite 1500 Series - Nobunaga Hiroku - Geten no Yume (Japan)	Japan	SLPM-86632
SuperLite 1500 Series - NumCro (Japan)	Japan	SLPS-02067
SuperLite 1500 Series - NumCro 2 (Japan)	Japan	SLPM-86427
SuperLite 1500 Series - NumCro 3 (Japan)	Japan	SLPM-86534
SuperLite 1500 Series - NumCro 4 (Japan)	Japan	SLPM-86795
SuperLite 1500 Series - Oekaki Puzzle (Japan)	Japan	SLPS-02068
SuperLite 1500 Series - Oekaki Puzzle 2 (Japan)	Japan	SLPM-86428
SuperLite 1500 Series - Oekaki Puzzle 3 (Japan)	Japan	SLPM-86533
SuperLite 1500 Series - Oekaki Puzzle 4 (Japan)	Japan	SLPM-86675
SuperLite 1500 Series - Oekaki Puzzle 5 (Japan)	Japan	SLPM-86800
SuperLite 1500 Series - Option - Tuning Car Battle Spec R (Japan)	Japan	SLPM-87164
SuperLite 1500 Series - Pachi-Slot Hisshouhou! Sammy Revolution (Japan)	Japan	SLPM-86318
SuperLite 1500 Series - Pangaea (Japan)	Japan	SLPM-86276
SuperLite 1500 Series - Pao Leeming Kanshuu - Fuusui Nyuumon (Japan)	Japan	SLPM-87069
SuperLite 1500 Series - Pinball - Golden Logres (Japan)	Japan	SLPM-86260
SuperLite 1500 Series - Prismaticallization (Japan)	Japan	SLPM-87194
SuperLite 1500 Series - Qix 2000 (Japan)	Japan	SLPM-86659
SuperLite 1500 Series - Quiz Master - Blue (Japan)	Japan	SLPM-86517
SuperLite 1500 Series - Quiz Master - Red (Japan)	Japan	SLPM-86516
SuperLite 1500 Series - Quiz Master - Yellow (Japan)	Japan	SLPM-86518
SuperLite 1500 Series - Reversi II (Japan)	Japan	SLPM-86282
SuperLite 1500 Series - Ring of Sias (Japan)	Japan	SLPM-86579
SuperLite 1500 Series - Sanvein (Japan)	Japan	SLPM-86459
SuperLite 1500 Series - Screen (Japan)	Japan	SLPM-86710
SuperLite 1500 Series - Seiyou Senseijutsu - Mark Yazaki Kanshuu (Japan)	Japan	SLPM-86261
SuperLite 1500 Series - Shanghai - Dynasty (Japan)	Japan	SLPM-86764
SuperLite 1500 Series - Shichuu Suimei - Mark Yazaki Kanshuu (Japan)	Japan	SLPM-86279
SuperLite 1500 Series - Shinsei Toilet no Hanako-san (Japan)	Japan	SLPM-86364
SuperLite 1500 Series - Shougi II (Japan)	Japan	SLPM-86275
SuperLite 1500 Series - Slither Link (Japan)	Japan	SLPM-86839
SuperLite 1500 Series - Space Chaser 2000 (Japan)	Japan	SLPM-86661
SuperLite 1500 Series - StarSweep (Japan)	Japan	SLPM-86440
SuperLite 1500 Series - Strikers 1945 II (Japan)	Japan	SLPM-86631
SuperLite 1500 Series - Super Casino Special (Japan)	Japan	SLPM-86365
SuperLite 1500 Series - Suudoku (Japan)	Japan	SLPS-02066
SuperLite 1500 Series - Suudoku 2 (Japan)	Japan	SLPM-86425
SuperLite 1500 Series - Suudoku 3 (Japan)	Japan	SLPM-86536
SuperLite 1500 Series - Suudoku 4 (Japan)	Japan	SLPM-86676
SuperLite 1500 Series - Suudoku 5 (Japan)	Japan	SLPM-86741
SuperLite 1500 Series - Tenant Wars Alpha - SuperLite 1500 Version (Japan)	Japan	SLPM-86240
SuperLite 1500 Series - The Curling (Japan)	Japan	SLPM-86237
SuperLite 1500 Series - The FamiRes (Japan)	Japan	SLPM-87253
SuperLite 1500 Series - The Game Maker (Japan)	Japan	SLPM-86441
SuperLite 1500 Series - The Tetris (Japan)	Japan	SLPM-86581
SuperLite 1500 Series - Tower Dream 2 (Japan)	Japan	SLPM-86442
SuperLite 1500 Series - Uno (Japan)	Japan	SLPM-86401
SuperLite 1500 Series - Wizard's Harmony (Japan)	Japan	SLPM-87189
SuperLite 1500 Series - Wizard's Harmony 2 (Japan)	Japan	SLPM-87188
SuperLite 1500 Series - Wizard's Harmony R (Japan)	Japan	SLPM-87190
SuperLite 1500 Series - Yoshimoto Mahjong Club (Japan)	Japan	SLPM-86633
SuperLite 3in1 Series - Arcade Classic-shuu (Japan)	Japan	SLPM-86984
SuperLite 3in1 Series - Board Game-shuu (Japan)	Japan	SLPM-86982
SuperLite 3in1 Series - Card Game-shuu (Japan)	Japan	SLPM-86983
SuperLite 3in1 Series - Crossword-shuu (Japan)	Japan	SLPM-86954
SuperLite 3in1 Series - NumCro-shuu (Japan)	Japan	SLPM-86957
SuperLite 3in1 Series - Oekaki Puzzle-shuu (Japan)	Japan	SLPM-86955
SuperLite 3in1 Series - Quiz-shuu (Japan)	Japan	SLPM-86987
SuperLite 3in1 Series - Suudoku-shuu (Japan)	Japan	SLPM-86956
SuperLite 3in1 Series - Tsuri-shuu (Japan)	Japan	SLPM-86981
SuperLite Gold Series - Minna no Chess (Japan)	Japan	SLPM-86958
SuperLite Gold Series - Minna no Igo (Japan)	Japan	SLPM-86921
SuperLite Gold Series - Minna no Mahjong (Japan)	Japan	SLPM-86799
SuperLite Gold Series - Minna no Othello (Japan)	Japan	SLPM-86919
SuperLite Gold Series - Minna no Shougi - Chuukyuu-hen (Japan)	Japan	SLPM-87009
SuperLite Gold Series - Minna no Shougi - Joukyuu-hen (Japan)	Japan	SLPM-87010
SuperLite Gold Series - Minna no Shougi - Shokyuu-hen (Japan)	Japan	SLPM-86920
SuperLite Gold Series - Otenami Haiken (Japan)	Japan	SLPM-86819
SuperLite Gold Series - Wizardry - Llylgamyn Saga (Japan)	Japan	SLPM-87037
SuperLite Gold Series - Wizardry - New Age of Llylgamyn (Japan)	Japan	SLPM-86878
Superbike Masters (Europe)	Europe	SLES-04154
Supersonic Racers (Europe) (En,Fr,De,Es,It)	Europe	SLES-00080
Superstar Dance Club - 1 Hits!!! (Europe) (En,Fr,De,Es,It)	Europe	SLES-04088
Superstar Dance Club - 1 Hits!!! (USA)	USA	SLUS-01493
Surf Riders (Europe)	Europe	SLES-02838
Surf Riders (USA)	USA	SLUS-01190
Susume! Kaizoku - Be Pirates! (Japan)	Japan	SLPS-01737
Susume! Kaizoku - Be Pirates! (Japan)	Japan	SLPS-02467
Susume! Taisen Puzzle-dama (Japan)	Japan	SLPM-86074
Susume! Taisen Puzzle-dama (Japan)	Japan	SLPS-00255
Suzu Monogatari (Japan)	Japan	SLPS-02730
Suzuki Alstare Challenge (France)	France	SLES-02221
Suzuki Bakuhatsu (Japan)	Japan	SLPM-86513
Sven-Goeran Eriksson's World Challenge (Europe)	Europe	SLES-03867
Sven-Goeran Eriksson's World Manager (Europe)	Europe	SLES-03826
Swagman (Europe) (En,Fr,De)	Europe	SLES-00025
Swagman (USA)	USA	SLUS-00151
Swing (Europe) (En,Fr,De)	Europe	SLES-02032
Swing (Germany)	Germany	SLES-01626
Sword of Camelot, The (Europe) (En,Fr,De,Nl)	Europe	SLES-02956
Sydney 2000 (Australia)	Australia	SLES-02862
Sydney 2000 (Europe)	Europe	SLES-02857
Sydney 2000 (France)	France	SLES-02858
Sydney 2000 (Germany)	Germany	SLES-02859
Sydney 2000 (Italy)	Italy	SLES-02860
Sydney 2000 (Japan)	Japan	SLPM-86626
Sydney 2000 (Spain)	Spain	SLES-02861
Sydney 2000 (USA)	USA	SLUS-01177
Syndicate Wars (Europe) (En,Fr,Es,It,Sv)	Europe	SLES-00213
Syndicate Wars (Germany)	Germany	SLES-00212
Syndicate Wars (USA)	USA	SLUS-00262
Syphon Filter (Europe, Australia)	Europe	SCES-01910
Syphon Filter (France)	France	SCES-01911
Syphon Filter (Germany)	Germany	SCES-01912
Syphon Filter (Italy)	Italy	SCES-01913
Syphon Filter (Japan)	Japan	SLPS-02216
Syphon Filter (Japan)	Japan	SLPS-03138
Syphon Filter (Spain)	Spain	SCES-01914
Syphon Filter (USA)	USA	SCUS-94240
Syphon Filter (USA) (Rev 1)	USA	SCUS-94240
Syphon Filter 2 (Europe) (Disc 1) (Rev 1)	Europe	SCES-02285
Syphon Filter 2 (Europe) (Disc 2)	Europe	SCES-12285
Syphon Filter 2 (Europe) (Disc 2) (Rev 1)	Europe	SCES-12285
Syphon Filter 2 (Europe, Australia) (Disc 1)	Europe	SCES-02285
Syphon Filter 2 (France) (Disc 1)	France	SCES-02286
Syphon Filter 2 (France) (Disc 2)	France	SCES-12286
Syphon Filter 2 (Germany) (Disc 1)	Germany	SCES-02287
Syphon Filter 2 (Germany) (Disc 2)	Germany	SCES-12287
Syphon Filter 2 (Italy) (Disc 1)	Italy	SCES-02288
Syphon Filter 2 (Italy) (Disc 2)	Italy	SCES-12288
Syphon Filter 2 (USA) (Disc 1)	USA	SCUS-94451
Syphon Filter 2 (USA) (Disc 2)	USA	SCUS-94451
Syphon Filter 2 (USA) (Disc 2)	USA	SCUS-94492
Syphon Filter 2 - Conspiracion Mortal (Spain) (Disc 1)	Spain	SCES-02289
Syphon Filter 2 - Conspiracion Mortal (Spain) (Disc 2)	Spain	SCES-12289
Syphon Filter 3 (Europe, Australia)	Europe	SCES-03697
Syphon Filter 3 (France)	France	SCES-03698
Syphon Filter 3 (Germany)	Germany	SCES-03699
Syphon Filter 3 (Italy)	Italy	SCES-03700
Syphon Filter 3 (USA)	USA	SCUS-94640
T kara Hajimaru Monogatari (Japan)	Japan	SLPS-01350
T'ai Fu - Die Rache des Tigers (Germany)	Germany	SLES-01473
T'ai Fu - Wrath of the Tiger (Europe)	Europe	SLES-01460
T'ai Fu - Wrath of the Tiger (France)	France	SLES-01472
T'ai Fu - Wrath of the Tiger (Italy)	Italy	SLES-01474
T'ai Fu - Wrath of the Tiger (USA)	USA	SLUS-00787
T.R.A.G. - Mission of Mercy (USA)	USA	SLUS-00813
TFX - Tactical Fighter eXperiment (Japan)	Japan	SLPS-00510
TFX - Tactical Fighter eXperiment (Japan)	Japan	SLPS-00511
TIZ - Tokyo Insect Zoo (Japan)	Japan	SLPS-00123
TNN Motor Sports HardCore 4X4 (USA)	USA	SLUS-00089
TNN Motorsports HardCore TR (USA)	USA	SLUS-00980
TOCA 2 - Touring Car Challenge (USA) (En,Fr,Es)	USA	SLUS-00996
TOCA 2 Touring Cars (Europe) (En,Fr,De)	Europe	SLES-01542
TOCA 2 Touring Cars (Europe) (En,Fr,De) (Rev 1)	Europe	SLES-01542
TOCA 2 Touring Cars (Europe) (Es,It)	Europe	SLES-01547
TOCA Championship Racing (USA) (En,Es)	USA	SLUS-00611
TOCA Touring Car Championship (Europe) (En,Fr,De,Es,It)	Europe	SLES-00376
TOCA Touring Car Championship (Europe) (En,Fr,De,Es,It) (Rev 1)	Europe	SLES-00376
TOCA Touring Car Championship (Japan)	Japan	SLPS-01410
TOCA World Touring Cars (Europe) (En,Fr,De)	Europe	SLES-02572
TOCA World Touring Cars (Europe) (Es,It)	Europe	SLES-02573
TRL - The Rail Loaders (Japan)	Japan	SLPS-02626
TV Animation X - Unmei no Sentaku (Japan)	Japan	SLPS-03459
Tactical Armor Custom Gasaraki (Japan)	Japan	SLPS-02181
Tactics Ogre (USA)	USA	SLUS-00560
Tactics Ogre - Let Us Cling Together (Japan)	Japan	SLPS-00767
Tactics Ogre - Let Us Cling Together (Japan)	Japan	SLPS-02524
Tadaima Wakusei Kaitaku-chuu! (Japan)	Japan	SLPS-00116
Taiho Shichau zo - You're Under Arrest (Japan) (Disc 1)	Japan	SLPM-86782
Taiho Shichau zo - You're Under Arrest (Japan) (Disc 1) (Shokai Genteiban)	Japan	SLPM-86780
Taiho Shichau zo - You're Under Arrest (Japan) (Disc 2)	Japan	SLPM-86783
Taiho Shichau zo - You're Under Arrest (Japan) (Disc 2) (Shokai Genteiban)	Japan	SLPM-86781
Taiken Bandai Vol. 2 (Japan)	Japan	SLPM-80415
Taiken Bandai! Vol. 1 (Japan)	Japan	SLPM-80305
Taiketsu Rumiizu! Meruhen Land (Japan)	Japan	SLPS-00202
Taikou Risshiden II (Japan)	Japan	SLPS-00234
Taikou Risshiden II (Japan) (Rev 1)	Japan	SLPM-86789
Taikou Risshiden II (Japan) (Rev 1)	Japan	SLPS-00234
Taikou Risshiden II (Japan) (Rev 1)	Japan	SLPS-91042
Taikou Risshiden III (Japan)	Japan	SLPM-86268
Taikou Risshiden III (Japan) (Rev 1)	Japan	SLPM-86608
Taikou Risshiden III (Japan) (Rev 1)	Japan	SLPM-87275
Taikyoku Igo - Heisei Kiin (Japan)	Japan	SLPS-01131
Taikyoku Igo - Shinzui Gosennin (Japan)	Japan	SLPS-00457
Taikyoku Igo - Shinzui Gosennin - Nigou (Japan)	Japan	SLPM-86467
Taikyoku Shougi - Kiwame (Japan)	Japan	SLPS-00059
Tail Concerto (France)	France	SLES-01390
Tail Concerto (Japan)	Japan	SLPS-01299
Tail Concerto (USA)	USA	SLUS-00660
Tail of the Sun (USA)	USA	SCUS-94607
Taisen Ren'ai Simulation - Trifers Mahou Gakuen (Japan)	Japan	SLPS-02672
Taiyo no Otsuge (Japan)	Japan	SLPS-02029
Taiyou no Shippo - Wild, Pure, Simple Life (Japan)	Japan	SLPS-00330
Taiyou no Shippo - Wild, Pure, Simple Life (Japan)	Japan	SLPS-91034
Taiyou no Shippo - Wild, Pure, Simple Life (Japan)	Japan	SLPS-91411
Taklamakan - Tonkou Denki (Japan)	Japan	SLPS-00593
Tales of Destiny (Japan)	Japan	SLPS-01100
Tales of Destiny (Japan) (Preview Edition by Namco)	Japan	SLPM-80133
Tales of Destiny (Japan) (Preview Edition by Namco) (Famitsuu Version)	Japan	SLPM-80179
Tales of Destiny (Japan) (Rev 1)	Japan	SLPS-91111
Tales of Destiny (USA)	USA	SLUS-00626
Tales of Destiny II (USA) (Disc 1)	USA	SLUS-01355
Tales of Destiny II (USA) (Disc 2)	USA	SLUS-01367
Tales of Destiny II (USA) (Disc 3)	USA	SLUS-01368
Tales of Eternia (Japan) (Disc 1)	Japan	SLPS-03050
Tales of Eternia (Japan) (Disc 1)	Japan	SLPS-91247
Tales of Eternia (Japan) (Disc 1) (Premium Box)	Japan	SLPS-03045
Tales of Eternia (Japan) (Disc 2)	Japan	SLPS-03051
Tales of Eternia (Japan) (Disc 2)	Japan	SLPS-91248
Tales of Eternia (Japan) (Disc 2) (Premium Box)	Japan	SLPS-03046
Tales of Eternia (Japan) (Disc 3)	Japan	SLPS-03052
Tales of Eternia (Japan) (Disc 3)	Japan	SLPS-91249
Tales of Eternia (Japan) (Disc 3) (Premium Box)	Japan	SLPS-03047
Tales of Fandom Vol. 1 - Cless Version (Japan)	Japan	SLPS-03375
Tales of Fandom Vol. 1 - Mint Version (Japan)	Japan	SLPS-03376
Tales of Phantasia (Japan)	Japan	SLPS-01770
Tales of Phantasia (Japan)	Japan	SLPS-91210
Tall - Infinity (USA)	USA	SLUS-01547
Tall - Twins Tower (Japan)	Japan	SLPS-03021
Tall Unlimited (Japan)	Japan	SLPS-02366
Tall Unlimited (Japan) (Major Wave)	Japan	SLPM-87116
Tama - Adventurous Ball in Giddy Labyrinth (Japan)	Japan	SLPS-00003
Tamago de Puzzle (Japan)	Japan	SCPS-10044
Tamamayu Monogatari (Japan)	Japan	SLPS-01729
Tamamayu Monogatari (Japan) (PlayStation the Best)	Japan	SLPS-91154
Tamamayu Monogatari - Dennou Bijutsukan (Japan)	Japan	PAPX-90065
Tamamayu Monogatari - Dennou Bijutsukan (Japan)	Japan	SLPM-80325
Tanaka Torahiko no Ultra-ryuu Shougi - Ibisha Anaguma-hen (Japan)	Japan	SLPS-02261
Tank Racer (Europe) (En,Fr,De,Es,It)	Europe	SLES-01248
Tanoshii Mahjong (Japan)	Japan	SLPM-86172
Tantei Jinguuji Saburou - Early Collection (Japan)	Japan	SLPS-02157
Tantei Jinguuji Saburou - Early Collection (Japan) (Fukyuuban)	Japan	SLPS-03137
Tantei Jinguuji Saburou - Mikan no Report (Japan)	Japan	SLPS-00544
Tantei Jinguuji Saburou - Mikan no Report (Japan) (Fukyuuban)	Japan	SLPS-03016
Tantei Jinguuji Saburou - Tomoshibi ga Kienu Ma ni (Japan)	Japan	SLPS-02427
Tantei Jinguuji Saburou - Tomoshibi ga Kienu Ma ni (Japan) (Fukyuuban)	Japan	SLPS-03015
Tantei Jinguuji Saburou - Yume no Owari ni (Japan)	Japan	SLPS-01356
Tantei Jinguuji Saburou - Yume no Owari ni (Japan) (Fukyuuban)	Japan	SLPS-03014
Taregoro - Tarepanda no Iru Nichijou (Japan)	Japan	SLPS-02883
Tasogare no Ode (Japan)	Japan	SLPS-00532
Tasogare no Ode (Japan)	Japan	SLPS-02884
Tatsunoko Fight (Japan)	Japan	SLPS-02939
Taxi 2 (France) (En,Fr)	France	SLES-03597
Team Buddies (Europe) (En,Es,It)	Europe	SCES-02986
Team Buddies (Europe) (En,Fr,De)	Europe	SCES-01923
Team Buddies (USA)	USA	SLUS-00869
Team Losi RC Racer (USA)	USA	SLUS-00666
Tech PlayStation 97-10 (Japan)	Japan	SLPM-80140
Tech PlayStation 97-4 (Japan)	Japan	SLPM-80084
Tech PlayStation 97-5 (Japan)	Japan	SLPM-80089
Tech PlayStation 97-6 (Japan)	Japan	SLPM-80100
Tech PlayStation 97-7 (Japan)	Japan	SLPM-80108
Tech PlayStation 97-8 (Japan)	Japan	SLPM-80117
Tech PlayStation 97-9 (Japan)	Japan	SLPM-80128
Tech PlayStation Vol. 1 (Japan)	Japan	SLPM-80188
Techno BB (Japan)	Japan	SLPM-86738
TechnoMage - De Terugkeer der Eeuwigheid (Netherlands)	Netherlands	SLES-03245
TechnoMage - Die Rueckkehr der Ewigkeit (Germany)	Germany	SLES-02831
TechnoMage - El Retorno de la Eternidad (Spain)	Spain	SLES-03244
TechnoMage - En Quete de L'Eternite (France)	France	SLES-03242
TechnoMage - Return of Eternity (Europe)	Europe	SLES-03241
TechnoMage - Ritorno all'Eternita (Italy)	Italy	SLES-03243
Tecmo Stackers (USA)	USA	SLUS-00315
Tecmo Super Bowl (Japan)	Japan	SLPS-00565
Tecmo Super Bowl (USA)	USA	SLUS-00070
Tecmo World Golf - Japan (USA)	USA	SLUS-00299
Tecmo's Deception - Invitation to Darkness (USA)	USA	SLUS-00340
Teitoku no Ketsudan II (Japan)	Japan	SLPM-86178
Teitoku no Ketsudan II (Japan)	Japan	SLPM-86786
Teitoku no Ketsudan II (Japan)	Japan	SLPS-00448
Teitoku no Ketsudan III (Japan)	Japan	SLPM-86204
Teitoku no Ketsudan III (Japan)	Japan	SLPS-00788
Teitoku no Ketsudan III with Power-Up Kit (Japan)	Japan	SLPS-01216
Tekken (Europe)	Europe	SCES-00005
Tekken (Japan)	Japan	SLPS-00040
Tekken (Japan) (Rev 1)	Japan	SLPS-00040
Tekken (Japan) (Rev 1)	Japan	SLPS-91020
Tekken (USA)	USA	SLUS-00006
Tekken 2 & Fade to Black & F1 & V-CD (Europe, Australia)	Europe	SCED-00494
Tekken 2 (Europe)	Europe	SCES-00255
Tekken 2 (Japan)	Japan	SLPS-00300
Tekken 2 (Japan) (Rev 1)	Japan	SLPS-00300
Tekken 2 (Japan) (Rev 1)	Japan	SLPS-91055
Tekken 2 (USA)	USA	SLUS-00213
Tekken 2 (USA) (Rev 1)	USA	SLUS-00213
Tekken 2 + Fade to Black + V-CD (France)	France	SCED-00467
Tekken 3 (Europe, Australia)	Europe	SCES-01237
Tekken 3 (Japan) (Rev 1)	Japan	SLPS-91202
Tekken 3 (Japan, Asia)	Japan	SCPS-45213
Tekken 3 (Japan, Asia)	Japan	SCPS-45215
Tekken 3 (Japan, Asia)	Japan	SLPS-01300
Tekken 3 (USA)	USA	SLUS-00402
Tekkyuu - True Pinball (Japan)	Japan	SLPS-00365
Telefoot Manager (France)	France	SLES-02131
Tempest X3 (Europe)	Europe	SLES-00316
Tempest X3 (USA)	USA	SLUS-00283
Ten Pin Alley (Europe)	Europe	SLES-00534
Ten Pin Alley (USA)	USA	SLUS-00377
Ten made Jack - Odoroki Mamenoki Daitoubou!! (Japan)	Japan	SLPM-86368
Tenant Wars (Japan)	Japan	SLPS-01243
Tenchi Muyou! Toukou Muyou (Japan) (Disc 1)	Japan	SLPS-00451
Tenchi Muyou! Toukou Muyou (Japan) (Disc 2)	Japan	SLPS-00452
Tenchi o Kurau II - Sekiheki no Tatakai (Japan)	Japan	SLPM-87400
Tenchi o Kurau II - Sekiheki no Tatakai (Japan)	Japan	SLPS-00203
Tenchu - Stealth Assassins (Europe) (En,Fr,It)	Europe	SLES-01374
Tenchu - Stealth Assassins (USA)	USA	SLUS-00706
Tenchu - Stealth Assassins (USA) (Rev 1)	USA	SLUS-00706
Tenchu 2 - Birth of the Stealth Assassins (Europe)	Europe	SLES-02452
Tenchu 2 - Birth of the Stealth Assassins (France)	France	SLES-02462
Tenchu 2 - Birth of the Stealth Assassins (Germany)	Germany	SLES-02463
Tenchu 2 - Birth of the Stealth Assassins (Italy)	Italy	SLES-02464
Tenchu 2 - Birth of the Stealth Assassins (Spain)	Spain	SLES-02465
Tenchu 2 - Birth of the Stealth Assassins (USA)	USA	SLUS-00939
Tenga Seiha (Japan)	Japan	SLPS-00712
Tenka Touitsu (Japan)	Japan	SLPS-01678
Tenka Touitsu (Japan) (Rev 1)	Japan	SLPS-01678
Tenkuu no Escaflowne (Japan)	Japan	SLPS-01015
Tenkuu no Escaflowne (Japan) (Genteiban)	Japan	SLPS-01014
Tenkuu no Restaurant (Japan)	Japan	SLPM-86584
Tenkuu no Restaurant (Japan) (Rev 1)	Japan	SLPS-91452
Tenkuu no Restaurant - Hello! Project Ver. (Japan)	Japan	SLPM-86734
Tennis (USA)	USA	SLUS-01348
Tennis Arena (Europe) (En,Fr,De,Es,It)	Europe	SLES-00935
Tennis Arena (Japan)	Japan	SLPS-01303
Tennis Arena (USA)	USA	SLUS-00596
Tennis no Oujisama (Japan)	Japan	SLPM-87028
Tennis no Oujisama (Japan)	Japan	SLPM-87287
Tennis no Oujisama - Sweat & Tears (Japan)	Japan	SLPM-87155
Tennis no Oujisama - Sweat & Tears (Japan) (Rev 1)	Japan	SLPM-87296
Tensen Nyannyan Gekijouban (Japan)	Japan	SLPS-01278
Tenshi Doumei (Japan)	Japan	SLPS-01228
Tenshi na Konamaiki (Japan)	Japan	SLPS-03466
Tentama (Japan)	Japan	SLPS-03132
Terracon (Europe) (En,Fr,De,Es,It)	Europe	SCES-02836
Terry Pratchett's Discworld (Europe) (En,Fr,De,Es,It)	Europe	SCES-00012
Terry Pratchett's Discworld (Germany)	Germany	SLES-00193
Terry Pratchett's Discworld (USA)	USA	SCUS-94600
Test Drive 4 (Europe) (En,Fr,De,It)	Europe	SLES-00948
Test Drive 4 (Japan)	Japan	SLPS-01288
Test Drive 4 (USA)	USA	SLUS-00487
Test Drive 4x4 (Europe) (En,Fr,De)	Europe	SLES-01179
Test Drive 5 (Europe) (En,Fr,De,Es,It,Nl,Sv)	Europe	SLES-01165
Test Drive 5 (Japan)	Japan	SLPS-01964
Test Drive 5 (USA)	USA	SLUS-00610
Test Drive 6 (Europe) (En,Fr,De,Es,It)	Europe	SLES-02752
Test Drive 6 (USA)	USA	SLUS-00839
Test Drive Le Mans (USA) (En,Fr,Es)	USA	SLUS-01077
Test Drive Off-Road (Europe)	Europe	SLES-00194
Test Drive Off-Road (USA)	USA	SLUS-00396
Test Drive Off-Road 2 (Japan)	Japan	SLPS-01965
Test Drive Off-Road 2 (USA)	USA	SLUS-00609
Test Drive Off-Road 3 (USA)	USA	SLUS-00840
Tetris Magiska Utmaning (Sweden)	Sweden	SCES-02179
Tetris Plus (Europe)	Europe	SLES-00442
Tetris Plus (Japan)	Japan	SLPS-00466
Tetris Plus (Japan)	Japan	SLPS-01720
Tetris Plus (USA)	USA	SLUS-00338
Tetris Un Magico Desafio, El (Spain)	Spain	SCES-02177
Tetris X (Japan)	Japan	SLPS-00321
Tetris X (Japan)	Japan	SLPS-91036
Tetris with Cardcaptor Sakura - Eternal Heart (Japan)	Japan	SLPS-02886
Tetsudou-ou '96 - Iku ze Okuman Chouja!! (Japan)	Japan	SLPS-00164
Tetsudou-ou '96 - Iku ze Okuman Chouja!! (Japan) (Rev 1)	Japan	SLPS-00164
Tetsudou-ou 2 - Sekai Seifuku no Yabou!! (Japan)	Japan	SLPS-01012
Tetsuya Komuro - Gaball Screen (Japan)	Japan	SLPS-00675
Tetsuya Komuro - Gaball Screen (Japan)	Japan	SLPS-00676
Tettei Kaiseki - Hisshou Pachi-Slot Doujou - Yamasa & Pioneer (Japan)	Japan	SLPS-01718
That's QT (Japan)	Japan	SLPM-86340
Theme Aquarium (Japan)	Japan	SLPS-01768
Theme Hospital (Europe) (En,Fr,De,Es,It,Sv)	Europe	SLES-00627
Theme Hospital (Japan)	Japan	SLPS-01405
Theme Hospital (USA)	USA	SLUS-00275
Theme Park (Europe) (En,Fr,De,Es,Sv)	Europe	SLES-00072
Theme Park (Japan)	Japan	SLPS-00175
Theme Park (Japan) (Rev 1)	Japan	SLPS-91013
Theme Park (USA)	USA	SLUS-00017
Theme Park World (Europe) (En,Fr,De,Es,It,Nl,Sv)	Europe	SLES-02688
Theme Park World (Japan)	Japan	SLPS-02643
This Is Football (Europe)	Europe	SCES-01700
This Is Football (Europe) (Fr,Nl)	Europe	SCES-01882
This Is Football (Italy)	Italy	SCES-01703
This Is Football 2 (Belgium)	Belgium	SCES-03236
This Is Football 2 (Europe)	Europe	SCES-03070
This Is Football 2 (Italy)	Italy	SCES-03075
This Is Football 2 (Netherlands)	Netherlands	SCES-03072
This Is Soccer (Australia)	Australia	SCES-02269
Thoroughbred Breeder - Sekai Seiha-hen (Japan)	Japan	SLPS-01324
Thoroughbred Breeder - Sekai Seiha-hen (Japan) (Rev 1)	Japan	SLPS-01324
Thoroughbred Breeder II Plus (Japan)	Japan	SLPS-00053
Thoroughbred-tachi no Eikan - The Victorious Thoroughbreds (Japan)	Japan	SLPS-00177
Thousand Arms (Japan) (Disc 1)	Japan	SLPS-01780
Thousand Arms (Japan) (Disc 2)	Japan	SLPS-01781
Thousand Arms (USA) (Disc 1)	USA	SLUS-00845
Thousand Arms (USA) (Disc 2)	USA	SLUS-00858
Thrasher - SK8 (Japan)	Japan	SLPS-02589
Thrasher - Skate and Destroy (Europe) (En,Fr,De,Es,It)	Europe	SLES-02340
Thrasher - Skate and Destroy (USA)	USA	SLUS-00935
Threads of Fate (USA, Canada)	USA	SLUS-01019
Three Stooges, The (USA)	USA	SLUS-01486
Thunder Force V - Perfect System (Japan)	Japan	SLPS-01406
Thunder Force V - Perfect System (Japan)	Japan	SLPS-02211
Thunder Storm & Road Blaster (Japan) (Disc 1) (Thunder Storm)	Japan	SLPS-00094
Thunder Storm & Road Blaster (Japan) (Disc 2) (Road Blaster)	Japan	SLPS-00095
Thunder Truck Rally (USA)	USA	SCUS-94352
Thunderhawk II (Japan)	Japan	SLPS-00357
Thunderstrike 2 (USA)	USA	SLUS-00191
Tiger Woods 99 PGA Tour Golf (Europe) (En,Fr,De,Es,Sv)	Europe	SLES-01674
Tiger Woods 99 PGA Tour Golf (Japan)	Japan	SLPS-02012
Tiger Woods 99 PGA Tour Golf (USA)	USA	SLUS-00785
Tiger Woods 99 PGA Tour Golf (USA) (Rev 1)	USA	SLUS-00785
Tiger Woods 99 USA Tour Golf (Australia)	Australia	SLES-01675
Tiger Woods PGA Tour 2000 (Europe) (En,Fr,De,Es,Sv)	Europe	SLES-02551
Tiger Woods PGA Tour 2000 (USA)	USA	SLUS-01054
Tiger Woods PGA Tour Golf (Europe)	Europe	SLES-03148
Tiger Woods PGA Tour Golf (USA)	USA	SLUS-01273
Tiger Woods USA Tour 2001 (Australia)	Australia	SLES-03337
Tigershark (Europe)	Europe	SLES-00728
Tigershark (Japan)	Japan	SLPS-01017
Tigershark (USA)	USA	SLUS-00346
Tilk - Aoi Umi kara Kita Shoujo (Japan)	Japan	SLPS-00717
Tilt! (Europe) (En,Fr,De)	Europe	SLES-00152
Time Bokan - Yattaman (Italy)	Italy	SLES-03651
Time Bokan Series - Bokan GoGoGo (Japan)	Japan	SLPS-03133
Time Bokan Series - Bokan desu yo (Japan)	Japan	SLPS-01211
Time Bokan Series - Bokan to Ippatsu! Doronbow (Japan)	Japan	SLPS-00609
Time Bokan Series - Bokan to Ippatsu! Doronbow (Japan)	Japan	SLPS-91051
Time Commando (Australia)	Australia	SLES-00488
Time Commando (Europe)	Europe	SLES-00224
Time Commando (Japan)	Japan	SLPS-00556
Time Commando (USA)	USA	SLUS-00342
Time Crisis (Europe) (En,Fr,De)	Europe	SCES-00657
Time Crisis (Japan)	Japan	SLPS-00666
Time Crisis (Japan)	Japan	SLPS-91087
Time Crisis (Japan) (Time Crisis + GunCon)	Japan	SLPS-00635
Time Crisis (USA)	USA	SLUS-00405
Time Crisis - Project Titan (Europe) (En,Fr,De,Es,It)	Europe	SCES-02776
Time Crisis - Project Titan (Japan, Asia)	Japan	SCPS-45514
Time Crisis - Project Titan (Japan, Asia)	Japan	SLPS-03188
Time Crisis - Project Titan (USA)	USA	SLUS-01336
Time Gal & Ninja Hayate (Japan) (En,Ja) (Disc 1) (Time Gal)	Japan	SLPS-00383
Time Gal & Ninja Hayate (Japan) (En,Ja) (Disc 2) (Ninja Hayate)	Japan	SLPS-00384
Tintin - Destination Adventure (Europe) (En,Fr,De,Es,It,Nl,Pt)	Europe	SLES-03459
Tiny Bullets (Japan)	Japan	SCPS-10130
Tiny Tank (Europe)	Europe	SCES-01338
Tiny Tank (France)	France	SCES-02072
Tiny Tank (Germany)	Germany	SCES-02073
Tiny Tank (Italy)	Italy	SCES-02074
Tiny Tank (Spain)	Spain	SCES-02075
Tiny Tank (USA)	USA	SCUS-94427
Tiny Toon Adventures - Buster and the Beanstalk (Europe) (En,Es,Pt)	Europe	SCES-01997
Tiny Toon Adventures - Buster and the Beanstalk (Europe) (Fr,De,It)	Europe	SCES-01996
Tiny Toon Adventures - Plucky's Big Adventure (Europe) (En,Fr,De)	Europe	SLES-03547
Tiny Toon Adventures - Plucky's Big Adventure (USA)	USA	SLUS-01393
Tiny Toon Adventures - The Great Beanstalk (USA)	USA	SLUS-00638
Tiny Toon Adventures - Toonenstein - Dare to Scare! (Europe)	Europe	SLES-02923
Tiny Toon Adventures - Toonenstein - Dare to Scare! (USA)	USA	SLUS-00967
Tiny Toon Adventures - Toonenstein - Geisterstunde! (Germany)	Germany	SLES-02927
Tiny Toon Adventures - Toonenstein - Le Chateau hante (France)	France	SLES-02926
Titan Wars (Europe)	Europe	SLES-00275
ToHeart (Japan) (Disc 1)	Japan	SLPS-01919
ToHeart (Japan) (Disc 2)	Japan	SLPS-01920
ToPoLo (Japan)	Japan	SLPS-00620
Toaplan Shooting Battle 1 (Japan)	Japan	SLPS-00436
Tobaku Mokushiroku Kaiji (Japan)	Japan	SLPS-02749
Tobal 2 (Japan) (Rev 1)	Japan	SLPM-87406
Tobal 2 (Japan, Asia)	Japan	SCPS-45025
Tobal 2 (Japan, Asia)	Japan	SLPM-86033
Tobal No. 1 (Europe)	Europe	SCES-00497
Tobal No. 1 (Europe)	Europe	SLES-00497
Tobal No. 1 (Japan)	Japan	SLPM-80044
Tobal No. 1 (Japan)	Japan	SLPM-87405
Tobal No. 1 (Japan)	Japan	SLPS-00400
Tobal No. 1 (USA)	USA	SCUS-94208
Todd McFarlane's Spawn - The Ultimate (Japan)	Japan	SLPS-01651
Tokimeki Memorial - Forever with You (Japan) (Genteiban) (Rev 1)	Japan	SLPS-00064
Tokimeki Memorial - Forever with You (Japan) (PlayStation the Best)	Japan	SLPM-86053
Tokimeki Memorial - Forever with You (Japan) (Rev 1)	Japan	SLPS-00065
Tokimeki Memorial - Forever with You (Japan) (Rev 2)	Japan	SLPS-00065
Tokimeki Memorial - Forever with You (Japan) (Rev 4)	Japan	SLPS-00065
Tokimeki Memorial - Taisen Tokkaedama (Japan)	Japan	SLPM-86036
Tokimeki Memorial 2 (Japan) (Disc 1) (Limited Box)	Japan	SLPM-86350
Tokimeki Memorial 2 (Japan) (Disc 1) (Rev 1)	Japan	SLPM-86355
Tokimeki Memorial 2 (Japan) (Disc 1) (Rev 1)	Japan	SLPM-86723
Tokimeki Memorial 2 (Japan) (Disc 2) (Limited Box)	Japan	SLPM-86351
Tokimeki Memorial 2 (Japan) (Disc 2) (Rev 1)	Japan	SLPM-86356
Tokimeki Memorial 2 (Japan) (Disc 2) (Rev 1)	Japan	SLPM-86724
Tokimeki Memorial 2 (Japan) (Disc 3) (Limited Box)	Japan	SLPM-86352
Tokimeki Memorial 2 (Japan) (Disc 3) (Rev 1)	Japan	SLPM-86357
Tokimeki Memorial 2 (Japan) (Disc 3) (Rev 1)	Japan	SLPM-86725
Tokimeki Memorial 2 (Japan) (Disc 4) (Limited Box)	Japan	SLPM-86353
Tokimeki Memorial 2 (Japan) (Disc 4) (Rev 1)	Japan	SLPM-86358
Tokimeki Memorial 2 (Japan) (Disc 4) (Rev 1)	Japan	SLPM-86726
Tokimeki Memorial 2 (Japan) (Disc 5) (Limited Box)	Japan	SLPM-86354
Tokimeki Memorial 2 (Japan) (Disc 5) (Rev 1)	Japan	SLPM-86359
Tokimeki Memorial 2 (Japan) (Disc 5) (Rev 1)	Japan	SLPM-86727
Tokimeki Memorial 2 (Japan, Asia) (Disc 1)	Japan	SCPS-45451
Tokimeki Memorial 2 (Japan, Asia) (Disc 1)	Japan	SLPM-86355
Tokimeki Memorial 2 (Japan, Asia) (Disc 2)	Japan	SCPS-45452
Tokimeki Memorial 2 (Japan, Asia) (Disc 2)	Japan	SLPM-86356
Tokimeki Memorial 2 (Japan, Asia) (Disc 3)	Japan	SCPS-45453
Tokimeki Memorial 2 (Japan, Asia) (Disc 3)	Japan	SLPM-86357
Tokimeki Memorial 2 (Japan, Asia) (Disc 4)	Japan	SCPS-45454
Tokimeki Memorial 2 (Japan, Asia) (Disc 4)	Japan	SLPM-86358
Tokimeki Memorial 2 (Japan, Asia) (Disc 5)	Japan	SCPS-45455
Tokimeki Memorial 2 (Japan, Asia) (Disc 5)	Japan	SLPM-86359
Tokimeki Memorial 2 - Taisen Puzzledama (Japan)	Japan	SLPM-86753
Tokimeki Memorial 2 Emotional Voice System Append Disc (Japan) (Disc 1) (Minadzuki - Kotobuki - Sakura)	Japan	SLPM-80527
Tokimeki Memorial 2 Emotional Voice System Append Disc (Japan) (Disc 2) (Akai - Ichimonji - Yae)	Japan	SLPM-80544
Tokimeki Memorial 2 Emotional Voice System Append Disc (Japan) (Disc 3) (Shirayuki - Ijuin - Nozaki)	Japan	SLPM-80550
Tokimeki Memorial 2 Substories - Dancing Summer Vacation (Japan) (Disc 1)	Japan	SLPM-86549
Tokimeki Memorial 2 Substories - Dancing Summer Vacation (Japan) (Disc 2)	Japan	SLPM-86550
Tokimeki Memorial 2 Substories - Leaping School Festival (Japan) (Disc 1)	Japan	SLPM-86775
Tokimeki Memorial 2 Substories - Leaping School Festival (Japan) (Disc 1)	Japan	SLPM-86941
Tokimeki Memorial 2 Substories - Leaping School Festival (Japan) (Disc 2)	Japan	SLPM-86776
Tokimeki Memorial 2 Substories - Leaping School Festival (Japan) (Disc 2)	Japan	SLPM-86942
Tokimeki Memorial 2 Substories - Memories Ringing On (Japan) (Disc 1)	Japan	SLPM-86881
Tokimeki Memorial 2 Substories - Memories Ringing On (Japan) (Disc 2)	Japan	SLPM-86882
Tokimeki Memorial Drama Series Vol. 1 - Nijiiro no Seishun (Japan)	Japan	SLPM-86039
Tokimeki Memorial Drama Series Vol. 1 - Nijiiro no Seishun (Japan)	Japan	SLPM-86360
Tokimeki Memorial Drama Series Vol. 2 - Irodori no Love Song (Japan) (Disc 1)	Japan	SLPM-86070
Tokimeki Memorial Drama Series Vol. 2 - Irodori no Love Song (Japan) (Disc 1)	Japan	SLPM-86361
Tokimeki Memorial Drama Series Vol. 2 - Irodori no Love Song (Japan) (Disc 2)	Japan	SLPM-86071
Tokimeki Memorial Drama Series Vol. 2 - Irodori no Love Song (Japan) (Disc 2)	Japan	SLPM-86362
Tokimeki Memorial Drama Series Vol. 3 - Tabidachi no Uta (Japan) (Disc 1)	Japan	SLPM-86224
Tokimeki Memorial Drama Series Vol. 3 - Tabidachi no Uta (Japan) (Disc 2)	Japan	SLPM-86225
Tokimeki Memorial Selection - Fujisaki Shiori (Japan)	Japan	SLPM-86029
Tokimeki Memorial Taisen Puzzledama (Japan)	Japan	SLPM-86005
Tokimeki no Houkago - Ne Quiz Shiyo (Japan) (Rev 1)	Japan	SLPM-86347
Tokimeki no Houkago - Ne Quiz Shiyo (Japan, Asia)	Japan	SCPS-45279
Tokimeki no Houkago - Ne Quiz Shiyo (Japan, Asia)	Japan	SLPM-86094
Toko Toko Trouble - Chikyuu Itadaki! (Japan)	Japan	SLPS-03528
Tokoro-san no Daifugou (Japan)	Japan	SLPM-86824
Tokyo 23-ku Seifuku Wars (Japan)	Japan	SLPS-01259
Tokyo Dungeon (Japan)	Japan	SLPS-00174
Tokyo Game Show '98 Autumn - Sunsoft Shinsaku Title Taikenban (Japan)	Japan	SLPM-80320
Tokyo Game Show '99 Aki Special Taikenban (Japan)	Japan	PAPX-90095
Tokyo Game Show '99 Spring Special Version - Tomy Paradise Taikenban (Japan)	Japan	SLPM-80403
Tokyo Highway Battle (Europe)	Europe	SLES-00413
Tokyo Highway Battle (USA)	USA	SLUS-00229
Tokyo Majin Gakuen - Gehouchou (Japan) (Disc 1) (You)	Japan	SLPS-03333
Tokyo Majin Gakuen - Gehouchou (Japan) (Disc 1) (You) (Genteiban)	Japan	SLPS-03330
Tokyo Majin Gakuen - Gehouchou (Japan) (Disc 2) (In)	Japan	SLPS-03334
Tokyo Majin Gakuen - Gehouchou (Japan) (Disc 2) (In) (Genteiban)	Japan	SLPS-03331
Tokyo Majin Gakuen - Gehouchou (Japan) (Disc 3) (Ja)	Japan	SLPS-03335
Tokyo Majin Gakuen - Gehouchou (Japan) (Disc 3) (Ja) (Genteiban)	Japan	SLPS-03332
Tokyo Majin Gakuen - Kenpuuchou (Japan) (Disc 1) (You)	Japan	SLPS-01432
Tokyo Majin Gakuen - Kenpuuchou (Japan) (Disc 1) (You)	Japan	SLPS-02834
Tokyo Majin Gakuen - Kenpuuchou (Japan) (Disc 2) (In)	Japan	SLPS-01433
Tokyo Majin Gakuen - Kenpuuchou (Japan) (Disc 2) (In)	Japan	SLPS-02835
Tokyo Majin Gakuen - Oboro Kitan (Japan)	Japan	SLPS-02015
Tokyo Majin Gakuen - Oboro Kitan (Japan)	Japan	SLPS-02836
Tokyo Majin Gakuen Denki - Jin no Shou - Tokyo Majin Gakuen Kenpuuchou Emaki (Japan) (Bonus Disc)	Japan	SLPS-02837
Tokyo Mew Mew - Toujou Shin Mew Mew! Minna Issho ni Gohoushi Suru Nyan (Japan)	Japan	SLPM-87178
Tokyo Shadow (Japan) (Disc 1)	Japan	SLPS-00285
Tokyo Shadow (Japan) (Disc 2)	Japan	SLPS-00286
Tokyo Shadow (Japan) (Disc 3)	Japan	SLPS-00287
Tokyo Wakusei Planetokio (Japan) (Disc 1)	Japan	SLPS-02182
Tokyo Wakusei Planetokio (Japan) (Disc 2)	Japan	SLPS-02183
Tokyo Wakusei Planetokio (Japan) (Disc 3)	Japan	SLPS-02184
Tom Clancy's Rainbow Six (Europe) (En,Fr,It)	Europe	SLES-01136
Tom Clancy's Rainbow Six (Germany)	Germany	SLES-02372
Tom Clancy's Rainbow Six (USA)	USA	SLUS-00947
Tom Clancy's Rainbow Six - Lone Wolf (Europe) (En,Fr,De,Es,It)	Europe	SLES-03888
Tom Clancy's Rainbow Six - Lone Wolf (USA)	USA	SLUS-01473
Tom Clancy's Rainbow Six - Rogue Spear (Europe) (En,Fr,De)	Europe	SLES-02696
Tom Clancy's Rainbow Six - Rogue Spear (USA)	USA	SLUS-01108
Tom and Jerry in House Trap (Europe) (En,Fr,De,Es,It,Nl,Da)	Europe	SLES-03181
Tom and Jerry in House Trap (Japan)	Japan	SLPM-87034
Tom and Jerry in House Trap (USA)	USA	SLUS-01191
Tomb Raider & Blam! Machinehead (France)	France	SLED-00513
Tomb Raider (Europe)	Europe	SLES-00024
Tomb Raider (Europe) (EDC)	Europe	SLES-00024
Tomb Raider (France)	France	SLES-00485
Tomb Raider (Germany)	Germany	SLES-00486
Tomb Raider (Germany) (EDC)	Germany	SLES-00486
Tomb Raider (USA)	USA	SLUS-00152
Tomb Raider (USA) (Rev 1)	USA	SLUS-00152
Tomb Raider (USA) (Rev 2)	USA	SLUS-00152
Tomb Raider (USA) (Rev 3)	USA	SLUS-00152
Tomb Raider (USA) (Rev 4)	USA	SLUS-00152
Tomb Raider (USA) (Rev 5)	USA	SLUS-00152
Tomb Raider - Die Chronik (Germany)	Germany	SLES-03334
Tomb Raider - La Revelation Finale (France)	France	SLES-02239
Tomb Raider - Sur les Traces de Lara Croft (France)	France	SLES-03333
Tomb Raider - The Last Revelation (Europe, Australia)	Europe	SLES-02238
Tomb Raider - The Last Revelation (Italy)	Italy	SLES-02241
Tomb Raider - The Last Revelation (Spain)	Spain	SLES-02242
Tomb Raider - The Last Revelation (USA)	USA	SLUS-00885
Tomb Raider - The Last Revelation (USA) (Rev 1)	USA	SLUS-00885
Tomb Raider 2 (Japan)	Japan	SLPS-01200
Tomb Raider 2 (Japan)	Japan	SLPS-91119
Tomb Raider 2 (Japan)	Japan	SLPS-91434
Tomb Raider Chronicles (Europe)	Europe	SLES-03331
Tomb Raider Chronicles (Spain)	Spain	SLES-03336
Tomb Raider Chronicles (USA)	USA	SLUS-01311
Tomb Raider Chronicles (USA) (Rev 1)	USA	SLUS-01311
Tomb Raider Chronicles - La Leggenda di Lara Croft (Italy)	Italy	SLES-03335
Tomb Raider II - Starring Lara Croft (Europe)	Europe	SLES-00718
Tomb Raider II - Starring Lara Croft (Europe) (EDC)	Europe	SLES-00718
Tomb Raider II - Starring Lara Croft (France)	France	SLES-00719
Tomb Raider II - Starring Lara Croft (Germany)	Germany	SLES-00720
Tomb Raider II - Starring Lara Croft (Italy)	Italy	SLES-00107
Tomb Raider II - Starring Lara Croft (USA)	USA	SLUS-00437
Tomb Raider II - Starring Lara Croft (USA) (Rev 1)	USA	SLUS-00437
Tomb Raider II - Starring Lara Croft (USA) (Rev 2)	USA	SLUS-00437
Tomb Raider II - Starring Lara Croft (USA) (Rev 3)	USA	SLUS-00437
Tomb Raider III - Adventures of Lara Croft (Asia) (Disc 1) (Japanese Version)	Asia	SCPS-45385
Tomb Raider III - Adventures of Lara Croft (Asia) (Disc 2) (International Version)	Asia	SCPS-45386
Tomb Raider III - Adventures of Lara Croft (Europe)	Europe	SLES-01649
Tomb Raider III - Adventures of Lara Croft (Europe) (Rev 1)	Europe	SLES-01649
Tomb Raider III - Adventures of Lara Croft (Europe) (Rev 1) (EDC)	Europe	SLES-01649
Tomb Raider III - Adventures of Lara Croft (Germany)	Germany	SLES-01683
Tomb Raider III - Adventures of Lara Croft (Germany) (Rev 1)	Germany	SLES-01683
Tomb Raider III - Adventures of Lara Croft (Italy)	Italy	SLES-01684
Tomb Raider III - Adventures of Lara Croft (Italy) (Rev 1)	Italy	SLES-01684
Tomb Raider III - Adventures of Lara Croft (Japan) (Disc 1) (Japanese Version)	Japan	SLPM-86196
Tomb Raider III - Adventures of Lara Croft (Japan) (Disc 2) (International Version)	Japan	SLPM-86197
Tomb Raider III - Adventures of Lara Croft (Spain)	Spain	SLES-01685
Tomb Raider III - Adventures of Lara Croft (USA)	USA	SLUS-00691
Tomb Raider III - Adventures of Lara Croft (USA) (Rev 1)	USA	SLUS-00691
Tomb Raider III - Adventures of Lara Croft (USA) (Rev 2)	USA	SLUS-00691
Tomb Raider III - Les Aventures de Lara Croft (France)	France	SLES-01682
Tomb Raider IV - The Last Revelation (Germany)	Germany	SLES-02240
Tomb Raider IV - The Last Revelation (Japan)	Japan	SLPM-86896
Tomb Raider IV - The Last Revelation (Japan)	Japan	SLPS-02803
Tomb Raider Trilogy - Demo Disc (Europe)	Europe	SLED-01623
Tomb Raider V - Chronicles (Japan)	Japan	SLPM-86779
Tomb Raiders (Japan)	Japan	SLPS-00617
Tomb Raiders (Japan)	Japan	SLPS-91049
Tomb Raiders (Japan)	Japan	SLPS-91433
Tomba! (USA)	USA	SCUS-94236
Tomba! 2 - The Evil Swine Return (USA)	USA	SCUS-94454
Tomba! The Wild Adventures (Japan)	Japan	SLPS-02350
Tombi! (Europe) (En,Es,Pt,Sv,Da)	Europe	SCES-01331
Tombi! (Europe) (En,Es,Pt,Sv,Da) (Rev 1)	Europe	SCES-01331
Tombi! (Europe) (En,Fr,De,It,Nl)	Europe	SCES-01330
Tombi! 2 (Europe)	Europe	SCES-02147
Tombi! 2 (France)	France	SCES-02684
Tombi! 2 (Germany)	Germany	SCES-02685
Tombi! 2 (Italy)	Italy	SCES-02686
Tombi! 2 - Contra los Cerdiablos (Spain)	Spain	SCES-02687
Tomica Town o Tsukurou! (Japan)	Japan	SLPS-01935
Tommi Maekinen Rally (Europe) (En,Fr,De,Es,Fi)	Europe	SLES-01228
Tommi Maekinen Rally (Italy)	Italy	SLES-01235
Tomoyasu Hotei - Stolen Song (Japan) (Disc 1)	Japan	SCPS-18009
Tomoyasu Hotei - Stolen Song (Japan) (Disc 1) (VPick Included)	Japan	SCPS-18007
Tomoyasu Hotei - Stolen Song (Japan) (Disc 2)	Japan	SCPS-18010
Tomoyasu Hotei - Stolen Song (Japan) (Disc 2) (VPick Included)	Japan	SCPS-18008
Tomoyasu Hotei - Stolen Song (Japan) (Taikenban 1)	Japan	PCPX-96105
Tomoyasu Hotei - Stolen Song (Japan) (Taikenban 2)	Japan	PCPX-96112
Tonde! Tonde! Diet - Stepper Action Game (Japan)	Japan	SLPS-03347
Tondemo Crisis! (Japan)	Japan	SLPS-02113
Tonka Space Station (USA)	USA	SLUS-01007
Tony Hawk's Pro Skater (Japan)	Japan	SLPM-86429
Tony Hawk's Pro Skater (Japan)	Japan	SLPM-86943
Tony Hawk's Pro Skater (USA)	USA	SLUS-00860
Tony Hawk's Pro Skater 2 (Europe, Australia)	Europe	SLES-02908
Tony Hawk's Pro Skater 2 (France)	France	SLES-02909
Tony Hawk's Pro Skater 2 (Germany)	Germany	SLES-02910
Tony Hawk's Pro Skater 2 (Japan)	Japan	SLPM-86751
Tony Hawk's Pro Skater 2 (USA)	USA	SLUS-01066
Tony Hawk's Pro Skater 3 (Europe)	Europe	SLES-03645
Tony Hawk's Pro Skater 3 (Germany)	Germany	SLES-03647
Tony Hawk's Pro Skater 3 (USA)	USA	SLUS-01419
Tony Hawk's Pro Skater 4 (Europe)	Europe	SLES-03954
Tony Hawk's Pro Skater 4 (Germany)	Germany	SLES-03955
Tony Hawk's Pro Skater 4 (USA)	USA	SLUS-01485
Tony Hawk's Skateboarding (Europe)	Europe	SLES-02055
Tonzura-kun (Japan)	Japan	SLPS-00430
Top Gun - Fire at Will! (Europe) (En,Fr,De,Es,It)	Europe	SLES-00352
Top Gun - Fire at Will! (Japan)	Japan	SLPS-00665
Top Gun - Fire at Will! (USA)	USA	SLUS-00032
Top Shop (USA)	USA	SLUS-01333
Topolino e le Sue Avventure (Italy)	Italy	SCES-00248
Tora! Tora! Tora! (Japan)	Japan	SLPS-00855
Tora! Tora! Tora! (Japan)	Japan	SLPS-01697
Toro Channel - Zoukangou nano nya! SCEI Nenmatsu Shinsaku Soft Information Movie Disc (Japan)	Japan	PCPX-96188
Toshiba Emi Egg & Zutto Issho Demo Disc (Japan)	Japan	SLPM-80220
Toshinden 4 (Europe)	Europe	SLES-02493
Total Activision Demo (France)	France	SLED-02023
Total Drivin (Europe) (En,Fr,De,Es,It,Pt)	Europe	SLES-00307
Total Eclipse Turbo (Europe)	Europe	SLES-00046
Total Eclipse Turbo (Japan)	Japan	SLPS-00105
Total Eclipse Turbo (USA)	USA	SLUS-00021
Total NBA '96 (Europe)	Europe	SCES-00067
Total NBA '96 (Japan)	Japan	SIPS-60008
Total NBA '97 (Europe)	Europe	SCES-00623
Total NBA '97 (Japan)	Japan	SIPS-60015
Total NBA 98 (Europe)	Europe	SCES-01079
Total Play (France) (SLED-01872)	France	SLED-01872
Total Play (France) (SLED-02126)	France	SLED-02126
Touge Max - Saisoku Drift Master (Japan, Asia)	Japan	SCPS-45006
Touge Max - Saisoku Drift Master (Japan, Asia)	Japan	SLPS-00592
Touge Max - Saisoku Drift Master (Japan, Asia)	Japan	SLPS-91041
Touge Max 2 (Japan)	Japan	SLPM-87093
Touge Max 2 (Japan)	Japan	SLPS-01574
Touge Max 2 (Japan)	Japan	SLPS-91153
Touge Max G (Japan)	Japan	SLPS-02361
Touhaiden Akagi (Japan)	Japan	SLPS-00187
Touhou Chinyuuki - Halfling Hearts (Japan)	Japan	SLPS-00557
Touki Denshou - Angel Eyes (Japan)	Japan	SLPS-01168
Tour Party - Sotsugyou Ryokou ni Ikou (Japan)	Japan	SLPS-01167
Tournament Leader (Japan)	Japan	SLPS-00445
Tournament Leader (Japan)	Japan	SLPS-02004
Toushinden (Japan)	Japan	SLPS-00025
Toushinden (Japan) (Rev 1)	Japan	SLPS-00025
Toushinden - Card Quest (Japan)	Japan	SLPS-01113
Toushinden Subaru (Japan)	Japan	SLPS-02022
Tower Dream 2 (Japan)	Japan	SLPS-01789
Tower, The - Bonus Edition (Japan)	Japan	SLPS-00508
Tower, The - Bonus Edition (Japan)	Japan	SLPS-00606
Toyomaru Club Vol. 1 - CR Nanasy (Japan)	Japan	SLPS-03242
Toyota Netz Racing (Japan)	Japan	SLPM-80429
Toys (Europe) (En,Fr,De)	Europe	SLES-04127
Toys Dream (Japan)	Japan	SLPS-01704
Toys R Us - Attack of the Killer Demos! (USA)	USA	SCUS-94397
Toys R Us - Interactive CD Sampler Disc (USA)	USA	SCUS-94371
Toys R Us - Test Drive Promotion (USA)	USA	SCUS-94190
Toys R Us Demo Disc (USA)	USA	SCUS-94266
Toys R Us Summer Demo Disc (USA)	USA	SCUS-94611
Transformers - Beast Wars (Japan)	Japan	SLPS-01076
Transformers - Beast Wars (Japan)	Japan	SLPS-02208
Transformers - Beast Wars Metals (Japan)	Japan	SLPS-02468
Transformers - Beast Wars Transmetals (USA)	USA	SLUS-01160
Transport Tycoon (Europe) (En,Fr,De,Es,It)	Europe	SLES-00262
Transport Tycoon 3D - SL Kara Hajimeyou!! (Japan)	Japan	SLPS-00694
Trap Gunner (Japan)	Japan	SLPS-01494
Trap Gunner (USA)	USA	SLUS-00679
Trap Runner (Europe) (En,Fr,De)	Europe	SLES-01628
Trash It (Europe) (En,Fr,De,Es,It)	Europe	SLES-00256
Treasure Gear (Japan)	Japan	SLPS-00819
Treasures of the Deep (Europe)	Europe	SCES-00850
Treasures of the Deep (France)	France	SCES-01070
Treasures of the Deep (Germany)	Germany	SCES-01071
Treasures of the Deep (Italy)	Italy	SCES-01072
Treasures of the Deep (Spain)	Spain	SCES-01073
Treasures of the Deep (USA)	USA	SLUS-00430
Trick'n Snowboarder (Europe)	Europe	SLES-02304
Trick'n Snowboarder (USA)	USA	SLUS-00979
Trickshot (Europe)	Europe	SLES-04062
Tricky Sliders - Freestyle Snowboard (Japan)	Japan	SLPS-01860
Triple Play 2000 (USA)	USA	SLUS-00827
Triple Play 2001 (USA)	USA	SLUS-01082
Triple Play 97 (Japan)	Japan	SLPS-00682
Triple Play 97 (USA)	USA	SLUS-00237
Triple Play 98 (Japan)	Japan	SLPS-00887
Triple Play 98 (USA)	USA	SLUS-00465
Triple Play 99 (Japan)	Japan	SLPS-01621
Triple Play 99 (USA) (En,Es)	USA	SLUS-00618
Triple Play Baseball (USA)	USA	SLUS-01345
Triple Play Baseball 2000 (Europe)	Europe	SLES-01791
Tripuzz (Japan)	Japan	SLPS-00911
Tron ni Kobun (Japan)	Japan	SLPS-02108
Tron ni Kobun (Japan)	Japan	SLPS-91203
Truck Racing (Europe)	Europe	SLES-03953
Truck Rally (Europe)	Europe	SLES-04128
True Love Story (Japan)	Japan	SLPS-00586
True Love Story (Japan)	Japan	SLPS-91113
True Love Story - Remember My Heart (Japan)	Japan	SLPS-01151
True Love Story 2 (Japan) (Disc 1)	Japan	SLPS-01743
True Love Story 2 (Japan) (Disc 2)	Japan	SLPS-01744
True Love Story 2 (Japan) (Disc 3)	Japan	SLPS-01745
True Love Story Fan Disc (Japan)	Japan	SLPS-02404
True Pinball (Europe)	Europe	SLES-00052
True Pinball (USA)	USA	SLUS-00337
Trump Shiyou yo! (Japan)	Japan	SLPS-01440
Trump Shiyou yo! (Japan)	Japan	SLPS-02225
Trump Shiyou yo! (Japan) (Fukkokuban)	Japan	SLPS-02612
Tsumu (Japan)	Japan	SLPS-01746
Tsumu Light (Japan)	Japan	SLPS-02253
TsunTsun-gumi - Suuji de PuniPuni (Japan)	Japan	SLPS-01602
TsunTsun-gumi 2 - MojiMoji Pakkun (Japan)	Japan	SLPS-01694
TsunTsun-gumi 3 - Kanji Vader (Japan)	Japan	SLPS-01839
Tsuri Baka Nisshi (Japan)	Japan	SLPS-00440
Tsuridou - Keiryuu Mizuumi-hen (Japan)	Japan	SLPS-01752
Tsuridou - Umizuri-hen (Japan)	Japan	SLPS-01139
Tsuridou - Umizuri-hen (Japan) (PlayStation the Best)	Japan	SLPS-91125
Tsuukai!! Slot Shooting (Japan)	Japan	SLPS-00334
Tunguska - Legend of Faith (Europe) (En,Fr,De,Es,It)	Europe	SLES-03298
Tunnel B1 (Europe) (En,Fr,De,Es,It)	Europe	SLES-00322
Tunnel B1 (USA)	USA	SLUS-00188
Tunnel B1 + X2 - No Relief + Break Point + Cheesy (Europe)	Europe	SLED-00514
Turbo Prop Racing (USA)	USA	SCUS-94229
Turf Wind '96 - Take Yutaka Kyousouba Ikusei Game (Japan)	Japan	SLPS-00388
Turnabout (Europe)	Europe	SLES-04005
Turnabout (USA)	USA	SLUS-01499
Tweenies - Game Time (Europe)	Europe	SLES-03412
Twilight Syndrome - Kyuumei-hen (Japan)	Japan	SLPS-00405
Twilight Syndrome - Kyuumei-hen (Japan)	Japan	SLPS-01443
Twilight Syndrome - Saikai (Japan)	Japan	SLPS-02850
Twilight Syndrome - Saikai (Japan)	Japan	SLPS-91466
Twilight Syndrome - Tansaku-hen (Japan)	Japan	SLPS-00102
Twilight Syndrome - Tansaku-hen (Japan)	Japan	SLPS-01442
Twilight Syndrome - The Memorize (Japan)	Japan	SLPM-80035
Twin Goddesses (Japan)	Japan	SLPS-00018
TwinBee RPG (Japan, Asia)	Japan	SCPS-45208
TwinBee RPG (Japan, Asia)	Japan	SLPM-86077
TwinBee Taisen Puzzle-dama (Japan)	Japan	SLPS-00015
Twins Story - Kimi ni Tsutaetakute... (Japan)	Japan	SLPS-02126
Twisted Metal (Europe)	Europe	SCES-00061
Twisted Metal (Japan)	Japan	SIPS-60007
Twisted Metal (USA)	USA	SCUS-94304
Twisted Metal - Small Brawl (USA)	USA	SCUS-94642
Twisted Metal - World Tour (Europe)	Europe	SCES-00567
Twisted Metal 2 (USA)	USA	SCUS-94306
Twisted Metal 4 (USA) (Rev 1)	USA	SCUS-94560
Twisted Metal 4 (USA, Canada)	USA	SCUS-94560
Twisted Metal EX - World Tour (Japan)	Japan	SIPS-60021
Twisted Metal III (USA)	USA	SCUS-94249
Twisted Metal III (USA) (Rev 1)	USA	SCUS-94249
Twisted Metal III (USA) (Rev 1)	USA	SCUS-94367
Two Product Psygnosis Demo (Europe)	Europe	SCED-02540
Two-Ten Kaku (Japan)	Japan	SLPS-00131
Tyco R-C - Assault with a Battery (USA)	USA	SLUS-01074
U-SA (Japan)	Japan	SLPS-02693
U.P.P. (Japan)	Japan	SLPS-01480
U.S. Navy Fighters (Japan)	Japan	SLPS-00994
UEFA Challenge (Europe) (En,Fr,De,Nl)	Europe	SLES-02806
UEFA Challenge (Europe) (Fr,Es,It,Pt)	Europe	SLES-02807
UEFA Champions League - Saison 1998-99 (France)	France	SLES-01744
UEFA Champions League - Saison 1998-99 (Germany)	Germany	SLES-01745
UEFA Champions League - Season 1998-99 (Europe)	Europe	SLES-01622
UEFA Champions League - Season 1999-2000 (Europe)	Europe	SLES-02577
UEFA Champions League - Season 1999-2000 (France)	France	SLES-02578
UEFA Champions League - Season 1999-2000 (Germany)	Germany	SLES-02579
UEFA Champions League - Season 1999-2000 (Italy)	Italy	SLES-02580
UEFA Champions League - Season 1999-2000 (Spain)	Spain	SLES-02581
UEFA Champions League - Season 2000-2001 (Europe)	Europe	SLES-03262
UEFA Champions League - Season 2000-2001 (France)	France	SLES-03280
UEFA Champions League - Season 2000-2001 (Germany)	Germany	SLES-03281
UEFA Champions League - Season 2000-2001 (Italy)	Italy	SLES-03282
UEFA Champions League - Season 2000-2001 (Spain)	Spain	SLES-03283
UEFA Champions League - Stagione 1998-99 (Italy)	Italy	SLES-01746
UEFA Champions League - Temporada 1998-99 (Spain)	Spain	SLES-01747
UEFA Euro 2000 (Europe)	Europe	SLES-02704
UEFA Euro 2000 (France)	France	SLES-02705
UEFA Euro 2000 (Germany)	Germany	SLES-02706
UEFA Euro 2000 (Italy)	Italy	SLES-02707
UEFA Euro 2000 (Spain)	Spain	SLES-02708
UEFA Striker (Europe) (En,Fr,De,Es,It,Nl)	Europe	SLES-01733
UFC - Ultimate Fighting Championship (Japan)	Japan	SLPM-86722
UFO - A Day in the Life (Japan)	Japan	SLPS-02032
US Racer (Europe) (En,Fr,De,Nl)	Europe	SLES-03810
Ubik (Europe) (En,Fr,De)	Europe	SLES-00722
Uchi ni Pochi ga Yattekita in my Pocket (Japan)	Japan	SLPM-86190
Uchuu Goushouden - Bakuretsu Akindo (Japan)	Japan	SLPS-00236
Uchuu Seibutsu Flopon-kun P! (Japan)	Japan	SLPS-00032
Uchuu Senkan Yamato - Eiyuu no Kiseki (Japan)	Japan	SLPS-02952
Uchuu Senkan Yamato - Haruka naru Hoshi Iscandar (Japan)	Japan	SLPS-01900
Uchuu Senkan Yamato - Haruka naru Hoshi Iscandar (Japan) (Rev 1)	Japan	SLPS-01900
Uchuu Senkan Yamato - Haruka naru Hoshi Iscandar (Japan) (Rev 1)	Japan	SLPS-03234
Uchuu no Rendezvous - Rama (Japan) (Disc 1)	Japan	SLPS-00826
Uchuu no Rendezvous - Rama (Japan) (Disc 2)	Japan	SLPS-00827
Ugetsu Kitan (Japan)	Japan	SLPS-00391
Ugetsu Kitan (Japan)	Japan	SLPS-02384
Uki Uki Tsuri Tengoku - Gyoshin Densetsu o Oe (Japan)	Japan	SLPS-02579
Uki Uki Tsuri Tengoku - Kawa Monogatari (Japan)	Japan	SLPS-01521
Uki Uki Tsuri Tengoku - Ningyo Densetsu no Nazo (Japan)	Japan	SLPS-00983
Uki Uki Tsuri Tengoku - Ningyo Densetsu no Nazo (Japan) (Dual Shock Edition)	Japan	SLPS-01571
Ultima Underworld - The Stygian Abyss (Japan)	Japan	SLPS-00742
Ultima Underworld - The Stygian Abyss (Japan) (Rev 1)	Japan	SLPS-00742
Ultimate 8 Ball (USA)	USA	SLUS-00864
Ultimate Brain Games (Europe)	Europe	SLES-04024
Ultimate Brain Games (USA)	USA	SLUS-01577
Ultimate Fighting Championship (Europe)	Europe	SLES-02903
Ultimate Fighting Championship (USA)	USA	SLUS-01143
Ultraman - Fighting Evolution (Japan)	Japan	SLPS-01248
Ultraman - Fighting Evolution (Japan)	Japan	SLPS-91145
Ultraman Tiga & Ultraman Dyna - Arata naru Futatsu no Hikari (Japan)	Japan	SLPS-01455
Ultraman Zearth (Japan)	Japan	SLPS-00652
Um Jammer Lammy (Europe) (En,Fr,De,Es,It)	Europe	SCES-01753
Um Jammer Lammy (Japan)	Japan	SCPS-18011
Um Jammer Lammy (Japan)	Japan	SCPS-91226
Um Jammer Lammy (Japan)	Japan	SCPS-91325
Um Jammer Lammy (USA)	USA	SCUS-94448
Umapoly (Japan)	Japan	SLPM-86403
Umezawa Yukari no Taikyoku Igo - Heisei Kiin II (Japan)	Japan	SLPS-01767
Umi no Nushi-tsuri - Takarajima ni Mukatte (Japan)	Japan	SLPS-02172
Umi no Oh! Yah! (Japan)	Japan	SLPS-01623
Umihara Kawase Shun (Japan)	Japan	SLPS-00643
Umihara Kawase Shun - Second Edition (Japan)	Japan	SLPS-02549
UnGro Walker (Japan)	Japan	SLPM-87055
Undou Busoku Kaishou! Punch de Diet (Japan)	Japan	SLPS-03380
Unholy War, The (Europe) (En,Fr,De,Es,It)	Europe	SLES-01300
Unholy War, The (USA)	USA	SLUS-00676
Universal Nuts (Japan)	Japan	SLPS-01225
Universal Virtua Pachi-Slot - Hisshou Kouryakuhou (Japan)	Japan	SLPS-00046
Universal-ki Kanzen Kaiseki - Pachi-Slot Simulator (Japan)	Japan	SLPS-00101
Uno (Japan)	Japan	SLPS-01349
Unsolved, The - Hyper Science Adventure (Japan) (Disc 1)	Japan	SLPS-00846
Unsolved, The - Hyper Science Adventure (Japan) (Disc 2)	Japan	SLPS-00847
Unsolved, The - Hyper Science Adventure (Japan) (Disc 3)	Japan	SLPS-00848
Unstack (Japan)	Japan	SLPS-00302
Uprising X (USA)	USA	SLUS-00686
Uranai 2, The - Mainichi no Tarot Uranai (Japan)	Japan	SLPS-02399
Uranai 3, The - Mainichi no Houi Uranai (Japan)	Japan	SLPS-02898
Uranai 4, The - Harapeko Kuma no Kaiun Kabbalah Uranai (Japan)	Japan	SLPS-02899
Uranai 5, The - Shinpi no Rune Uranai (Japan)	Japan	SLPS-03053
Uranai 6, The - Suisei-san no Tottemo Kyuusei Senseijutsu (Japan)	Japan	SLPS-03054
Uranai, The - Ren'ai Seiza Uranai (Japan)	Japan	SLPS-02362
Urawaza Mahjong - Korette Tenwatte Yatsukai (Japan)	Japan	SLPS-02807
Urban Chaos (Europe) (En,Es,It)	Europe	SLES-02071
Urban Chaos (France)	France	SLES-02354
Urban Chaos (Germany)	Germany	SLES-02355
Urban Chaos (USA)	USA	SLUS-01091
Utauta Woo - Seirei-Songs (Japan)	Japan	SLPM-86437
Utchan Nanchan no Honoo no Challenger - Denryuu Iraira-bou Returns (Japan, Asia)	Japan	SCPS-45220
Utchan Nanchan no Honoo no Challenger - Denryuu Iraira-bou Returns (Japan, Asia)	Japan	SLPS-01317
V-Ball - Beach Volley Heroes (Europe)	Europe	SLES-00846
V-Jump Soukan 9-shuunen Kinen Special Disc!! (Japan)	Japan	SLPM-80635
V-Rally - 97 Championship Edition (Europe) (En,Fr,De)	Europe	SLES-00250
V-Rally - 97 Championship Edition (Europe) (En,Fr,De) (Rev 1)	Europe	SLES-00250
V-Rally - 97 Championship Edition (Europe) (En,Fr,De) (Rev 2)	Europe	SLES-00250
V-Rally - Championship Edition (Japan)	Japan	SLPS-01149
V-Rally - Championship Edition (Japan)	Japan	SLPS-91099
V-Rally - Championship Edition 2 (Europe) (En,Fr,De)	Europe	SLES-01907
V-Rally - Championship Edition 2 (Japan)	Japan	SLPS-02516
V-Rally - Championship Edition 2 (Japan)	Japan	SLPS-91467
V-Tennis (Europe)	Europe	SLES-00285
V-Tennis (Japan)	Japan	SLPS-00103
V-Tennis (USA)	USA	SLUS-00218
V-Tennis 2 (Japan)	Japan	SLPS-00469
V.I.P. (Europe) (En,Fr,De,Es,It)	Europe	SLES-03681
V.I.P. (USA)	USA	SLUS-01228
V2000 (Europe) (En,Fr,De,Es,It)	Europe	SLES-00545
VIP Demo (Europe, Australia)	Europe	SCES-00236
VIP Demo (Germany)	Germany	SCES-00237
VMX Racing (Europe)	Europe	SLES-00552
VMX Racing (USA)	USA	SLUS-00123
VR Baseball '97 (Europe)	Europe	SLES-00169
VR Baseball '97 (USA)	USA	SLUS-00281
VR Baseball 99 (Europe)	Europe	SLES-01325
VR Baseball 99 (USA)	USA	SLUS-00632
VR Golf '97 (USA) (En,Fr)	USA	SLUS-00198
VR Soccer '96 (USA, Canada)	USA	SLUS-00199
VR Sports Powerboat Racing (Europe) (En,Fr,De,Es,It)	Europe	SLES-00931
VR Sports Powerboat Racing (USA)	USA	SLUS-00625
Vadims (Japan)	Japan	SLPS-00352
Vagrant Story (Europe)	Europe	SLES-02754
Vagrant Story (France)	France	SLES-02755
Vagrant Story (Germany)	Germany	SLES-02756
Vagrant Story (Japan, Asia)	Japan	SCPS-45486
Vagrant Story (Japan, Asia)	Japan	SLPM-87393
Vagrant Story (Japan, Asia)	Japan	SLPS-02377
Vagrant Story (Japan, Asia)	Japan	SLPS-91457
Vagrant Story (USA)	USA	SLUS-01040
Valkyrie Profile (Japan) (Disc 1)	Japan	SLPM-86379
Valkyrie Profile (Japan) (Disc 1) (Deluxe Pack)	Japan	SLPM-86371
Valkyrie Profile (Japan) (Disc 1) (Rev 1)	Japan	SLPM-86379
Valkyrie Profile (Japan) (Disc 1) (Rev 1)	Japan	SLPM-87354
Valkyrie Profile (Japan) (Disc 1) (Rev 1)	Japan	SLPM-87372
Valkyrie Profile (Japan) (Disc 2)	Japan	SLPM-86380
Valkyrie Profile (Japan) (Disc 2) (Deluxe Pack)	Japan	SLPM-86372
Valkyrie Profile (Japan) (Disc 2) (Rev 1)	Japan	SLPM-86380
Valkyrie Profile (Japan) (Disc 2) (Rev 1)	Japan	SLPM-87355
Valkyrie Profile (Japan) (Disc 2) (Rev 1)	Japan	SLPM-87373
Valkyrie Profile (USA) (Disc 1)	USA	SLUS-01156
Valkyrie Profile (USA) (Disc 2)	USA	SLUS-01179
Value 1500 - The Rong Rong (Japan)	Japan	SLPS-02702
Value 1500 - The Shanghai (Japan)	Japan	SLPS-02703
Value 1500 - The Shikinjou (Japan)	Japan	SLPS-02704
Vampir - Kyuuketsuki Densetsu (Japan)	Japan	SLPS-01932
Vampire - The Night Warriors (Japan)	Japan	SLPS-00036
Vampire Hunter D (Europe) (En,Fr,De)	Europe	SLES-02731
Vampire Hunter D (Japan)	Japan	SLPS-02477
Vampire Hunter D (Japan) (Rev 1)	Japan	SLPS-03198
Vampire Hunter D (USA)	USA	SLUS-01138
Vampire Savior - EX Edition (Japan)	Japan	SLPS-01700
Vanark (USA)	USA	SLUS-01035
Vandal Hearts (Asia)	Asia	SCPS-45183
Vandal Hearts (Europe) (En,Fr,De)	Europe	SLES-00204
Vandal Hearts (USA)	USA	SLUS-00447
Vandal Hearts - Ushinawareta Kodai Bunmei (Japan)	Japan	SLPM-86007
Vandal Hearts - Ushinawareta Kodai Bunmei (Japan)	Japan	SLPM-86067
Vandal Hearts II (Europe) (En,Fr,De)	Europe	SLES-02469
Vandal Hearts II (Italy)	Italy	SLES-02497
Vandal Hearts II (Spain)	Spain	SLES-02496
Vandal Hearts II (USA)	USA	SLUS-00940
Vandal Hearts II - Tenjou no Mon (Japan)	Japan	SLPM-86251
Vanishing Point (Europe) (En,Fr,De,Es)	Europe	SLES-02534
Vanishing Point (Italy)	Italy	SLES-02796
Vanishing Point (USA)	USA	SLUS-01109
Vantan Dennoh Intelligence College V-Disc - Vantan Gakkou Annai CD-ROM (Japan)	Japan	SLPM-89007
Vegas Casino (Europe)	Europe	SLES-02918
Vegas Games 2000 (USA)	USA	SLUS-00836
Vehicle Cavalier (Japan)	Japan	SLPS-00232
Velldeselba Senki - Tsubasa no Kunshou (Japan)	Japan	SCPS-10027
Vem vill bli Miljonaer (Sweden)	Sweden	SLES-03483
Vermin Kids (Japan)	Japan	SLPS-00558
Verrat in der Verbotenen Stadt (Germany)	Germany	SLES-02295
Versailles - A Game of Intrigue (Europe)	Europe	SLES-01293
Versailles - Complot a la Cour du Roi Soleil (France)	France	SLES-01031
Versailles - Complotto alla Corte del Re Sole (Italy)	Italy	SLES-01294
Versailles - Verschwoerung am Hof (Germany)	Germany	SLES-01730
Versalles - Complot en la Corte del Rey Sol (Spain)	Spain	SLES-02219
Vib-Ribbon (Europe) (En,Fr,De,Es,It)	Europe	SCES-02873
Vib-Ribbon (Japan, Asia)	Japan	SCPS-18012
Vib-Ribbon (Japan, Asia)	Japan	SCPS-45469
Vib-Ribbon (Japan, Asia)	Japan	SCPS-91213
Vib-Ribbon (Japan, Asia)	Japan	SCPS-91308
Victory Boxing (Japan)	Japan	SLPS-02740
Victory Boxing 2 (Europe)	Europe	SLES-01393
Victory Boxing Challenger (Europe) (En,Fr,De,Es)	Europe	SLES-02727
Victory Boxing Champion Edition (Europe)	Europe	SLES-00180
Victory Boxing Contender (Europe)	Europe	SLES-03599
Victory Spike (Japan)	Japan	SLPS-00372
Victory Zone (Japan)	Japan	SCPS-10002
Victory Zone 2 (Japan)	Japan	SCPS-10024
Victory Zone 2 (Japan)	Japan	SCPS-10025
Video IDU Demo 06E (Europe)	Europe	SCED-02672
Video IDU Demo 1F (France)	France	SCED-01195
Video IDU Test v1.1 (Europe)	Europe	SCED-00988
Viewpoint (Europe)	Europe	SLES-00123
Viewpoint (USA)	USA	SLUS-00033
Vigilante 8 (Europe)	Europe	SLES-01212
Vigilante 8 (France)	France	SLES-01213
Vigilante 8 (Germany)	Germany	SLES-01214
Vigilante 8 (Italy)	Italy	SLES-01215
Vigilante 8 (Japan)	Japan	SLPS-01703
Vigilante 8 (Japan)	Japan	SLPS-91182
Vigilante 8 (USA)	USA	SLUS-00510
Vigilante 8 (USA) (Rev 1)	USA	SLUS-00510
Vigilante 8 - 2nd Battle (Japan)	Japan	SLPS-02615
Vigilante 8 - 2nd Offense (Europe)	Europe	SLES-02162
Vigilante 8 - 2nd Offense (USA)	USA	SLUS-00868
Vil du bli millionaer (Norway)	Norway	SLES-03484
Viper (Europe) (En,Fr,De,Es,It)	Europe	SLES-01302
Virtua Pachi-Slot - Olympia Special (Japan)	Japan	SLPS-01639
Virtua Pachi-Slot - Olympia Special (Japan)	Japan	SLPS-03025
Virtua Pachi-Slot 7 - Kita Denshi, Olympia (Japan)	Japan	SLPS-02896
Virtua Pachi-Slot EX (Japan)	Japan	SLPS-02295
Virtua Pachi-Slot V - Yamasa, Kita Denshi, Olympia (Japan)	Japan	SLPS-02235
Virtua Pachi-Slot VI (Japan)	Japan	SLPS-02557
Virtual Bowling - Ten Pin Alley no Kiseki (Japan)	Japan	SLPS-00892
Virtual Gallop - Kishudou (Japan)	Japan	SLPS-00568
Virtual Gallop - Kishudou (Japan)	Japan	SLPS-02947
Virtual Gallop - Kishudou (Japan) (Genteiban)	Japan	SLPS-00567
Virtual Golf (Europe) (En,Fr,De)	Europe	SLES-00264
Virtual Hiryuu no Ken (Japan)	Japan	SLPS-00338
Virtual Kasparov (Europe) (En,Fr,De,Es,It,Nl)	Europe	SLES-03288
Virtual Kasparov (USA) (En,Fr,Es)	USA	SLUS-01341
Virtual Kyoutei '98 (Japan)	Japan	SLPS-01396
Virtual Kyoutei '99 (Japan)	Japan	SLPS-02014
Virtual Kyoutei 2000 (Japan)	Japan	SLPS-02748
Virtual Kyoutei 21 (Japan)	Japan	SLPS-03199
Virtual Pool (Europe)	Europe	SLES-00234
Virtual Pool (USA)	USA	SLUS-00034
Virtual Pool 3 (USA)	USA	SLUS-01374
Virtual Pro Wrestling (Japan)	Japan	SLPS-00449
Virus - It Is Aware (Europe) (En,Fr,De,Es,It)	Europe	SLES-01317
Virus - The Battle Field (Japan)	Japan	SLPS-02008
Visiteurs, Les - La Relique de Sainte Rolande (France)	France	SLES-02837
Viva Football (Europe) (En,Fr,De,Es,It,Pt)	Europe	SLES-00761
Viva Football (Europe) (En,Fr,De,Es,It,Pt) (Rev 1)	Europe	SLES-00761
Viva Soccer (USA) (En,Fr,De,Es,It,Pt)	USA	SLUS-00953
Vivi la Magia di Disney su PlayStation (Italy)	Italy	SCED-03925
Voice Fantasia - Ushinawareta Voice Power (Japan)	Japan	SLPS-00747
Voice Idol Collection - Pool Bar Story (Japan) (Disc 1)	Japan	SLPS-00775
Voice Idol Collection - Pool Bar Story (Japan) (Disc 2)	Japan	SLPS-00776
Voice Paradice Excella (Japan) (Disc 1)	Japan	SLPS-00590
Voice Paradice Excella (Japan) (Disc 2)	Japan	SLPS-00591
Volfoss (Japan)	Japan	SLPS-03140
Vs. (Europe)	Europe	SLES-01104
Vs. (USA)	USA	SLUS-00513
WCW Backstage Assault (Europe)	Europe	SLES-03168
WCW Backstage Assault (USA)	USA	SLUS-01274
WCW Mayhem (Europe)	Europe	SLES-02193
WCW Mayhem (USA)	USA	SLUS-00963
WCW Nitro (Europe)	Europe	SLES-01137
WCW Nitro (USA)	USA	SLUS-00397
WCW vs. the World (Europe)	Europe	SLES-00763
WCW vs. the World (USA)	USA	SLUS-00455
WCW-nWo Thunder (Europe)	Europe	SLES-01663
WCW-nWo Thunder (USA)	USA	SLUS-00779
WM Nationalspieler (Germany)	Germany	SLES-03869
WRC - FIA World Rally Championship Arcade (Europe) (En,Fr,De,Es,It,Nl,Pt,Sv,No,Da,Fi)	Europe	SCES-03907
WTC - World Touring Car Championship (Japan)	Japan	SLPS-02852
WWF Attitude (Europe)	Europe	SLES-01980
WWF Attitude (Germany)	Germany	SLES-02255
WWF Attitude (USA)	USA	SLUS-00831
WWF In Your House (Europe)	Europe	SLES-00286
WWF In Your House (Japan)	Japan	SLPS-00695
WWF In Your House (USA)	USA	SLUS-00246
WWF In Your House (USA) (Rev 1)	USA	SLUS-00246
WWF SmackDown! (Europe)	Europe	SLES-02619
WWF SmackDown! (USA)	USA	SLUS-00927
WWF SmackDown! 2 - Know Your Role (Europe)	Europe	SLES-03251
WWF SmackDown! 2 - Know Your Role (USA)	USA	SLUS-01234
WWF War Zone (Europe)	Europe	SLES-00804
WWF War Zone (USA)	USA	SLUS-00495
WWF War Zone (USA) (Rev 1)	USA	SLUS-00495
WWF WrestleMania - The Arcade Game (Europe)	Europe	SLES-00103
WWF WrestleMania - The Arcade Game (Japan)	Japan	SLPS-00223
WWF WrestleMania - The Arcade Game (USA)	USA	SLUS-00013
Wacky Races (Europe) (En,Fr,De,Es,It,Nl)	Europe	SLES-02468
Wacky Races (Japan)	Japan	SLPM-86845
Wagamama Fairy Mirumo de Pon! Mirumo no Mahou Gakkou Monogatari (Japan)	Japan	SLPM-87220
Wai Wai 3-nin Uchi Mahjong (Japan)	Japan	SLPM-86696
Wai Wai Bowling (Japan)	Japan	SLPM-87225
Wai Wai Jansou (Japan)	Japan	SLPM-86544
Wai Wai Kart (Japan) (Major Wave)	Japan	SLPM-87230
Wai Wai Kusa Yakyuu (Japan)	Japan	SLPM-87244
Wai Wai Trump Taisen (Japan)	Japan	SLPM-86657
Waku Puyo Dungeon - Ketteiban (Japan)	Japan	SLPS-01966
Waku Waku Bowling (Japan)	Japan	SLPS-01166
Waku Waku Derby (Japan)	Japan	SLPS-01157
Waku Waku Volley (Japan)	Japan	SLPS-01695
Waku Waku Volley (Japan)	Japan	SLPS-02346
Wakusei Koukitai - Little Cats (Japan)	Japan	SLPS-01374
Walt Disney El Libro de la Selva - Muevete con Ritmo (Spain)	Spain	SCES-03029
Walt Disney Il Libro della Giungla - Il Ballo della Giungla (Italy)	Italy	SCES-03026
Walt Disney Ksiega Dzungli - Groove Party (Poland)	Poland	SCES-03028
Walt Disney Le Livre de la Jungle - Groove Party (France)	France	SCES-03024
Walt Disney World Quest - Magical Racing Tour (Europe) (En,Fr,De,Es,It,Nl,Sv,No,Da)	Europe	SLES-02733
Walt Disney World Quest - Magical Racing Tour (USA)	USA	SLUS-01106
Walt Disney's Jungle Boek - Groove Party (Netherlands)	Netherlands	SCES-03022
Walt Disney's The Jungle Book - Groove Party (Europe)	Europe	SCES-03020
Walt Disney's The Jungle Book - Rhythm n' Groove (USA)	USA	SLUS-01278
Walt Disneyn Viidakkokirja - Svengiseikkailu (Finland)	Finland	SCES-03023
Walt Disneys Das Dschungelbuch - Groove Party (Germany)	Germany	SCES-03025
Walt Disneys Djungelboken - Groove Party (Sweden)	Sweden	SCES-03030
Walt Disneys Jungelboken - Groove Party (Norway)	Norway	SCES-03027
Walt Disneys Junglebogen - Groove Party (Denmark)	Denmark	SCES-03021
Wander Vehicles - Doggy Bone Daisakusen (Japan)	Japan	SLPS-02322
Wander Vehicles - Doggy Bone Daisakusen (Japan)	Japan	SLPS-03295
Wangan Trial (Japan) (Disc 1)	Japan	SLPS-01213
Wangan Trial (Japan) (Disc 1)	Japan	SLPS-02280
Wangan Trial (Japan) (Disc 2)	Japan	SLPS-01214
Wangan Trial (Japan) (Disc 2)	Japan	SLPS-02281
Wanted (Europe)	Europe	SLES-04158
War Gods (Europe)	Europe	SLES-00538
War Gods (USA)	USA	SLUS-00328
WarCraft II - The Dark Saga (Europe) (En,Fr,De,Es,It)	Europe	SLES-00878
WarCraft II - The Dark Saga (Japan)	Japan	SLPS-01098
WarCraft II - The Dark Saga (USA) (En,Fr,De,Es,It)	USA	SLUS-00480
WarGames - Defcon 1 (Europe) (En,Fr,De)	Europe	SLES-00978
WarGames - Defcon 1 (Europe) (En,Fr,De,Es,It)	Europe	SLES-00978
WarGames - Defcon 1 (USA)	USA	SLUS-00599
Warera Mitsurin Tankentai!! (Japan)	Japan	SLPS-02658
Wares 1092 - Souheiden (Japan)	Japan	SLPS-00596
Wares 1092 - Souheiden (Japan)	Japan	SLPS-00740
Warhammer - Dark Omen (Europe) (En,Fr,De)	Europe	SLES-01159
Warhammer - Dark Omen (USA)	USA	SLUS-00550
Warhammer - Shadow of the Horned Rat (Europe) (En,Fr,De)	Europe	SLES-00028
Warhammer - Shadow of the Horned Rat (USA)	USA	SLUS-00117
Warhawk - The Red Mercury Missions (Europe)	Europe	SCES-00062
Warhawk - The Red Mercury Missions (USA)	USA	SCUS-94305
Warm Up! (Europe) (En,Fr,De,Es,It,Pt)	Europe	SLES-03247
Warpath - Jurassic Park (Europe) (En,Fr,De)	Europe	SLES-02253
Warpath - Jurassic Park (USA)	USA	SLUS-00976
Warriors of Might and Magic (Europe) (En,Es,It)	Europe	SLES-03330
Warriors of Might and Magic (Europe) (En,Fr,De)	Europe	SLES-03263
Warriors of Might and Magic (USA)	USA	SLUS-01204
Warzone 2100 (Europe) (En,Es,It)	Europe	SLES-00937
Warzone 2100 (France)	France	SLES-01742
Warzone 2100 (Germany)	Germany	SLES-01743
Warzone 2100 (USA)	USA	SLUS-00819
Water Summer (Japan)	Japan	SLPM-87086
Water Summer (Japan) (Shokai Genteiban)	Japan	SLPM-87085
Wayne Gretzky's 3D Hockey '98 (Europe) (En,Fr,De,Es)	Europe	SLES-01160
Wayne Gretzky's 3D Hockey '98 (USA)	USA	SLUS-00147
Weakest Link, The (Europe)	Europe	SLES-03551
Weakest Link, The (USA)	USA	SLUS-01413
Weakest Link, The (USA) (Rev 1)	USA	SLUS-01413
Wedding Peach - Doki Doki Oironaoshi (Japan)	Japan	SLPS-00368
Weekly the PlayStation Limited No. 1 (Japan)	Japan	SLPM-80187
Welcome House (Japan)	Japan	SLPS-00190
Welcome House 2 - Keaton and His Uncle (Japan)	Japan	SLPS-00633
Weltorv Estleia (Japan)	Japan	SLPS-01887
Wer wird Millionaer (Germany)	Germany	SLES-03341
Wer wird Millionaer - 2. Edition (Germany)	Germany	SLES-03591
Wer wird Millionaer - Dritte Edition (Germany)	Germany	SLES-03916
Wer wird Millionaer - Junior (Germany)	Germany	SLES-03594
Westlife - Fan-O-Mania (Europe)	Europe	SLES-03806
Westlife - Fan-O-Mania (Europe) (Fr,De)	Europe	SLES-03779
Wheel of Fortune (USA)	USA	SLUS-00683
Wheel of Fortune - 2nd Edition (USA)	USA	SLUS-01174
Whistle - Fuki Nukeru Kaze (Japan)	Japan	SLPM-87214
White Diamond (Japan)	Japan	SLPS-02352
Whizz (Europe)	Europe	SLES-00141
Whizz (Japan)	Japan	SLPS-00939
Who Wants to Be a Millionaire (Europe)	Europe	SLES-02988
Who Wants to Be a Millionaire - 2nd Edition (Europe)	Europe	SLES-03589
Who Wants to Be a Millionaire - 2nd Edition (USA)	USA	SCUS-94567
Who Wants to Be a Millionaire - 3rd Edition (USA)	USA	SCUS-94644
Who Wants to Be a Millionaire - Australian Edition (Australia)	Australia	SLES-03585
Who Wants to Be a Millionaire - Irish Edition (Ireland)	Ireland	SLES-03583
Who Wants to Be a Millionaire - Junior (Europe)	Europe	SLES-03592
Wild 9 (Europe) (En,Fr,De,Es,It)	Europe	SLES-01333
Wild 9 (USA)	USA	SLUS-00425
Wild Arms (Europe)	Europe	SCES-00321
Wild Arms (France)	France	SCES-01171
Wild Arms (Germany)	Germany	SCES-01172
Wild Arms (Italy)	Italy	SCES-01173
Wild Arms (Japan)	Japan	SCPS-10028
Wild Arms (Japan) (Rev 1)	Japan	SCPS-91038
Wild Arms (Japan) (Rev 1)	Japan	SCPS-91306
Wild Arms (Spain)	Spain	SCES-01174
Wild Arms (USA)	USA	SCUS-94608
Wild Arms - 2nd Ignition (Japan) (Disc 1)	Japan	SCPS-10089
Wild Arms - 2nd Ignition (Japan) (Disc 1) (Rev 1)	Japan	SCPS-91208
Wild Arms - 2nd Ignition (Japan) (Disc 1) (Rev 1)	Japan	SCPS-91321
Wild Arms - 2nd Ignition (Japan) (Disc 2)	Japan	SCPS-10090
Wild Arms - 2nd Ignition (Japan) (Disc 2) (Rev 1)	Japan	SCPS-91209
Wild Arms - 2nd Ignition (Japan) (Disc 2) (Rev 1)	Japan	SCPS-91322
Wild Arms 2 (USA) (Disc 1)	USA	SCUS-94484
Wild Arms 2 (USA) (Disc 2)	USA	SCUS-94498
Wild Boater (Japan)	Japan	SLPS-02174
Wild Rapids (Europe)	Europe	SLES-02631
Wild Thornberrys, The - Animal Adventures (USA)	USA	SLUS-01128
Wildroid 9 (Japan)	Japan	SCPS-10080
Williams Arcade's Greatest Hits (Europe)	Europe	SLES-00323
Williams Arcade's Greatest Hits (USA)	USA	SLUS-00201
Windsurfers Paradise (Europe) (En,Fr,De)	Europe	SLES-03329
Wing Commander III - Heart of the Tiger (Europe) (Disc 1)	Europe	SLES-00074
Wing Commander III - Heart of the Tiger (Europe) (Disc 2)	Europe	SLES-10074
Wing Commander III - Heart of the Tiger (Europe) (Disc 3)	Europe	SLES-20074
Wing Commander III - Heart of the Tiger (Europe) (Disc 4)	Europe	SLES-30074
Wing Commander III - Heart of the Tiger (France) (Disc 1)	France	SLES-00104
Wing Commander III - Heart of the Tiger (France) (Disc 2)	France	SLES-10104
Wing Commander III - Heart of the Tiger (France) (Disc 3)	France	SLES-20104
Wing Commander III - Heart of the Tiger (France) (Disc 4)	France	SLES-30104
Wing Commander III - Heart of the Tiger (Germany) (Disc 1)	Germany	SLES-00105
Wing Commander III - Heart of the Tiger (Germany) (Disc 2)	Germany	SLES-10105
Wing Commander III - Heart of the Tiger (Germany) (Disc 3)	Germany	SLES-20105
Wing Commander III - Heart of the Tiger (Germany) (Disc 4)	Germany	SLES-30105
Wing Commander III - Heart of the Tiger (Japan) (Disc 1)	Japan	SLPS-00477
Wing Commander III - Heart of the Tiger (Japan) (Disc 2)	Japan	SLPS-00478
Wing Commander III - Heart of the Tiger (Japan) (Disc 3)	Japan	SLPS-00479
Wing Commander III - Heart of the Tiger (Japan) (Disc 4)	Japan	SLPS-00480
Wing Commander III - Heart of the Tiger (USA) (Disc 1)	USA	SLUS-00019
Wing Commander III - Heart of the Tiger (USA) (Disc 2)	USA	SLUS-00134
Wing Commander III - Heart of the Tiger (USA) (Disc 3)	USA	SLUS-00135
Wing Commander III - Heart of the Tiger (USA) (Disc 4)	USA	SLUS-00136
Wing Commander IV - The Price of Freedom (Europe) (Disc 1)	Europe	SLES-00659
Wing Commander IV - The Price of Freedom (Europe) (Disc 2)	Europe	SLES-10659
Wing Commander IV - The Price of Freedom (Europe) (Disc 3)	Europe	SLES-20659
Wing Commander IV - The Price of Freedom (Europe) (Disc 4)	Europe	SLES-30659
Wing Commander IV - The Price of Freedom (France) (Disc 1)	France	SLES-00660
Wing Commander IV - The Price of Freedom (France) (Disc 2)	France	SLES-10660
Wing Commander IV - The Price of Freedom (France) (Disc 3)	France	SLES-20660
Wing Commander IV - The Price of Freedom (France) (Disc 4)	France	SLES-30660
Wing Commander IV - The Price of Freedom (Germany) (Disc 1)	Germany	SLES-00661
Wing Commander IV - The Price of Freedom (Germany) (Disc 2)	Germany	SLES-10661
Wing Commander IV - The Price of Freedom (Germany) (Disc 3)	Germany	SLES-20661
Wing Commander IV - The Price of Freedom (Germany) (Disc 4)	Germany	SLES-30661
Wing Commander IV - The Price of Freedom (USA) (Disc 1)	USA	SLUS-00270
Wing Commander IV - The Price of Freedom (USA) (Disc 2)	USA	SLUS-00271
Wing Commander IV - The Price of Freedom (USA) (Disc 3)	USA	SLUS-00272
Wing Commander IV - The Price of Freedom (USA) (Disc 4)	USA	SLUS-00273
Wing Over (Europe)	Europe	SLES-00540
Wing Over (Japan)	Japan	SLPS-00598
Wing Over 2 (Europe)	Europe	SLES-01375
Winky the Little Bear (Europe) (En,Fr,De)	Europe	SLES-04070
Winning Lure (Japan)	Japan	SLPM-86548
Winning Post 2 (Japan)	Japan	SLPS-00293
Winning Post 2 - Final '97 (Japan)	Japan	SLPS-01020
Winning Post 2 - Program '96 (Japan)	Japan	SLPS-00509
Winning Post 2 - Program '96 (Japan) (Rev 1)	Japan	SLPS-00509
Winning Post 2 - Program '96 (Japan) (Rev 1)	Japan	SLPS-91082
Winning Post 3 (Japan)	Japan	SLPS-01263
Winning Post 3 - Program '98 (Japan)	Japan	SLPM-86128
Winning Post 3 - Program '98 (Japan)	Japan	SLPM-86214
Winning Post 3 - Program '98 (Japan)	Japan	SLPM-86283
Winning Post 4 (Japan)	Japan	SLPM-86302
Winning Post 4 - Program 2000 (Japan)	Japan	SLPM-86445
Winning Post EX (Japan)	Japan	SLPS-00189
Winter Releases '98 (Europe)	Europe	SCED-01441
Winter Releases '98 (Europe, Australia) (Rev 1)	Europe	SCED-01441
Winter Releases (Europe, Australia) (En,Fr,De,Es,It)	Europe	SCED-02306
Winter Releases - '97 Demo 01 (Europe)	Europe	SCED-00986
Wip3out (Europe) (En,Fr,De,Es,It)	Europe	SCES-01909
Wipeout (Europe)	Europe	SCES-00010
Wipeout (Europe) (Rev 1)	Europe	SCES-00010
Wipeout (Japan)	Japan	SIPS-60003
Wipeout (USA)	USA	SCUS-94301
Wipeout 2097 (Europe)	Europe	SLES-00327
Wipeout 3 (Japan)	Japan	SCPS-10098
Wipeout 3 (USA)	USA	SLUS-00865
Wipeout 3 - Special Edition (Europe) (En,Fr,De,Es,It)	Europe	SCES-02845
Wipeout XL (Japan, Asia)	Japan	SCPS-45078
Wipeout XL (Japan, Asia)	Japan	SIPS-60010
Wipeout XL (USA)	USA	SCUS-94351
Witch of Salzburg, The (Japan)	Japan	SLPS-00872
Wizard's Harmony (Japan)	Japan	SLPS-00194
Wizard's Harmony 2 (Japan, Asia)	Japan	SCPS-45135
Wizard's Harmony 2 (Japan, Asia)	Japan	SLPS-00984
Wizard's Harmony R (Japan)	Japan	SLPS-01716
Wizardry - Dimguil (Japan)	Japan	SLPS-02691
Wizardry - Dimguil (Japan) (Rev 1)	Japan	SLPS-02691
Wizardry - Llylgamyn Saga (Japan) (En,Ja)	Japan	SLPS-01279
Wizardry - New Age of Llylgamyn (Japan) (En,Ja)	Japan	SLPS-02349
Wizardry Empire - Inishie no Oujo (Japan)	Japan	SLPM-86689
Wizardry Empire - Inishie no Oujo (Japan)	Japan	SLPM-86909
Wizardry Empire II - Oujo no Isan (Japan)	Japan	SLPM-87139
Wizardry Empire II - Oujo no Isan (Japan)	Japan	SLPM-87297
Wizardry VII - Guardia no Houju (Japan)	Japan	SCPS-10010
Wolf Fang - Kuuga 2001 (Japan)	Japan	SLPS-00254
Wolkenkratzer - Shinpan no Tou (Japan)	Japan	SLPS-00197
Wonder Trek (Japan)	Japan	SCPS-10072
Woody Woodpecker Racing (Europe) (En,Fr,De,Es,It)	Europe	SLES-02972
Woody Woodpecker Racing (USA)	USA	SLUS-01188
Woody Woodpecker no Go! Go! Racing (Japan)	Japan	SLPM-86730
World Championship Snooker (Europe) (En,Fr,De)	Europe	SLES-02196
World Cup 98 (Europe) (En,Fr,De,Es,Nl,Sv,Da)	Europe	SLES-01265
World Cup 98 (USA) (En,Fr,De,Es,Nl,Sv,Da)	USA	SLUS-00644
World Cup 98 - Coppa del Mondo (Italy)	Italy	SLES-01268
World Cup Golf - In Hyatt Dorado Beach (Japan)	Japan	SLPS-00256
World Cup Golf - Professional Edition (Europe)	Europe	SLES-00088
World Cup Golf - Professional Edition (France)	France	SLES-00138
World Cup Golf - Professional Edition (Germany)	Germany	SLES-00137
World Cup Golf - Professional Edition (USA)	USA	SLUS-00063
World Destruction League - Thunder Tanks (Europe) (En,Fr,De,Es,It)	Europe	SLES-03232
World Destruction League - Thunder Tanks (USA)	USA	SLUS-01175
World Destruction League - WarJetz (Europe) (En,Fr,De,Es,It)	Europe	SLES-03359
World Destruction League - WarJetz (USA)	USA	SLUS-01247
World Greatest Hits Series Vol. 1 - Pro Pinball - Big Race USA (Japan)	Japan	SLPM-87058
World Greatest Hits Series Vol. 2 - Pipe Dreams 3D (Japan)	Japan	SLPM-87045
World Greatest Hits Series Vol. 3 - Speedball 2100 (Japan)	Japan	SLPM-87061
World Greatest Hits Series Vol. 4 - Tom Clancy's Rainbow Six (Japan)	Japan	SLPM-87084
World Greatest Hits Series Vol. 5 - Tyco R-C - Assault with a Battery (Japan)	Japan	SLPM-87078
World League Basketball (Europe)	Europe	SLES-00626
World League Soccer '98 (Europe) (En,Es,It)	Europe	SLES-00717
World League Soccer '98 (France)	France	SLES-01166
World League Soccer '98 (Germany)	Germany	SLES-01167
World League Soccer (Japan)	Japan	SLPS-01389
World League Soccer (Japan)	Japan	SLPS-02687
World Never Island (Japan)	Japan	SLPS-02639
World Neverland - The Olerud Kingdom Stories (Japan)	Japan	SLPS-01037
World Neverland - The Olerud Kingdom Stories (Japan)	Japan	SLPS-91086
World Neverland 2 - The Waktic Republic of Pluto (Japan)	Japan	SLPS-01884
World Neverland 2 - The Waktic Republic of Pluto (Japan)	Japan	SLPS-91176
World Pro Tennis '98 (Japan)	Japan	SLPS-01379
World Soccer Jikkyou Winning Eleven 2000 - U-23 Medal e no Chousen (Japan)	Japan	SLPM-86600
World Soccer Jikkyou Winning Eleven 3 - Final Ver. (Japan)	Japan	SLPM-86162
World Soccer Jikkyou Winning Eleven 3 - Final Ver. (Japan) (Rev 1)	Japan	SLPM-86162
World Soccer Jikkyou Winning Eleven 3 - World Cup France '98 (Japan)	Japan	SLPM-86086
World Soccer Jikkyou Winning Eleven 3 - World Cup France '98 (Japan) (Rev 1)	Japan	SLPM-86086
World Soccer Jikkyou Winning Eleven 4 (Japan)	Japan	SLPM-86291
World Soccer Jikkyou Winning Eleven 4 (Japan) (Rev 1)	Japan	SLPM-86291
World Soccer Winning Eleven '97 (Japan)	Japan	SLPM-86035
World Soccer Winning Eleven '97 (Japan) (Rev 1)	Japan	SLPM-86035
World Soccer Winning Eleven (Japan)	Japan	SLPS-00272
World Soccer Winning Eleven 2002 (Japan)	Japan	SLPM-87056
World Stadium 2 (Japan)	Japan	SLPS-01335
World Stadium 3 (Japan)	Japan	SLPS-01970
World Stadium 4 (Japan)	Japan	SLPS-02660
World Stadium 5 (Japan)	Japan	SLPS-03180
World Stadium EX (Japan)	Japan	SLPS-00075
World Stadium EX (Japan) (Rev 1)	Japan	SLPS-00075
World Tennis Stars (Europe)	Europe	SLES-04039
World Tour Conductor - Sekai Yume Kikou (Japan)	Japan	SLPS-02231
World of Dragon Warrior - Torneko - The Last Hope (USA)	USA	SLUS-01181
World of Philosoma, The (Japan)	Japan	SCPM-85003
World's Scariest Police Chases (Europe)	Europe	SLES-03425
World's Scariest Police Chases (USA)	USA	SLUS-01165
Worms (Europe)	Europe	SLES-00119
Worms (Japan)	Japan	SLPS-00547
Worms (USA)	USA	SLUS-00336
Worms Armageddon (Europe)	Europe	SLES-02217
Worms Armageddon (Europe) (Fr,Nl,Sv,No,Da)	Europe	SLES-02332
Worms Armageddon (Germany)	Germany	SLES-02331
Worms Armageddon (USA)	USA	SLUS-00888
Worms Pinball (Europe) (En,Fr,De,Es,It)	Europe	SLES-00483
Worms World Party (Europe) (En,Fr,De,Es,It,Nl,Sv,Da)	Europe	SLES-03804
Worms World Party (USA) (En,Fr,De,Es,It,Nl,Sv,Da)	USA	SLUS-01448
Wreckin Crew - Drive Dangerously (Europe) (En,Fr,De,Es,It)	Europe	SLES-00489
Wreckin Crew - Drive Dangerously (USA) (En,Es)	USA	SLUS-00587
Wu-Tang - Shaolin Style (France)	France	SLES-02171
Wu-Tang - Shaolin Style (Germany)	Germany	SLES-02172
Wu-Tang - Shaolin Style (Japan)	Japan	SLPM-86944
Wu-Tang - Shaolin Style (USA)	USA	SLUS-00929
Wu-Tang - Taste the Pain (Europe)	Europe	SLES-02170
Wu-Tang - Taste the Pain (Italy)	Italy	SLES-02173
X Games Pro Boarder (Europe) (En,Fr,De,Es,It,Sv,No)	Europe	SCES-01556
X Games Pro Boarder (Europe) (En,Fr,De,Es,It,Sv,No) (Rev 1)	Europe	SCES-01556
X Games Pro Boarder (Japan)	Japan	SLPS-01944
X Games Pro Boarder (USA)	USA	SLUS-00704
X'treme Roller (Europe) (En,Fr,De,Es,It,Pt)	Europe	SLES-03433
X-Bladez - Inline Skater (Europe)	Europe	SLES-03815
X-Bladez - Inline Skater (USA)	USA	SLUS-01444
X-COM - Enemy Unknown (Europe) (En,Fr,De,Es,It)	Europe	SLES-00054
X-COM - Michinaru Shinryakusha (Japan)	Japan	SLPS-00257
X-COM - Terror from the Deep (Europe) (En,Fr,De,Es,It)	Europe	SLES-00077
X-COM - UFO Defense (USA)	USA	SLUS-00141
X-Files, The (Europe, Australia) (Disc 1)	Europe	SCES-01565
X-Files, The (Europe, Australia) (Disc 2)	Europe	SCES-11565
X-Files, The (Europe, Australia) (Disc 3)	Europe	SCES-21565
X-Files, The (Europe, Australia) (Disc 4)	Europe	SCES-31565
X-Files, The (France) (Disc 1)	France	SCES-01566
X-Files, The (France) (Disc 2)	France	SCES-11566
X-Files, The (France) (Disc 3)	France	SCES-21566
X-Files, The (France) (Disc 4)	France	SCES-31566
X-Files, The (Germany) (Disc 1)	Germany	SCES-01567
X-Files, The (Germany) (Disc 2)	Germany	SCES-11567
X-Files, The (Germany) (Disc 3)	Germany	SCES-21567
X-Files, The (Germany) (Disc 4)	Germany	SCES-31567
X-Files, The (Italy) (Disc 1)	Italy	SCES-01568
X-Files, The (Italy) (Disc 2)	Italy	SCES-11568
X-Files, The (Italy) (Disc 3)	Italy	SCES-21568
X-Files, The (Italy) (Disc 4)	Italy	SCES-31568
X-Files, The (Spain) (Disc 1)	Spain	SCES-01569
X-Files, The (Spain) (Disc 2)	Spain	SCES-11569
X-Files, The (Spain) (Disc 3)	Spain	SCES-21569
X-Files, The (Spain) (Disc 4)	Spain	SCES-31569
X-Files, The (USA) (Disc 1)	USA	SLUS-00915
X-Files, The (USA) (Disc 2)	USA	SLUS-00949
X-Files, The (USA) (Disc 3)	USA	SLUS-00950
X-Files, The (USA) (Disc 4)	USA	SLUS-00951
X-Men - Children of the Atom (Europe)	Europe	SLES-00198
X-Men - Children of the Atom (USA)	USA	SLUS-00044
X-Men - Mutant Academy (Europe)	Europe	SLES-02865
X-Men - Mutant Academy (Germany)	Germany	SLES-02866
X-Men - Mutant Academy (Japan)	Japan	SLPM-86765
X-Men - Mutant Academy (Japan)	Japan	SLPM-87081
X-Men - Mutant Academy (USA)	USA	SLUS-00774
X-Men - Mutant Academy 2 (Europe)	Europe	SLES-03630
X-Men - Mutant Academy 2 (Japan)	Japan	SLPM-87077
X-Men - Mutant Academy 2 (USA)	USA	SLUS-01382
X-Men vs. Street Fighter (Europe)	Europe	SLES-01247
X-Men vs. Street Fighter (USA)	USA	SLUS-00627
X-Men vs. Street Fighter - EX Edition (Japan)	Japan	SLPS-01284
X.Racing (Japan)	Japan	SLPS-01063
X2 - No Relief (Europe)	Europe	SLES-00455
X2 - No Relief (Japan)	Japan	SLPS-00766
XI [sai] (Asia) (En,Zh)	Asia	SCPS-45268
XI [sai] (Japan) (En,Ja)	Japan	SCPS-10051
XI [sai] (Japan) (En,Ja)	Japan	SCPS-91166
XI [sai] (Japan) (En,Ja)	Japan	SCPS-91303
XI [sai] Jumbo (Japan)	Japan	SCPS-10123
XI [sai] Jumbo (Japan)	Japan	SCPS-91231
XI [sai] Super Play Collection - XI wa Futatabi Nagerareta - Special CD-ROM (Japan)	Japan	SLPM-80350
XS Airboat Racing (Europe) (En,Fr,De,Es,It)	Europe	SLES-04101
XS Airboat Racing (USA)	USA	SLUS-01566
XS Junior League Dodgeball (USA)	USA	SLUS-01560
XS Junior League Football (USA)	USA	SLUS-01554
XS Junior League Soccer (Europe) (En,Fr,De,Es,It)	Europe	SLES-04120
XS Junior League Soccer (USA)	USA	SLUS-01520
XS Moto (Europe) (En,Fr,De,Es,It)	Europe	SLES-04095
XS Moto (USA)	USA	SLUS-01506
Xena - Warrior Princess (Europe)	Europe	SLES-02265
Xena - Warrior Princess (France)	France	SLES-02266
Xena - Warrior Princess (Germany)	Germany	SLES-02267
Xena - Warrior Princess (Spain)	Spain	SLES-02268
Xena - Warrior Princess (USA)	USA	SLUS-00977
Xenocracy - The Ultimate Solar War (Europe)	Europe	SLES-00811
Xenocracy - The Ultimate Solar War (France)	France	SLES-00812
Xenocracy - The Ultimate Solar War (Germany)	Germany	SLES-00813
Xenocracy - The Ultimate Solar War (Italy)	Italy	SLES-00814
Xenocracy - The Ultimate Solar War (Spain)	Spain	SLES-00815
Xenogears (Japan) (Disc 1)	Japan	SLPS-01160
Xenogears (Japan) (Disc 1)	Japan	SLPS-02775
Xenogears (Japan) (Disc 1)	Japan	SLPS-91436
Xenogears (Japan) (Disc 2)	Japan	SLPS-01161
Xenogears (Japan) (Disc 2)	Japan	SLPS-02776
Xenogears (USA) (Disc 1)	USA	SLUS-00664
Xenogears (USA) (Disc 2)	USA	SLUS-00669
Xevious 3D-G+ (Europe)	Europe	SCES-00736
Xevious 3D-G+ (Japan)	Japan	SLPS-00750
Xevious 3D-G+ (USA)	USA	SLUS-00461
Xing Entertainment Winter Special '98 Premium Disc (Japan)	Japan	SLPM-80329
Yagami Hiroki no Game-Taste - Munasawagi no Yokan (Japan)	Japan	SLPS-02064
Yakiniku Action Game - Yakiniku Bugyou (Japan)	Japan	SLPS-03209
Yakitori Musume - Sugoude Hanjouki (Japan)	Japan	SLPS-03435
Yaku - Yuujou Dangi (Japan)	Japan	SLPS-00152
Yaku Tsuu - Noroi no Game (Japan)	Japan	SLPS-00689
Yamagata Digital Museum (Japan) (Disc 1) (Spring)	Japan	SLPS-02393
Yamagata Digital Museum (Japan) (Disc 2) (Summer)	Japan	SLPS-02394
Yamagata Digital Museum (Japan) (Disc 3) (Autumn)	Japan	SLPS-02395
Yamagata Digital Museum (Japan) (Disc 4) (Winter)	Japan	SLPS-02396
Yamasa Digi Guide - Faust (Japan)	Japan	SLPS-03120
Yamasa Digi Guide - Hyper Rush (Japan)	Japan	SLPS-02989
Yamasa Digi Guide - M771 (Japan)	Japan	SLPS-03038
Yamasa Digi Guide - New Pulsar R (Japan)	Japan	SLPS-02980
Yamasa Digi Guide - Umekagetsu R (Japan)	Japan	SLPS-03096
Yamasa Digi Selection (Japan)	Japan	SLPS-03429
Yamasa Digi Selection (Japan) (DX)	Japan	SLPS-03428
Yamasa Digi Selection 2 (Japan)	Japan	SLPS-03484
Yamasa Digi World - Tetra Master (Japan)	Japan	SLPS-03212
Yamifuku Natsu - Teito Monogatari Futatabi (Japan)	Japan	SLPS-01878
Yaoi Jun'ichi Gokuhi Project - UFO o Oe!! (Japan)	Japan	SLPS-00054
Yarudora Series Vol. 1 - Double Cast (Japan) (Disc 1)	Japan	SCPS-10053
Yarudora Series Vol. 1 - Double Cast (Japan) (Disc 2)	Japan	SCPS-10054
Yarudora Series Vol. 2 - Kisetsu o Dakishimete (Japan) (Disc 1)	Japan	SCPS-10056
Yarudora Series Vol. 2 - Kisetsu o Dakishimete (Japan) (Disc 2)	Japan	SCPS-10057
Yarudora Series Vol. 3 - Sampaguita (Japan) (Disc 1)	Japan	SCPS-10067
Yarudora Series Vol. 3 - Sampaguita (Japan) (Disc 1)	Japan	SCPS-91242
Yarudora Series Vol. 3 - Sampaguita (Japan) (Disc 2)	Japan	SCPS-10068
Yarudora Series Vol. 3 - Sampaguita (Japan) (Disc 2)	Japan	SCPS-91243
Yarudora Series Vol. 4 - Yukiwari no Hana (Japan) (Disc 1)	Japan	SCPS-10069
Yarudora Series Vol. 4 - Yukiwari no Hana (Japan) (Disc 2)	Japan	SCPS-10070
Yeh Yeh Tennis (Europe) (En,Fr,De)	Europe	SLES-02272
Yellow Brick Road (Japan)	Japan	SLPS-00443
Yellow Monkey, The - Trancemission VJ Remix (Japan)	Japan	SLPM-86473
Yetisports Deluxe (Europe) (En,Fr,De,Es,It)	Europe	SLES-04164
Yetisports World Tour (Europe) (En,Fr,De,Es,It)	Europe	SLES-04170
YoYo's Puzzle Park (Europe)	Europe	SLES-01784
Yoi Ko to Yoi Otona no. PlayStation Taikenban Vol. 1 (Japan)	Japan	PAPX-90022
Yoi Ko to Yoi Otona no. PlayStation Taikenban Vol. 2 (Japan)	Japan	PAPX-90023
Yoshimoto Mahjong Club Deluxe (Japan)	Japan	SLPS-01758
Yoshimoto Muchicco Dai-kessen - Minami no Umi no Gorongo-tou (Japan)	Japan	SLPS-02308
Yoshimura Shougi (Japan)	Japan	SLPM-86076
You Don't Know Jack (Germany)	Germany	SLES-03499
You Don't Know Jack (USA) (Disc 1)	USA	SLUS-00716
You Don't Know Jack (USA) (Disc 2)	USA	SLUS-00762
You Don't Know Jack - Mock 2 (USA)	USA	SLUS-01194
Youchien Gaiden - Karei naru Casino Club - Double Draw (Japan)	Japan	SLPS-03098
Youkai Hana Asobi (Japan)	Japan	SLPM-86857
Yu-Gi-Oh! Forbidden Memories (Europe)	Europe	SLES-03947
Yu-Gi-Oh! Forbidden Memories (France)	France	SLES-03948
Yu-Gi-Oh! Forbidden Memories (Germany)	Germany	SLES-03949
Yu-Gi-Oh! Forbidden Memories (Italy)	Italy	SLES-03950
Yu-Gi-Oh! Forbidden Memories (Spain)	Spain	SLES-03951
Yu-Gi-Oh! Forbidden Memories (USA)	USA	SLUS-01411
Yu-Gi-Oh! Monster Capsule Breed & Battle (Japan)	Japan	SLPM-86096
Yu-Gi-Oh! Monster Capsule Breed & Battle (Japan)	Japan	SLPM-86221
Yu-Gi-Oh! Shin Duel Monsters - Fuuin Sareshi Kioku (Japan)	Japan	SLPM-86398
Yu-Gi-Oh! Shin Duel Monsters - Fuuin Sareshi Kioku (Japan)	Japan	SLPM-86573
Yu-Gi-Oh! Shin Duel Monsters - Fuuin Sareshi Kioku (Japan)	Japan	SLPM-87066
Yu-Gi-Oh! Shin Duel Monsters - Fuuin Sareshi Kioku (Japan) (Genteiban)	Japan	SLPM-86396
Yukinko Burning (Japan)	Japan	SLPM-87013
Yume Iroiro (Japan)	Japan	SLPS-01401
Yume no Tsubasa (Japan)	Japan	SLPS-02954
Yusha - Heaven's Gate (Europe)	Europe	SLES-00713
Yutona Eiyuu Senki - TearRingSaga (Japan)	Japan	SLPS-03177
Yuugen Gaisha Chikyuu Boueitai (Japan)	Japan	SLPS-02722
Yuukyuu Gensoukyoku (Japan)	Japan	SLPS-00956
Yuukyuu Gensoukyoku (Japan)	Japan	SLPS-02325
Yuukyuu Gensoukyoku (Japan) (Genteiban)	Japan	SLPS-00955
Yuukyuu Gensoukyoku (Japan) (Tentou Jitsuenban)	Japan	SLPM-80129
Yuukyuu Gensoukyoku 2nd Album (Japan)	Japan	SLPS-01258
Yuukyuu Gensoukyoku 2nd Album (Japan)	Japan	SLPS-02326
Yuukyuu Gensoukyoku 3 - Perpetual Blue (Japan)	Japan	SLPS-02517
Yuukyuu Gensoukyoku 3 - Perpetual Blue - Visual Collection (Japan)	Japan	SLPS-02329
Yuukyuu Gensoukyoku Ensemble (Japan)	Japan	SLPS-01742
Yuukyuu Gensoukyoku Ensemble (Japan)	Japan	SLPS-02327
Yuukyuu Gensoukyoku Ensemble 2 (Japan)	Japan	SLPS-01875
Yuukyuu Gensoukyoku Ensemble 2 (Japan)	Japan	SLPS-02328
Yuukyuu Kumikyoku - All Star Project (Japan)	Japan	SLPS-02911
Yuukyuu no Eden - The Eternal Eden (Japan)	Japan	SLPS-01928
Yuukyuu no Eden - The Eternal Eden (Japan) (Rev 1)	Japan	SLPS-02987
Yuusha-ou GaoGaiGar - Blockaded Numbers (Japan)	Japan	SLPS-01980
Yuuwaku Office Ren'aika (Japan)	Japan	SLPS-01460
Yuuwaku Office Ren'aika (Japan)	Japan	SLPS-02209
Yuuyami Doori Tankentai (Japan)	Japan	SLPS-02274
Z (Europe)	Europe	SCES-00600
Z (France)	France	SCES-00601
Z (Germany)	Germany	SCES-00602
Z (Italy)	Italy	SCES-00603
Z (Spain)	Spain	SCES-00604
ZXE-D - Legend of Plasmatlite (Japan)	Japan	SLPS-00424
Zanac x Zanac (Japan)	Japan	SLPS-03354
Zap! Snowboarding Trix '98 (Japan)	Japan	SLPS-00909
Zap! Snowboarding Trix (Japan) (Fukyuuban 1500)	Japan	SLPS-03034
Zeiramzone (Japan)	Japan	SLPS-00575
Zeitgeist (Japan)	Japan	SLPS-00034
Zen Nihon GT Senshuken Kai (Japan)	Japan	SLPS-00219
Zen Nihon GT Senshuken Max Rev. (Japan) (Disc 1)	Japan	SLPS-00715
Zen Nihon GT Senshuken Max Rev. (Japan) (Disc 2)	Japan	SLPS-00716
Zen Nihon Joshi Pro Wrestling - Joou Densetsu - Yume no Taikousen (Japan)	Japan	SLPS-01475
Zen Nihon Pro Wres - Ouja no Tamashii (Japan)	Japan	SLPS-01849
Zen Nihon Pro Wres - Ouja no Tamashii (Japan) (Spike Library)	Japan	SLPS-02934
Zen Nihon Pro Wres - Ouja no Tamashii (Japan) (Spike Library)	Japan	SLPS-91428
Zen Super Robot Taisen Denshi Daihyakka (Japan) (Disc 1)	Japan	SLPS-01657
Zen Super Robot Taisen Denshi Daihyakka (Japan) (Disc 2)	Japan	SLPS-01658
Zera-chan Puzzle - Pitatto Pair (Japan)	Japan	SLPS-03167
Zero Divide (Europe)	Europe	SLES-00159
Zero Divide (Japan)	Japan	SLPS-00083
Zero Divide (USA)	USA	SLUS-00183
Zero Divide 2 - The Secret Wish (Europe)	Europe	SCES-01094
Zero Divide 2 - The Secret Wish (France)	France	SCES-01287
Zero Divide 2 - The Secret Wish (Germany)	Germany	SCES-01288
Zero Divide 2 - The Secret Wish (Italy)	Italy	SCES-01289
Zero Divide 2 - The Secret Wish (Japan, Asia)	Japan	SCPS-45079
Zero Divide 2 - The Secret Wish (Japan, Asia)	Japan	SLPS-00891
Zero Divide 2 - The Secret Wish (Spain)	Spain	SCES-01290
Zero Pilot - Gin'yoku no Senshi (Japan)	Japan	SCPS-10049
Zero Pilot - Gin'yoku no Senshi (Japan) (Rev 1)	Japan	SCPS-91127
Zero4 Champ DooZy-J (Japan)	Japan	SLPS-00755
Zeus - Carnage Heart Second (Japan)	Japan	SLPS-01666
Zeus II - Carnage Heart (Japan)	Japan	SLPS-02318
ZigZagBall (Japan)	Japan	SLPS-01483
Zill O'll (Japan)	Japan	SLPM-86311
Zill O'll (Japan) (Rev 1)	Japan	SLPM-86703
Zipangu-jima - Unmei wa Saikoro ga Kimeru! (Japan)	Japan	SLPS-02260
Zipangu-jima - Unmei wa Saikoro ga Kimeru! (Japan) (Major Wave)	Japan	SLPM-86643
Zoboomafoo - Leapin' Lemurs! (USA)	USA	SLUS-01401
Zoids - Battle Card Game - Seihou Tairiku Senki (Japan)	Japan	SLPS-03255
Zoids - Teikoku vs. Kyouwakoku - Meka Seitai no Idenshi (Japan)	Japan	SLPS-02982
Zoids 2 - Heric Kyouwakoku vs. Guylos Teikoku (Japan)	Japan	SLPS-03389
Zoku Gussun Oyoyo (Japan)	Japan	SLPS-00488
Zoku Hatsukoi Monogatari - Shuugaku Ryokou (Japan) (Disc 1)	Japan	SLPS-01326
Zoku Hatsukoi Monogatari - Shuugaku Ryokou (Japan) (Disc 2)	Japan	SLPS-01327
Zoku Hatsukoi Monogatari - Shuugaku Ryokou (Japan) (Disc 3)	Japan	SLPS-01328
Zoku Hatsukoi Monogatari - Shuugaku Ryokou (Japan) (Disc 4)	Japan	SLPS-01329
Zoku Mikagura Shoujo Tanteidan - Kanketsu-hen (Japan) (Disc 1)	Japan	SLPS-02266
Zoku Mikagura Shoujo Tanteidan - Kanketsu-hen (Japan) (Disc 2)	Japan	SLPS-02267
Zoku Mikagura Shoujo Tanteidan - Kanketsu-hen (Japan) (Disc 3)	Japan	SLPS-02268
Zoku Mikagura Shoujo Tanteidan - Kanketsu-hen (Japan) (Disc 4)	Japan	SLPS-02269
Zoop (Japan)	Japan	SLPS-00534
Zoop - America's Largest Killer of Time! (USA)	USA	SLUS-00078
Zork I - The Great Underground Empire (Japan)	Japan	SLPS-00271
Zutto Issho - With Me Everytime... (Japan)	Japan	SLPS-01238
Zutto Issho - With Me Everytime... (Japan) (Major Wave)	Japan	SLPM-86523
e-Jump (Japan) (Disc 1)	Japan	PCPX-96178
e-Jump (Japan) (Disc 2)	Japan	PCPX-96179
i-mode mo Issho - Doko Demo Issho Tsuika Disc (Japan)	Japan	SCPS-10141
i-mode mo Issho - Doko Demo Issho Tsuika Disc (Japan)	Japan	SCPS-10143
i-mode mo Issho - Doko Demo Issho Tsuika Disc (Japan)	Japan	SCPS-10144
iS - Internal Section (Japan)	Japan	SLPS-01868
m [emu] - Kimi o Tsutaete (Japan)	Japan	SLPS-00393
m [emu] - Kimi o Tsutaete (Japan)	Japan	SLPS-02265
radicalgames@psygnosis (Europe)	Europe	SLED-00966
radicalgames@psygnosis v.2 (Europe)	Europe	SLED-00990
radicalgames@psygnosis v.3 (Europe) (En,Fr,De,Es,It,Fi)	Europe	SLED-01511
